claim_id,path,baseline_sha256,baseline_line,baseline_snapshot,match_state
C04,Reference/Geostrategy_Defense_Industry_Aerospace_and_Artificial_Interlligence_Ecosystem_Report.qmd,4a0eeb29012769c22a70961ed074f445fdbcd34ebf69740eb2ac8c22042176eb,33,reports/2026-10-07/semantic_evidence_review/originals/4a0eeb29012769c22a70961ed074f445fdbcd34ebf69740eb2ac8c22042176eb.qmd,KEYWORD_LOCATOR_NOT_INDIVIDUAL_CLAIM_VERIFICATION
C05,Reference/Geostrategy_Defense_Industry_Aerospace_and_Artificial_Interlligence_Ecosystem_Report.qmd,4a0eeb29012769c22a70961ed074f445fdbcd34ebf69740eb2ac8c22042176eb,35,reports/2026-10-07/semantic_evidence_review/originals/4a0eeb29012769c22a70961ed074f445fdbcd34ebf69740eb2ac8c22042176eb.qmd,KEYWORD_LOCATOR_NOT_INDIVIDUAL_CLAIM_VERIFICATION
C02,Reference/Geostrategy_Defense_Industry_Aerospace_and_Artificial_Interlligence_Ecosystem_Report.qmd,4a0eeb29012769c22a70961ed074f445fdbcd34ebf69740eb2ac8c22042176eb,73,reports/2026-10-07/semantic_evidence_review/originals/4a0eeb29012769c22a70961ed074f445fdbcd34ebf69740eb2ac8c22042176eb.qmd,KEYWORD_LOCATOR_NOT_INDIVIDUAL_CLAIM_VERIFICATION
C03,Reference/Geostrategy_Defense_Industry_Aerospace_and_Artificial_Interlligence_Ecosystem_Report.qmd,4a0eeb29012769c22a70961ed074f445fdbcd34ebf69740eb2ac8c22042176eb,75,reports/2026-10-07/semantic_evidence_review/originals/4a0eeb29012769c22a70961ed074f445fdbcd34ebf69740eb2ac8c22042176eb.qmd,KEYWORD_LOCATOR_NOT_INDIVIDUAL_CLAIM_VERIFICATION
C02,Reference/Geostrategy_Defense_Industry_Aerospace_and_Artificial_Interlligence_Ecosystem_Report.qmd,4a0eeb29012769c22a70961ed074f445fdbcd34ebf69740eb2ac8c22042176eb,94,reports/2026-10-07/semantic_evidence_review/originals/4a0eeb29012769c22a70961ed074f445fdbcd34ebf69740eb2ac8c22042176eb.qmd,KEYWORD_LOCATOR_NOT_INDIVIDUAL_CLAIM_VERIFICATION
C03,Reference/Geostrategy_Defense_Industry_Aerospace_and_Artificial_Interlligence_Ecosystem_Report.qmd,4a0eeb29012769c22a70961ed074f445fdbcd34ebf69740eb2ac8c22042176eb,95,reports/2026-10-07/semantic_evidence_review/originals/4a0eeb29012769c22a70961ed074f445fdbcd34ebf69740eb2ac8c22042176eb.qmd,KEYWORD_LOCATOR_NOT_INDIVIDUAL_CLAIM_VERIFICATION
C02,Reference/Geostrategy_Defense_Industry_Aerospace_and_Artificial_Interlligence_Ecosystem_Report.qmd,4a0eeb29012769c22a70961ed074f445fdbcd34ebf69740eb2ac8c22042176eb,152,reports/2026-10-07/semantic_evidence_review/originals/4a0eeb29012769c22a70961ed074f445fdbcd34ebf69740eb2ac8c22042176eb.qmd,KEYWORD_LOCATOR_NOT_INDIVIDUAL_CLAIM_VERIFICATION
C02,Reference/Geostrategy_Defense_Industry_Aerospace_and_Artificial_Interlligence_Ecosystem_Report.qmd,4a0eeb29012769c22a70961ed074f445fdbcd34ebf69740eb2ac8c22042176eb,156,reports/2026-10-07/semantic_evidence_review/originals/4a0eeb29012769c22a70961ed074f445fdbcd34ebf69740eb2ac8c22042176eb.qmd,KEYWORD_LOCATOR_NOT_INDIVIDUAL_CLAIM_VERIFICATION
C02,Reference/Geostrategy_Defense_Industry_Aerospace_and_Artificial_Interlligence_Ecosystem_Report.qmd,4a0eeb29012769c22a70961ed074f445fdbcd34ebf69740eb2ac8c22042176eb,158,reports/2026-10-07/semantic_evidence_review/originals/4a0eeb29012769c22a70961ed074f445fdbcd34ebf69740eb2ac8c22042176eb.qmd,KEYWORD_LOCATOR_NOT_INDIVIDUAL_CLAIM_VERIFICATION
C02,Reference/Geostrategy_Defense_Industry_Aerospace_and_Artificial_Interlligence_Ecosystem_Report.qmd,4a0eeb29012769c22a70961ed074f445fdbcd34ebf69740eb2ac8c22042176eb,159,reports/2026-10-07/semantic_evidence_review/originals/4a0eeb29012769c22a70961ed074f445fdbcd34ebf69740eb2ac8c22042176eb.qmd,KEYWORD_LOCATOR_NOT_INDIVIDUAL_CLAIM_VERIFICATION
C04,Reference/Geostrategy_Defense_Industry_Aerospace_and_Artificial_Interlligence_Ecosystem_Report.qmd,4a0eeb29012769c22a70961ed074f445fdbcd34ebf69740eb2ac8c22042176eb,261,reports/2026-10-07/semantic_evidence_review/originals/4a0eeb29012769c22a70961ed074f445fdbcd34ebf69740eb2ac8c22042176eb.qmd,KEYWORD_LOCATOR_NOT_INDIVIDUAL_CLAIM_VERIFICATION
C03,Reference/Geostrategy_Defense_Industry_Aerospace_and_Artificial_Interlligence_Ecosystem_Report.qmd,4a0eeb29012769c22a70961ed074f445fdbcd34ebf69740eb2ac8c22042176eb,284,reports/2026-10-07/semantic_evidence_review/originals/4a0eeb29012769c22a70961ed074f445fdbcd34ebf69740eb2ac8c22042176eb.qmd,KEYWORD_LOCATOR_NOT_INDIVIDUAL_CLAIM_VERIFICATION
C04,Reference/Geostrategy_Defense_Industry_Aerospace_and_Artificial_Interlligence_Ecosystem_Report.qmd,4a0eeb29012769c22a70961ed074f445fdbcd34ebf69740eb2ac8c22042176eb,426,reports/2026-10-07/semantic_evidence_review/originals/4a0eeb29012769c22a70961ed074f445fdbcd34ebf69740eb2ac8c22042176eb.qmd,KEYWORD_LOCATOR_NOT_INDIVIDUAL_CLAIM_VERIFICATION
C04,Reference/Geostrategy_Defense_Industry_Aerospace_and_Artificial_Interlligence_Ecosystem_Report.qmd,4a0eeb29012769c22a70961ed074f445fdbcd34ebf69740eb2ac8c22042176eb,472,reports/2026-10-07/semantic_evidence_review/originals/4a0eeb29012769c22a70961ed074f445fdbcd34ebf69740eb2ac8c22042176eb.qmd,KEYWORD_LOCATOR_NOT_INDIVIDUAL_CLAIM_VERIFICATION
C02,Reference/Geostrategy_Defense_Industry_Aerospace_and_Artificial_Interlligence_Ecosystem_Report.qmd,4a0eeb29012769c22a70961ed074f445fdbcd34ebf69740eb2ac8c22042176eb,539,reports/2026-10-07/semantic_evidence_review/originals/4a0eeb29012769c22a70961ed074f445fdbcd34ebf69740eb2ac8c22042176eb.qmd,KEYWORD_LOCATOR_NOT_INDIVIDUAL_CLAIM_VERIFICATION
C03,Reference/Geostrategy_Defense_Industry_Aerospace_and_Artificial_Interlligence_Ecosystem_Report.qmd,4a0eeb29012769c22a70961ed074f445fdbcd34ebf69740eb2ac8c22042176eb,541,reports/2026-10-07/semantic_evidence_review/originals/4a0eeb29012769c22a70961ed074f445fdbcd34ebf69740eb2ac8c22042176eb.qmd,KEYWORD_LOCATOR_NOT_INDIVIDUAL_CLAIM_VERIFICATION
C03,Reference/Geostrategy_Defense_Industry_Aerospace_and_Artificial_Interlligence_Ecosystem_Report.qmd,4a0eeb29012769c22a70961ed074f445fdbcd34ebf69740eb2ac8c22042176eb,599,reports/2026-10-07/semantic_evidence_review/originals/4a0eeb29012769c22a70961ed074f445fdbcd34ebf69740eb2ac8c22042176eb.qmd,KEYWORD_LOCATOR_NOT_INDIVIDUAL_CLAIM_VERIFICATION
C05,Reference/Geostrategy_Defense_Industry_Aerospace_and_Artificial_Interlligence_Ecosystem_Report.qmd,4a0eeb29012769c22a70961ed074f445fdbcd34ebf69740eb2ac8c22042176eb,638,reports/2026-10-07/semantic_evidence_review/originals/4a0eeb29012769c22a70961ed074f445fdbcd34ebf69740eb2ac8c22042176eb.qmd,KEYWORD_LOCATOR_NOT_INDIVIDUAL_CLAIM_VERIFICATION
C04,Reference/Geostrategy_Defense_Industry_Aerospace_and_Artificial_Interlligence_Ecosystem_Report.qmd,4a0eeb29012769c22a70961ed074f445fdbcd34ebf69740eb2ac8c22042176eb,639,reports/2026-10-07/semantic_evidence_review/originals/4a0eeb29012769c22a70961ed074f445fdbcd34ebf69740eb2ac8c22042176eb.qmd,KEYWORD_LOCATOR_NOT_INDIVIDUAL_CLAIM_VERIFICATION
C03,Reference/Geostrategy_Defense_Industry_Aerospace_and_Artificial_Interlligence_Ecosystem_Report.qmd,4a0eeb29012769c22a70961ed074f445fdbcd34ebf69740eb2ac8c22042176eb,641,reports/2026-10-07/semantic_evidence_review/originals/4a0eeb29012769c22a70961ed074f445fdbcd34ebf69740eb2ac8c22042176eb.qmd,KEYWORD_LOCATOR_NOT_INDIVIDUAL_CLAIM_VERIFICATION
C01,Reference/Geostrategy_Defense_Industry_Aerospace_and_Artificial_Interlligence_Ecosystem_Report.qmd,4a0eeb29012769c22a70961ed074f445fdbcd34ebf69740eb2ac8c22042176eb,663,reports/2026-10-07/semantic_evidence_review/originals/4a0eeb29012769c22a70961ed074f445fdbcd34ebf69740eb2ac8c22042176eb.qmd,KEYWORD_LOCATOR_NOT_INDIVIDUAL_CLAIM_VERIFICATION
C01,Reference/Geostrategy_Defense_Industry_Aerospace_and_Artificial_Interlligence_Ecosystem_Report.qmd,4a0eeb29012769c22a70961ed074f445fdbcd34ebf69740eb2ac8c22042176eb,665,reports/2026-10-07/semantic_evidence_review/originals/4a0eeb29012769c22a70961ed074f445fdbcd34ebf69740eb2ac8c22042176eb.qmd,KEYWORD_LOCATOR_NOT_INDIVIDUAL_CLAIM_VERIFICATION
C01,Reference/Geostrategy_Defense_Industry_Aerospace_and_Artificial_Interlligence_Ecosystem_Report.qmd,4a0eeb29012769c22a70961ed074f445fdbcd34ebf69740eb2ac8c22042176eb,667,reports/2026-10-07/semantic_evidence_review/originals/4a0eeb29012769c22a70961ed074f445fdbcd34ebf69740eb2ac8c22042176eb.qmd,KEYWORD_LOCATOR_NOT_INDIVIDUAL_CLAIM_VERIFICATION
C01,Reference/Geostrategy_Defense_Industry_Aerospace_and_Artificial_Interlligence_Ecosystem_Report.qmd,4a0eeb29012769c22a70961ed074f445fdbcd34ebf69740eb2ac8c22042176eb,669,reports/2026-10-07/semantic_evidence_review/originals/4a0eeb29012769c22a70961ed074f445fdbcd34ebf69740eb2ac8c22042176eb.qmd,KEYWORD_LOCATOR_NOT_INDIVIDUAL_CLAIM_VERIFICATION
C01,Reference/Geostrategy_Defense_Industry_Aerospace_and_Artificial_Interlligence_Ecosystem_Report.qmd,4a0eeb29012769c22a70961ed074f445fdbcd34ebf69740eb2ac8c22042176eb,671,reports/2026-10-07/semantic_evidence_review/originals/4a0eeb29012769c22a70961ed074f445fdbcd34ebf69740eb2ac8c22042176eb.qmd,KEYWORD_LOCATOR_NOT_INDIVIDUAL_CLAIM_VERIFICATION
C01,Reference/Geostrategy_Defense_Industry_Aerospace_and_Artificial_Interlligence_Ecosystem_Report.qmd,4a0eeb29012769c22a70961ed074f445fdbcd34ebf69740eb2ac8c22042176eb,673,reports/2026-10-07/semantic_evidence_review/originals/4a0eeb29012769c22a70961ed074f445fdbcd34ebf69740eb2ac8c22042176eb.qmd,KEYWORD_LOCATOR_NOT_INDIVIDUAL_CLAIM_VERIFICATION
C01,Reference/Geostrategy_Defense_Industry_Aerospace_and_Artificial_Interlligence_Ecosystem_Report.qmd,4a0eeb29012769c22a70961ed074f445fdbcd34ebf69740eb2ac8c22042176eb,675,reports/2026-10-07/semantic_evidence_review/originals/4a0eeb29012769c22a70961ed074f445fdbcd34ebf69740eb2ac8c22042176eb.qmd,KEYWORD_LOCATOR_NOT_INDIVIDUAL_CLAIM_VERIFICATION
C01,Reference/Geostrategy_Defense_Industry_Aerospace_and_Artificial_Interlligence_Ecosystem_Report.qmd,4a0eeb29012769c22a70961ed074f445fdbcd34ebf69740eb2ac8c22042176eb,677,reports/2026-10-07/semantic_evidence_review/originals/4a0eeb29012769c22a70961ed074f445fdbcd34ebf69740eb2ac8c22042176eb.qmd,KEYWORD_LOCATOR_NOT_INDIVIDUAL_CLAIM_VERIFICATION
C04,Reference/Geostrategy_Defense_Industry_Aerospace_and_Artificial_Interlligence_Ecosystem_Report.qmd,4a0eeb29012769c22a70961ed074f445fdbcd34ebf69740eb2ac8c22042176eb,687,reports/2026-10-07/semantic_evidence_review/originals/4a0eeb29012769c22a70961ed074f445fdbcd34ebf69740eb2ac8c22042176eb.qmd,KEYWORD_LOCATOR_NOT_INDIVIDUAL_CLAIM_VERIFICATION
C01,Reference/Geostrategy_Defense_Industry_Aerospace_and_Artificial_Interlligence_Ecosystem_Report.qmd,4a0eeb29012769c22a70961ed074f445fdbcd34ebf69740eb2ac8c22042176eb,721,reports/2026-10-07/semantic_evidence_review/originals/4a0eeb29012769c22a70961ed074f445fdbcd34ebf69740eb2ac8c22042176eb.qmd,KEYWORD_LOCATOR_NOT_INDIVIDUAL_CLAIM_VERIFICATION
C04,Reference/Geostrategy_Defense_Industry_Aerospace_and_Artificial_Interlligence_Ecosystem_Report.qmd,4a0eeb29012769c22a70961ed074f445fdbcd34ebf69740eb2ac8c22042176eb,744,reports/2026-10-07/semantic_evidence_review/originals/4a0eeb29012769c22a70961ed074f445fdbcd34ebf69740eb2ac8c22042176eb.qmd,KEYWORD_LOCATOR_NOT_INDIVIDUAL_CLAIM_VERIFICATION
C04,Reference/Geostrategy_Defense_Industry_Aerospace_and_Artificial_Interlligence_Ecosystem_Report.qmd,4a0eeb29012769c22a70961ed074f445fdbcd34ebf69740eb2ac8c22042176eb,745,reports/2026-10-07/semantic_evidence_review/originals/4a0eeb29012769c22a70961ed074f445fdbcd34ebf69740eb2ac8c22042176eb.qmd,KEYWORD_LOCATOR_NOT_INDIVIDUAL_CLAIM_VERIFICATION
C04,Reference/Geostrategy_Defense_Industry_Aerospace_and_Artificial_Interlligence_Ecosystem_Report.qmd,4a0eeb29012769c22a70961ed074f445fdbcd34ebf69740eb2ac8c22042176eb,814,reports/2026-10-07/semantic_evidence_review/originals/4a0eeb29012769c22a70961ed074f445fdbcd34ebf69740eb2ac8c22042176eb.qmd,KEYWORD_LOCATOR_NOT_INDIVIDUAL_CLAIM_VERIFICATION
C05,Reference/Geostrategy_Defense_Industry_Aerospace_and_Artificial_Interlligence_Ecosystem_Report.qmd,4a0eeb29012769c22a70961ed074f445fdbcd34ebf69740eb2ac8c22042176eb,870,reports/2026-10-07/semantic_evidence_review/originals/4a0eeb29012769c22a70961ed074f445fdbcd34ebf69740eb2ac8c22042176eb.qmd,KEYWORD_LOCATOR_NOT_INDIVIDUAL_CLAIM_VERIFICATION
C02,Reference/Geostrategy_Defense_Industry_Aerospace_and_Artificial_Interlligence_Ecosystem_Report.qmd,4a0eeb29012769c22a70961ed074f445fdbcd34ebf69740eb2ac8c22042176eb,965,reports/2026-10-07/semantic_evidence_review/originals/4a0eeb29012769c22a70961ed074f445fdbcd34ebf69740eb2ac8c22042176eb.qmd,KEYWORD_LOCATOR_NOT_INDIVIDUAL_CLAIM_VERIFICATION
C03,Reference/Geostrategy_Defense_Industry_Aerospace_and_Artificial_Interlligence_Ecosystem_Report.qmd,4a0eeb29012769c22a70961ed074f445fdbcd34ebf69740eb2ac8c22042176eb,990,reports/2026-10-07/semantic_evidence_review/originals/4a0eeb29012769c22a70961ed074f445fdbcd34ebf69740eb2ac8c22042176eb.qmd,KEYWORD_LOCATOR_NOT_INDIVIDUAL_CLAIM_VERIFICATION
C02,Reference/Geostrategy_Defense_Industry_Aerospace_and_Artificial_Interlligence_Ecosystem_Report.qmd,4a0eeb29012769c22a70961ed074f445fdbcd34ebf69740eb2ac8c22042176eb,1089,reports/2026-10-07/semantic_evidence_review/originals/4a0eeb29012769c22a70961ed074f445fdbcd34ebf69740eb2ac8c22042176eb.qmd,KEYWORD_LOCATOR_NOT_INDIVIDUAL_CLAIM_VERIFICATION
C03,Reference/Geostrategy_Defense_Industry_Aerospace_and_Artificial_Interlligence_Ecosystem_Report.qmd,4a0eeb29012769c22a70961ed074f445fdbcd34ebf69740eb2ac8c22042176eb,1089,reports/2026-10-07/semantic_evidence_review/originals/4a0eeb29012769c22a70961ed074f445fdbcd34ebf69740eb2ac8c22042176eb.qmd,KEYWORD_LOCATOR_NOT_INDIVIDUAL_CLAIM_VERIFICATION
C02,Reference/Geostrategy_Defense_Industry_Aerospace_and_Artificial_Interlligence_Ecosystem_Report.qmd,4a0eeb29012769c22a70961ed074f445fdbcd34ebf69740eb2ac8c22042176eb,1164,reports/2026-10-07/semantic_evidence_review/originals/4a0eeb29012769c22a70961ed074f445fdbcd34ebf69740eb2ac8c22042176eb.qmd,KEYWORD_LOCATOR_NOT_INDIVIDUAL_CLAIM_VERIFICATION
C03,Reference/Geostrategy_Defense_Industry_Aerospace_and_Artificial_Interlligence_Ecosystem_Report.qmd,4a0eeb29012769c22a70961ed074f445fdbcd34ebf69740eb2ac8c22042176eb,1166,reports/2026-10-07/semantic_evidence_review/originals/4a0eeb29012769c22a70961ed074f445fdbcd34ebf69740eb2ac8c22042176eb.qmd,KEYWORD_LOCATOR_NOT_INDIVIDUAL_CLAIM_VERIFICATION
C04,Reference/Geostrategy_Defense_Industry_Aerospace_and_Artificial_Interlligence_Ecosystem_Report.qmd,4a0eeb29012769c22a70961ed074f445fdbcd34ebf69740eb2ac8c22042176eb,1228,reports/2026-10-07/semantic_evidence_review/originals/4a0eeb29012769c22a70961ed074f445fdbcd34ebf69740eb2ac8c22042176eb.qmd,KEYWORD_LOCATOR_NOT_INDIVIDUAL_CLAIM_VERIFICATION
C05,Reference/Geostrategy_Defense_Industry_Aerospace_and_Artificial_Interlligence_Ecosystem_Report.qmd,4a0eeb29012769c22a70961ed074f445fdbcd34ebf69740eb2ac8c22042176eb,1293,reports/2026-10-07/semantic_evidence_review/originals/4a0eeb29012769c22a70961ed074f445fdbcd34ebf69740eb2ac8c22042176eb.qmd,KEYWORD_LOCATOR_NOT_INDIVIDUAL_CLAIM_VERIFICATION
C04,Reference/Geostrategy_Defense_Industry_Aerospace_and_Artificial_Interlligence_Ecosystem_Report.qmd,4a0eeb29012769c22a70961ed074f445fdbcd34ebf69740eb2ac8c22042176eb,1294,reports/2026-10-07/semantic_evidence_review/originals/4a0eeb29012769c22a70961ed074f445fdbcd34ebf69740eb2ac8c22042176eb.qmd,KEYWORD_LOCATOR_NOT_INDIVIDUAL_CLAIM_VERIFICATION
C05,Reference/Geostrategy_Defense_Industry_Aerospace_and_Artificial_Interlligence_Ecosystem_Report.qmd,4a0eeb29012769c22a70961ed074f445fdbcd34ebf69740eb2ac8c22042176eb,1315,reports/2026-10-07/semantic_evidence_review/originals/4a0eeb29012769c22a70961ed074f445fdbcd34ebf69740eb2ac8c22042176eb.qmd,KEYWORD_LOCATOR_NOT_INDIVIDUAL_CLAIM_VERIFICATION
C05,Reference/Geostrategy_Defense_Industry_Aerospace_and_Artificial_Interlligence_Ecosystem_Report.qmd,4a0eeb29012769c22a70961ed074f445fdbcd34ebf69740eb2ac8c22042176eb,1378,reports/2026-10-07/semantic_evidence_review/originals/4a0eeb29012769c22a70961ed074f445fdbcd34ebf69740eb2ac8c22042176eb.qmd,KEYWORD_LOCATOR_NOT_INDIVIDUAL_CLAIM_VERIFICATION
C05,Reference/Geostrategy_Defense_Industry_Aerospace_and_Artificial_Interlligence_Ecosystem_Report.qmd,4a0eeb29012769c22a70961ed074f445fdbcd34ebf69740eb2ac8c22042176eb,1401,reports/2026-10-07/semantic_evidence_review/originals/4a0eeb29012769c22a70961ed074f445fdbcd34ebf69740eb2ac8c22042176eb.qmd,KEYWORD_LOCATOR_NOT_INDIVIDUAL_CLAIM_VERIFICATION
C05,Reference/Geostrategy_Defense_Industry_Aerospace_and_Artificial_Interlligence_Ecosystem_Report.qmd,4a0eeb29012769c22a70961ed074f445fdbcd34ebf69740eb2ac8c22042176eb,1403,reports/2026-10-07/semantic_evidence_review/originals/4a0eeb29012769c22a70961ed074f445fdbcd34ebf69740eb2ac8c22042176eb.qmd,KEYWORD_LOCATOR_NOT_INDIVIDUAL_CLAIM_VERIFICATION
C04,Reference/Geostrategy_Defense_Industry_Aerospace_and_Artificial_Interlligence_Ecosystem_Report.qmd,4a0eeb29012769c22a70961ed074f445fdbcd34ebf69740eb2ac8c22042176eb,1407,reports/2026-10-07/semantic_evidence_review/originals/4a0eeb29012769c22a70961ed074f445fdbcd34ebf69740eb2ac8c22042176eb.qmd,KEYWORD_LOCATOR_NOT_INDIVIDUAL_CLAIM_VERIFICATION
C05,Reference/Geostrategy_Defense_Industry_Aerospace_and_Artificial_Interlligence_Ecosystem_Report.qmd,4a0eeb29012769c22a70961ed074f445fdbcd34ebf69740eb2ac8c22042176eb,1439,reports/2026-10-07/semantic_evidence_review/originals/4a0eeb29012769c22a70961ed074f445fdbcd34ebf69740eb2ac8c22042176eb.qmd,KEYWORD_LOCATOR_NOT_INDIVIDUAL_CLAIM_VERIFICATION
C05,Reference/Geostrategy_Defense_Industry_Aerospace_and_Artificial_Interlligence_Ecosystem_Report.qmd,4a0eeb29012769c22a70961ed074f445fdbcd34ebf69740eb2ac8c22042176eb,1551,reports/2026-10-07/semantic_evidence_review/originals/4a0eeb29012769c22a70961ed074f445fdbcd34ebf69740eb2ac8c22042176eb.qmd,KEYWORD_LOCATOR_NOT_INDIVIDUAL_CLAIM_VERIFICATION
C04,Reference/Geostrategy_Defense_Industry_Aerospace_and_Artificial_Interlligence_Ecosystem_Report.qmd,4a0eeb29012769c22a70961ed074f445fdbcd34ebf69740eb2ac8c22042176eb,1552,reports/2026-10-07/semantic_evidence_review/originals/4a0eeb29012769c22a70961ed074f445fdbcd34ebf69740eb2ac8c22042176eb.qmd,KEYWORD_LOCATOR_NOT_INDIVIDUAL_CLAIM_VERIFICATION
C04,Reference/Geostrategy_Defense_Industry_Aerospace_and_Artificial_Interlligence_Ecosystem_Report.qmd,4a0eeb29012769c22a70961ed074f445fdbcd34ebf69740eb2ac8c22042176eb,1580,reports/2026-10-07/semantic_evidence_review/originals/4a0eeb29012769c22a70961ed074f445fdbcd34ebf69740eb2ac8c22042176eb.qmd,KEYWORD_LOCATOR_NOT_INDIVIDUAL_CLAIM_VERIFICATION
C04,Reference/Geostrategy_Defense_Industry_Aerospace_and_Artificial_Interlligence_Ecosystem_Report.qmd,4a0eeb29012769c22a70961ed074f445fdbcd34ebf69740eb2ac8c22042176eb,1601,reports/2026-10-07/semantic_evidence_review/originals/4a0eeb29012769c22a70961ed074f445fdbcd34ebf69740eb2ac8c22042176eb.qmd,KEYWORD_LOCATOR_NOT_INDIVIDUAL_CLAIM_VERIFICATION
C02,Reference/Geostrategy_Defense_Industry_Aerospace_and_Artificial_Interlligence_Ecosystem_Report.qmd,4a0eeb29012769c22a70961ed074f445fdbcd34ebf69740eb2ac8c22042176eb,1669,reports/2026-10-07/semantic_evidence_review/originals/4a0eeb29012769c22a70961ed074f445fdbcd34ebf69740eb2ac8c22042176eb.qmd,KEYWORD_LOCATOR_NOT_INDIVIDUAL_CLAIM_VERIFICATION
C01,Reference/Geostrategy_Defense_Industry_Aerospace_and_Artificial_Interlligence_Ecosystem_Report.qmd,4a0eeb29012769c22a70961ed074f445fdbcd34ebf69740eb2ac8c22042176eb,1691,reports/2026-10-07/semantic_evidence_review/originals/4a0eeb29012769c22a70961ed074f445fdbcd34ebf69740eb2ac8c22042176eb.qmd,KEYWORD_LOCATOR_NOT_INDIVIDUAL_CLAIM_VERIFICATION
C03,Reference/Geostrategy_Defense_Industry_Aerospace_and_Artificial_Interlligence_Ecosystem_Report.qmd,4a0eeb29012769c22a70961ed074f445fdbcd34ebf69740eb2ac8c22042176eb,1704,reports/2026-10-07/semantic_evidence_review/originals/4a0eeb29012769c22a70961ed074f445fdbcd34ebf69740eb2ac8c22042176eb.qmd,KEYWORD_LOCATOR_NOT_INDIVIDUAL_CLAIM_VERIFICATION
C03,Reference/Geostrategy_Defense_Industry_Aerospace_and_Artificial_Interlligence_Ecosystem_Report.qmd,4a0eeb29012769c22a70961ed074f445fdbcd34ebf69740eb2ac8c22042176eb,1705,reports/2026-10-07/semantic_evidence_review/originals/4a0eeb29012769c22a70961ed074f445fdbcd34ebf69740eb2ac8c22042176eb.qmd,KEYWORD_LOCATOR_NOT_INDIVIDUAL_CLAIM_VERIFICATION
C03,Reference/Geostrategy_Defense_Industry_Aerospace_and_Artificial_Interlligence_Ecosystem_Report.qmd,4a0eeb29012769c22a70961ed074f445fdbcd34ebf69740eb2ac8c22042176eb,1706,reports/2026-10-07/semantic_evidence_review/originals/4a0eeb29012769c22a70961ed074f445fdbcd34ebf69740eb2ac8c22042176eb.qmd,KEYWORD_LOCATOR_NOT_INDIVIDUAL_CLAIM_VERIFICATION
C03,Reference/Geostrategy_Defense_Industry_Aerospace_and_Artificial_Interlligence_Ecosystem_Report.qmd,4a0eeb29012769c22a70961ed074f445fdbcd34ebf69740eb2ac8c22042176eb,1712,reports/2026-10-07/semantic_evidence_review/originals/4a0eeb29012769c22a70961ed074f445fdbcd34ebf69740eb2ac8c22042176eb.qmd,KEYWORD_LOCATOR_NOT_INDIVIDUAL_CLAIM_VERIFICATION
C03,Reference/Geostrategy_Defense_Industry_Aerospace_and_Artificial_Interlligence_Ecosystem_Report.qmd,4a0eeb29012769c22a70961ed074f445fdbcd34ebf69740eb2ac8c22042176eb,1720,reports/2026-10-07/semantic_evidence_review/originals/4a0eeb29012769c22a70961ed074f445fdbcd34ebf69740eb2ac8c22042176eb.qmd,KEYWORD_LOCATOR_NOT_INDIVIDUAL_CLAIM_VERIFICATION
C03,Reference/Geostrategy_Defense_Industry_Aerospace_and_Artificial_Interlligence_Ecosystem_Report.qmd,4a0eeb29012769c22a70961ed074f445fdbcd34ebf69740eb2ac8c22042176eb,1832,reports/2026-10-07/semantic_evidence_review/originals/4a0eeb29012769c22a70961ed074f445fdbcd34ebf69740eb2ac8c22042176eb.qmd,KEYWORD_LOCATOR_NOT_INDIVIDUAL_CLAIM_VERIFICATION
C03,Reference/Geostrategy_Defense_Industry_Aerospace_and_Artificial_Interlligence_Ecosystem_Report.qmd,4a0eeb29012769c22a70961ed074f445fdbcd34ebf69740eb2ac8c22042176eb,1846,reports/2026-10-07/semantic_evidence_review/originals/4a0eeb29012769c22a70961ed074f445fdbcd34ebf69740eb2ac8c22042176eb.qmd,KEYWORD_LOCATOR_NOT_INDIVIDUAL_CLAIM_VERIFICATION
C03,Reference/Geostrategy_Defense_Industry_Aerospace_and_Artificial_Interlligence_Ecosystem_Report.qmd,4a0eeb29012769c22a70961ed074f445fdbcd34ebf69740eb2ac8c22042176eb,1862,reports/2026-10-07/semantic_evidence_review/originals/4a0eeb29012769c22a70961ed074f445fdbcd34ebf69740eb2ac8c22042176eb.qmd,KEYWORD_LOCATOR_NOT_INDIVIDUAL_CLAIM_VERIFICATION
C03,Reference/Geostrategy_Defense_Industry_Aerospace_and_Artificial_Interlligence_Ecosystem_Report.qmd,4a0eeb29012769c22a70961ed074f445fdbcd34ebf69740eb2ac8c22042176eb,1912,reports/2026-10-07/semantic_evidence_review/originals/4a0eeb29012769c22a70961ed074f445fdbcd34ebf69740eb2ac8c22042176eb.qmd,KEYWORD_LOCATOR_NOT_INDIVIDUAL_CLAIM_VERIFICATION
C02,Reference/Geostrategy_Defense_Industry_Aerospace_and_Artificial_Interlligence_Ecosystem_Report.qmd,4a0eeb29012769c22a70961ed074f445fdbcd34ebf69740eb2ac8c22042176eb,2077,reports/2026-10-07/semantic_evidence_review/originals/4a0eeb29012769c22a70961ed074f445fdbcd34ebf69740eb2ac8c22042176eb.qmd,KEYWORD_LOCATOR_NOT_INDIVIDUAL_CLAIM_VERIFICATION
C01,Reference/Geostrategy_Defense_Industry_Aerospace_and_Artificial_Interlligence_Ecosystem_Report.qmd,4a0eeb29012769c22a70961ed074f445fdbcd34ebf69740eb2ac8c22042176eb,2130,reports/2026-10-07/semantic_evidence_review/originals/4a0eeb29012769c22a70961ed074f445fdbcd34ebf69740eb2ac8c22042176eb.qmd,KEYWORD_LOCATOR_NOT_INDIVIDUAL_CLAIM_VERIFICATION
C03,Reference/Geostrategy_Defense_Industry_Aerospace_and_Artificial_Interlligence_Ecosystem_Report.qmd,4a0eeb29012769c22a70961ed074f445fdbcd34ebf69740eb2ac8c22042176eb,2155,reports/2026-10-07/semantic_evidence_review/originals/4a0eeb29012769c22a70961ed074f445fdbcd34ebf69740eb2ac8c22042176eb.qmd,KEYWORD_LOCATOR_NOT_INDIVIDUAL_CLAIM_VERIFICATION
C03,Reference/Geostrategy_Defense_Industry_Aerospace_and_Artificial_Interlligence_Ecosystem_Report.qmd,4a0eeb29012769c22a70961ed074f445fdbcd34ebf69740eb2ac8c22042176eb,2156,reports/2026-10-07/semantic_evidence_review/originals/4a0eeb29012769c22a70961ed074f445fdbcd34ebf69740eb2ac8c22042176eb.qmd,KEYWORD_LOCATOR_NOT_INDIVIDUAL_CLAIM_VERIFICATION
C03,Reference/Geostrategy_Defense_Industry_Aerospace_and_Artificial_Interlligence_Ecosystem_Report.qmd,4a0eeb29012769c22a70961ed074f445fdbcd34ebf69740eb2ac8c22042176eb,2157,reports/2026-10-07/semantic_evidence_review/originals/4a0eeb29012769c22a70961ed074f445fdbcd34ebf69740eb2ac8c22042176eb.qmd,KEYWORD_LOCATOR_NOT_INDIVIDUAL_CLAIM_VERIFICATION
C03,Reference/Geostrategy_Defense_Industry_Aerospace_and_Artificial_Interlligence_Ecosystem_Report.qmd,4a0eeb29012769c22a70961ed074f445fdbcd34ebf69740eb2ac8c22042176eb,2163,reports/2026-10-07/semantic_evidence_review/originals/4a0eeb29012769c22a70961ed074f445fdbcd34ebf69740eb2ac8c22042176eb.qmd,KEYWORD_LOCATOR_NOT_INDIVIDUAL_CLAIM_VERIFICATION
C03,Reference/Geostrategy_Defense_Industry_Aerospace_and_Artificial_Interlligence_Ecosystem_Report.qmd,4a0eeb29012769c22a70961ed074f445fdbcd34ebf69740eb2ac8c22042176eb,2183,reports/2026-10-07/semantic_evidence_review/originals/4a0eeb29012769c22a70961ed074f445fdbcd34ebf69740eb2ac8c22042176eb.qmd,KEYWORD_LOCATOR_NOT_INDIVIDUAL_CLAIM_VERIFICATION
C03,Reference/Geostrategy_Defense_Industry_Aerospace_and_Artificial_Interlligence_Ecosystem_Report.qmd,4a0eeb29012769c22a70961ed074f445fdbcd34ebf69740eb2ac8c22042176eb,2461,reports/2026-10-07/semantic_evidence_review/originals/4a0eeb29012769c22a70961ed074f445fdbcd34ebf69740eb2ac8c22042176eb.qmd,KEYWORD_LOCATOR_NOT_INDIVIDUAL_CLAIM_VERIFICATION
C03,Reference/Geostrategy_Defense_Industry_Aerospace_and_Artificial_Interlligence_Ecosystem_Report.qmd,4a0eeb29012769c22a70961ed074f445fdbcd34ebf69740eb2ac8c22042176eb,2517,reports/2026-10-07/semantic_evidence_review/originals/4a0eeb29012769c22a70961ed074f445fdbcd34ebf69740eb2ac8c22042176eb.qmd,KEYWORD_LOCATOR_NOT_INDIVIDUAL_CLAIM_VERIFICATION
C03,Reference/Geostrategy_Defense_Industry_Aerospace_and_Artificial_Interlligence_Ecosystem_Report.qmd,4a0eeb29012769c22a70961ed074f445fdbcd34ebf69740eb2ac8c22042176eb,2580,reports/2026-10-07/semantic_evidence_review/originals/4a0eeb29012769c22a70961ed074f445fdbcd34ebf69740eb2ac8c22042176eb.qmd,KEYWORD_LOCATOR_NOT_INDIVIDUAL_CLAIM_VERIFICATION
C03,Reference/Geostrategy_Defense_Industry_Aerospace_and_Artificial_Interlligence_Ecosystem_Report.qmd,4a0eeb29012769c22a70961ed074f445fdbcd34ebf69740eb2ac8c22042176eb,2745,reports/2026-10-07/semantic_evidence_review/originals/4a0eeb29012769c22a70961ed074f445fdbcd34ebf69740eb2ac8c22042176eb.qmd,KEYWORD_LOCATOR_NOT_INDIVIDUAL_CLAIM_VERIFICATION
C03,Reference/Geostrategy_Defense_Industry_Aerospace_and_Artificial_Interlligence_Ecosystem_Report.qmd,4a0eeb29012769c22a70961ed074f445fdbcd34ebf69740eb2ac8c22042176eb,2857,reports/2026-10-07/semantic_evidence_review/originals/4a0eeb29012769c22a70961ed074f445fdbcd34ebf69740eb2ac8c22042176eb.qmd,KEYWORD_LOCATOR_NOT_INDIVIDUAL_CLAIM_VERIFICATION
C03,Reference/Geostrategy_Defense_Industry_Aerospace_and_Artificial_Interlligence_Ecosystem_Report.qmd,4a0eeb29012769c22a70961ed074f445fdbcd34ebf69740eb2ac8c22042176eb,2969,reports/2026-10-07/semantic_evidence_review/originals/4a0eeb29012769c22a70961ed074f445fdbcd34ebf69740eb2ac8c22042176eb.qmd,KEYWORD_LOCATOR_NOT_INDIVIDUAL_CLAIM_VERIFICATION
C01,Reference/Geostrategy_Defense_Industry_Aerospace_and_Artificial_Interlligence_Ecosystem_Report.qmd,4a0eeb29012769c22a70961ed074f445fdbcd34ebf69740eb2ac8c22042176eb,2991,reports/2026-10-07/semantic_evidence_review/originals/4a0eeb29012769c22a70961ed074f445fdbcd34ebf69740eb2ac8c22042176eb.qmd,KEYWORD_LOCATOR_NOT_INDIVIDUAL_CLAIM_VERIFICATION
C01,Reference/Geostrategy_Defense_Industry_Aerospace_and_Artificial_Interlligence_Ecosystem_Report.qmd,4a0eeb29012769c22a70961ed074f445fdbcd34ebf69740eb2ac8c22042176eb,3055,reports/2026-10-07/semantic_evidence_review/originals/4a0eeb29012769c22a70961ed074f445fdbcd34ebf69740eb2ac8c22042176eb.qmd,KEYWORD_LOCATOR_NOT_INDIVIDUAL_CLAIM_VERIFICATION
C03,Reference/Geostrategy_Defense_Industry_Aerospace_and_Artificial_Interlligence_Ecosystem_Report.qmd,4a0eeb29012769c22a70961ed074f445fdbcd34ebf69740eb2ac8c22042176eb,3570,reports/2026-10-07/semantic_evidence_review/originals/4a0eeb29012769c22a70961ed074f445fdbcd34ebf69740eb2ac8c22042176eb.qmd,KEYWORD_LOCATOR_NOT_INDIVIDUAL_CLAIM_VERIFICATION
C03,Reference/Geostrategy_Defense_Industry_Aerospace_and_Artificial_Interlligence_Ecosystem_Report.qmd,4a0eeb29012769c22a70961ed074f445fdbcd34ebf69740eb2ac8c22042176eb,3579,reports/2026-10-07/semantic_evidence_review/originals/4a0eeb29012769c22a70961ed074f445fdbcd34ebf69740eb2ac8c22042176eb.qmd,KEYWORD_LOCATOR_NOT_INDIVIDUAL_CLAIM_VERIFICATION
C03,Reference/Geostrategy_Defense_Industry_Aerospace_and_Artificial_Interlligence_Ecosystem_Report.qmd,4a0eeb29012769c22a70961ed074f445fdbcd34ebf69740eb2ac8c22042176eb,3625,reports/2026-10-07/semantic_evidence_review/originals/4a0eeb29012769c22a70961ed074f445fdbcd34ebf69740eb2ac8c22042176eb.qmd,KEYWORD_LOCATOR_NOT_INDIVIDUAL_CLAIM_VERIFICATION
C03,Reference/Geostrategy_Defense_Industry_Aerospace_and_Artificial_Interlligence_Ecosystem_Report.qmd,4a0eeb29012769c22a70961ed074f445fdbcd34ebf69740eb2ac8c22042176eb,3634,reports/2026-10-07/semantic_evidence_review/originals/4a0eeb29012769c22a70961ed074f445fdbcd34ebf69740eb2ac8c22042176eb.qmd,KEYWORD_LOCATOR_NOT_INDIVIDUAL_CLAIM_VERIFICATION
C03,Reference/Geostrategy_Defense_Industry_Aerospace_and_Artificial_Interlligence_Ecosystem_Report.qmd,4a0eeb29012769c22a70961ed074f445fdbcd34ebf69740eb2ac8c22042176eb,3643,reports/2026-10-07/semantic_evidence_review/originals/4a0eeb29012769c22a70961ed074f445fdbcd34ebf69740eb2ac8c22042176eb.qmd,KEYWORD_LOCATOR_NOT_INDIVIDUAL_CLAIM_VERIFICATION
C03,Reference/Geostrategy_Defense_Industry_Aerospace_and_Artificial_Interlligence_Ecosystem_Report.qmd,4a0eeb29012769c22a70961ed074f445fdbcd34ebf69740eb2ac8c22042176eb,4413,reports/2026-10-07/semantic_evidence_review/originals/4a0eeb29012769c22a70961ed074f445fdbcd34ebf69740eb2ac8c22042176eb.qmd,KEYWORD_LOCATOR_NOT_INDIVIDUAL_CLAIM_VERIFICATION
C03,Reference/Geostrategy_Defense_Industry_Aerospace_and_Artificial_Interlligence_Ecosystem_Report.qmd,4a0eeb29012769c22a70961ed074f445fdbcd34ebf69740eb2ac8c22042176eb,4573,reports/2026-10-07/semantic_evidence_review/originals/4a0eeb29012769c22a70961ed074f445fdbcd34ebf69740eb2ac8c22042176eb.qmd,KEYWORD_LOCATOR_NOT_INDIVIDUAL_CLAIM_VERIFICATION
C04,Reference/Geostrategy_Defense_Industry_Aerospace_and_Artificial_Interlligence_Ecosystem_Report.qmd,4a0eeb29012769c22a70961ed074f445fdbcd34ebf69740eb2ac8c22042176eb,4684,reports/2026-10-07/semantic_evidence_review/originals/4a0eeb29012769c22a70961ed074f445fdbcd34ebf69740eb2ac8c22042176eb.qmd,KEYWORD_LOCATOR_NOT_INDIVIDUAL_CLAIM_VERIFICATION
C04,Reference/Geostrategy_Defense_Industry_Aerospace_and_Artificial_Interlligence_Ecosystem_Report.qmd,4a0eeb29012769c22a70961ed074f445fdbcd34ebf69740eb2ac8c22042176eb,4708,reports/2026-10-07/semantic_evidence_review/originals/4a0eeb29012769c22a70961ed074f445fdbcd34ebf69740eb2ac8c22042176eb.qmd,KEYWORD_LOCATOR_NOT_INDIVIDUAL_CLAIM_VERIFICATION
C04,Reference/Geostrategy_Defense_Industry_Aerospace_and_Artificial_Interlligence_Ecosystem_Report.qmd,4a0eeb29012769c22a70961ed074f445fdbcd34ebf69740eb2ac8c22042176eb,4754,reports/2026-10-07/semantic_evidence_review/originals/4a0eeb29012769c22a70961ed074f445fdbcd34ebf69740eb2ac8c22042176eb.qmd,KEYWORD_LOCATOR_NOT_INDIVIDUAL_CLAIM_VERIFICATION
C01,Reference/Geostrategy_Defense_Industry_Aerospace_and_Artificial_Interlligence_Ecosystem_Report.qmd,4a0eeb29012769c22a70961ed074f445fdbcd34ebf69740eb2ac8c22042176eb,4843,reports/2026-10-07/semantic_evidence_review/originals/4a0eeb29012769c22a70961ed074f445fdbcd34ebf69740eb2ac8c22042176eb.qmd,KEYWORD_LOCATOR_NOT_INDIVIDUAL_CLAIM_VERIFICATION
C04,Reference/Geostrategy_Defense_Industry_Aerospace_and_Artificial_Interlligence_Ecosystem_Report.qmd,4a0eeb29012769c22a70961ed074f445fdbcd34ebf69740eb2ac8c22042176eb,5212,reports/2026-10-07/semantic_evidence_review/originals/4a0eeb29012769c22a70961ed074f445fdbcd34ebf69740eb2ac8c22042176eb.qmd,KEYWORD_LOCATOR_NOT_INDIVIDUAL_CLAIM_VERIFICATION
C03,Reference/Geostrategy_Defense_Industry_Aerospace_and_Artificial_Interlligence_Ecosystem_Report.qmd,4a0eeb29012769c22a70961ed074f445fdbcd34ebf69740eb2ac8c22042176eb,5350,reports/2026-10-07/semantic_evidence_review/originals/4a0eeb29012769c22a70961ed074f445fdbcd34ebf69740eb2ac8c22042176eb.qmd,KEYWORD_LOCATOR_NOT_INDIVIDUAL_CLAIM_VERIFICATION
C03,Reference/Geostrategy_Defense_Industry_Aerospace_and_Artificial_Interlligence_Ecosystem_Report.qmd,4a0eeb29012769c22a70961ed074f445fdbcd34ebf69740eb2ac8c22042176eb,5398,reports/2026-10-07/semantic_evidence_review/originals/4a0eeb29012769c22a70961ed074f445fdbcd34ebf69740eb2ac8c22042176eb.qmd,KEYWORD_LOCATOR_NOT_INDIVIDUAL_CLAIM_VERIFICATION
C03,Reference/Geostrategy_Defense_Industry_Aerospace_and_Artificial_Interlligence_Ecosystem_Report.qmd,4a0eeb29012769c22a70961ed074f445fdbcd34ebf69740eb2ac8c22042176eb,5582,reports/2026-10-07/semantic_evidence_review/originals/4a0eeb29012769c22a70961ed074f445fdbcd34ebf69740eb2ac8c22042176eb.qmd,KEYWORD_LOCATOR_NOT_INDIVIDUAL_CLAIM_VERIFICATION
C03,Reference/Geostrategy_Defense_Industry_Aerospace_and_Artificial_Interlligence_Ecosystem_Report.qmd,4a0eeb29012769c22a70961ed074f445fdbcd34ebf69740eb2ac8c22042176eb,5725,reports/2026-10-07/semantic_evidence_review/originals/4a0eeb29012769c22a70961ed074f445fdbcd34ebf69740eb2ac8c22042176eb.qmd,KEYWORD_LOCATOR_NOT_INDIVIDUAL_CLAIM_VERIFICATION
C04,Reference/Geostrategy_Defense_Industry_Aerospace_and_Artificial_Interlligence_Ecosystem_Report.qmd,4a0eeb29012769c22a70961ed074f445fdbcd34ebf69740eb2ac8c22042176eb,5876,reports/2026-10-07/semantic_evidence_review/originals/4a0eeb29012769c22a70961ed074f445fdbcd34ebf69740eb2ac8c22042176eb.qmd,KEYWORD_LOCATOR_NOT_INDIVIDUAL_CLAIM_VERIFICATION
C04,Reference/Geostrategy_Defense_Industry_Aerospace_and_Artificial_Interlligence_Ecosystem_Report.qmd,4a0eeb29012769c22a70961ed074f445fdbcd34ebf69740eb2ac8c22042176eb,5877,reports/2026-10-07/semantic_evidence_review/originals/4a0eeb29012769c22a70961ed074f445fdbcd34ebf69740eb2ac8c22042176eb.qmd,KEYWORD_LOCATOR_NOT_INDIVIDUAL_CLAIM_VERIFICATION
C04,Reference/Geostrategy_Defense_Industry_Aerospace_and_Artificial_Interlligence_Ecosystem_Report.qmd,4a0eeb29012769c22a70961ed074f445fdbcd34ebf69740eb2ac8c22042176eb,5878,reports/2026-10-07/semantic_evidence_review/originals/4a0eeb29012769c22a70961ed074f445fdbcd34ebf69740eb2ac8c22042176eb.qmd,KEYWORD_LOCATOR_NOT_INDIVIDUAL_CLAIM_VERIFICATION
C04,Reference/Geostrategy_Defense_Industry_Aerospace_and_Artificial_Interlligence_Ecosystem_Report.qmd,4a0eeb29012769c22a70961ed074f445fdbcd34ebf69740eb2ac8c22042176eb,5879,reports/2026-10-07/semantic_evidence_review/originals/4a0eeb29012769c22a70961ed074f445fdbcd34ebf69740eb2ac8c22042176eb.qmd,KEYWORD_LOCATOR_NOT_INDIVIDUAL_CLAIM_VERIFICATION
C04,Reference/Geostrategy_Defense_Industry_Aerospace_and_Artificial_Interlligence_Ecosystem_Report.qmd,4a0eeb29012769c22a70961ed074f445fdbcd34ebf69740eb2ac8c22042176eb,5880,reports/2026-10-07/semantic_evidence_review/originals/4a0eeb29012769c22a70961ed074f445fdbcd34ebf69740eb2ac8c22042176eb.qmd,KEYWORD_LOCATOR_NOT_INDIVIDUAL_CLAIM_VERIFICATION
C04,Reference/Geostrategy_Defense_Industry_Aerospace_and_Artificial_Interlligence_Ecosystem_Report.qmd,4a0eeb29012769c22a70961ed074f445fdbcd34ebf69740eb2ac8c22042176eb,5960,reports/2026-10-07/semantic_evidence_review/originals/4a0eeb29012769c22a70961ed074f445fdbcd34ebf69740eb2ac8c22042176eb.qmd,KEYWORD_LOCATOR_NOT_INDIVIDUAL_CLAIM_VERIFICATION
C04,Reference/Geostrategy_Defense_Industry_Aerospace_and_Artificial_Interlligence_Ecosystem_Report.qmd,4a0eeb29012769c22a70961ed074f445fdbcd34ebf69740eb2ac8c22042176eb,6066,reports/2026-10-07/semantic_evidence_review/originals/4a0eeb29012769c22a70961ed074f445fdbcd34ebf69740eb2ac8c22042176eb.qmd,KEYWORD_LOCATOR_NOT_INDIVIDUAL_CLAIM_VERIFICATION
C03,Reference/Geostrategy_Defense_Industry_Aerospace_and_Artificial_Interlligence_Ecosystem_Report.qmd,4a0eeb29012769c22a70961ed074f445fdbcd34ebf69740eb2ac8c22042176eb,6109,reports/2026-10-07/semantic_evidence_review/originals/4a0eeb29012769c22a70961ed074f445fdbcd34ebf69740eb2ac8c22042176eb.qmd,KEYWORD_LOCATOR_NOT_INDIVIDUAL_CLAIM_VERIFICATION
C04,Reference/Geostrategy_Defense_Industry_Aerospace_and_Artificial_Interlligence_Ecosystem_Report.qmd,4a0eeb29012769c22a70961ed074f445fdbcd34ebf69740eb2ac8c22042176eb,6206,reports/2026-10-07/semantic_evidence_review/originals/4a0eeb29012769c22a70961ed074f445fdbcd34ebf69740eb2ac8c22042176eb.qmd,KEYWORD_LOCATOR_NOT_INDIVIDUAL_CLAIM_VERIFICATION
C03,Reference/Geostrategy_Defense_Industry_Aerospace_and_Artificial_Interlligence_Ecosystem_Report.qmd,4a0eeb29012769c22a70961ed074f445fdbcd34ebf69740eb2ac8c22042176eb,7009,reports/2026-10-07/semantic_evidence_review/originals/4a0eeb29012769c22a70961ed074f445fdbcd34ebf69740eb2ac8c22042176eb.qmd,KEYWORD_LOCATOR_NOT_INDIVIDUAL_CLAIM_VERIFICATION
C01,Reference/Geostrategy_Defense_Industry_Aerospace_and_Artificial_Interlligence_Ecosystem_Report.qmd,4a0eeb29012769c22a70961ed074f445fdbcd34ebf69740eb2ac8c22042176eb,7880,reports/2026-10-07/semantic_evidence_review/originals/4a0eeb29012769c22a70961ed074f445fdbcd34ebf69740eb2ac8c22042176eb.qmd,KEYWORD_LOCATOR_NOT_INDIVIDUAL_CLAIM_VERIFICATION
C03,Reference/Geostrategy_Defense_Industry_Aerospace_and_Artificial_Interlligence_Ecosystem_Report.qmd,4a0eeb29012769c22a70961ed074f445fdbcd34ebf69740eb2ac8c22042176eb,8009,reports/2026-10-07/semantic_evidence_review/originals/4a0eeb29012769c22a70961ed074f445fdbcd34ebf69740eb2ac8c22042176eb.qmd,KEYWORD_LOCATOR_NOT_INDIVIDUAL_CLAIM_VERIFICATION
C03,Reference/Geostrategy_Defense_Industry_Aerospace_and_Artificial_Interlligence_Ecosystem_Report.qmd,4a0eeb29012769c22a70961ed074f445fdbcd34ebf69740eb2ac8c22042176eb,8244,reports/2026-10-07/semantic_evidence_review/originals/4a0eeb29012769c22a70961ed074f445fdbcd34ebf69740eb2ac8c22042176eb.qmd,KEYWORD_LOCATOR_NOT_INDIVIDUAL_CLAIM_VERIFICATION
C03,Reference/Geostrategy_Defense_Industry_Aerospace_and_Artificial_Interlligence_Ecosystem_Report.qmd,4a0eeb29012769c22a70961ed074f445fdbcd34ebf69740eb2ac8c22042176eb,8316,reports/2026-10-07/semantic_evidence_review/originals/4a0eeb29012769c22a70961ed074f445fdbcd34ebf69740eb2ac8c22042176eb.qmd,KEYWORD_LOCATOR_NOT_INDIVIDUAL_CLAIM_VERIFICATION
C04,Reference/Geostrategy_Defense_Industry_Aerospace_and_Artificial_Interlligence_Ecosystem_Report.qmd,4a0eeb29012769c22a70961ed074f445fdbcd34ebf69740eb2ac8c22042176eb,8343,reports/2026-10-07/semantic_evidence_review/originals/4a0eeb29012769c22a70961ed074f445fdbcd34ebf69740eb2ac8c22042176eb.qmd,KEYWORD_LOCATOR_NOT_INDIVIDUAL_CLAIM_VERIFICATION
C04,Reference/Aerospace_Ecosystem_Report.qmd,21922714393753225fbc3f5cf245aabfc2efe9bd2f6baa5ae963fa516f4820ba,47,reports/2026-10-07/semantic_evidence_review/originals/21922714393753225fbc3f5cf245aabfc2efe9bd2f6baa5ae963fa516f4820ba.qmd,KEYWORD_LOCATOR_NOT_INDIVIDUAL_CLAIM_VERIFICATION
C05,Reference/Aerospace_Ecosystem_Report.qmd,21922714393753225fbc3f5cf245aabfc2efe9bd2f6baa5ae963fa516f4820ba,49,reports/2026-10-07/semantic_evidence_review/originals/21922714393753225fbc3f5cf245aabfc2efe9bd2f6baa5ae963fa516f4820ba.qmd,KEYWORD_LOCATOR_NOT_INDIVIDUAL_CLAIM_VERIFICATION
C03,Reference/Aerospace_Ecosystem_Report.qmd,21922714393753225fbc3f5cf245aabfc2efe9bd2f6baa5ae963fa516f4820ba,123,reports/2026-10-07/semantic_evidence_review/originals/21922714393753225fbc3f5cf245aabfc2efe9bd2f6baa5ae963fa516f4820ba.qmd,KEYWORD_LOCATOR_NOT_INDIVIDUAL_CLAIM_VERIFICATION
C03,Reference/Aerospace_Ecosystem_Report.qmd,21922714393753225fbc3f5cf245aabfc2efe9bd2f6baa5ae963fa516f4820ba,131,reports/2026-10-07/semantic_evidence_review/originals/21922714393753225fbc3f5cf245aabfc2efe9bd2f6baa5ae963fa516f4820ba.qmd,KEYWORD_LOCATOR_NOT_INDIVIDUAL_CLAIM_VERIFICATION
C03,Reference/Aerospace_Ecosystem_Report.qmd,21922714393753225fbc3f5cf245aabfc2efe9bd2f6baa5ae963fa516f4820ba,135,reports/2026-10-07/semantic_evidence_review/originals/21922714393753225fbc3f5cf245aabfc2efe9bd2f6baa5ae963fa516f4820ba.qmd,KEYWORD_LOCATOR_NOT_INDIVIDUAL_CLAIM_VERIFICATION
C03,Reference/Aerospace_Ecosystem_Report.qmd,21922714393753225fbc3f5cf245aabfc2efe9bd2f6baa5ae963fa516f4820ba,136,reports/2026-10-07/semantic_evidence_review/originals/21922714393753225fbc3f5cf245aabfc2efe9bd2f6baa5ae963fa516f4820ba.qmd,KEYWORD_LOCATOR_NOT_INDIVIDUAL_CLAIM_VERIFICATION
C03,Reference/Aerospace_Ecosystem_Report.qmd,21922714393753225fbc3f5cf245aabfc2efe9bd2f6baa5ae963fa516f4820ba,137,reports/2026-10-07/semantic_evidence_review/originals/21922714393753225fbc3f5cf245aabfc2efe9bd2f6baa5ae963fa516f4820ba.qmd,KEYWORD_LOCATOR_NOT_INDIVIDUAL_CLAIM_VERIFICATION
C02,Reference/Aerospace_Ecosystem_Report.qmd,21922714393753225fbc3f5cf245aabfc2efe9bd2f6baa5ae963fa516f4820ba,206,reports/2026-10-07/semantic_evidence_review/originals/21922714393753225fbc3f5cf245aabfc2efe9bd2f6baa5ae963fa516f4820ba.qmd,KEYWORD_LOCATOR_NOT_INDIVIDUAL_CLAIM_VERIFICATION
C01,Reference/Aerospace_Ecosystem_Report.qmd,21922714393753225fbc3f5cf245aabfc2efe9bd2f6baa5ae963fa516f4820ba,238,reports/2026-10-07/semantic_evidence_review/originals/21922714393753225fbc3f5cf245aabfc2efe9bd2f6baa5ae963fa516f4820ba.qmd,KEYWORD_LOCATOR_NOT_INDIVIDUAL_CLAIM_VERIFICATION
C03,Reference/Aerospace_Ecosystem_Report.qmd,21922714393753225fbc3f5cf245aabfc2efe9bd2f6baa5ae963fa516f4820ba,262,reports/2026-10-07/semantic_evidence_review/originals/21922714393753225fbc3f5cf245aabfc2efe9bd2f6baa5ae963fa516f4820ba.qmd,KEYWORD_LOCATOR_NOT_INDIVIDUAL_CLAIM_VERIFICATION
C03,Reference/Aerospace_Ecosystem_Report.qmd,21922714393753225fbc3f5cf245aabfc2efe9bd2f6baa5ae963fa516f4820ba,315,reports/2026-10-07/semantic_evidence_review/originals/21922714393753225fbc3f5cf245aabfc2efe9bd2f6baa5ae963fa516f4820ba.qmd,KEYWORD_LOCATOR_NOT_INDIVIDUAL_CLAIM_VERIFICATION
C02,Reference/Aerospace_Ecosystem_Report.qmd,21922714393753225fbc3f5cf245aabfc2efe9bd2f6baa5ae963fa516f4820ba,356,reports/2026-10-07/semantic_evidence_review/originals/21922714393753225fbc3f5cf245aabfc2efe9bd2f6baa5ae963fa516f4820ba.qmd,KEYWORD_LOCATOR_NOT_INDIVIDUAL_CLAIM_VERIFICATION
C04,Reference/Aerospace_Ecosystem_Report.qmd,21922714393753225fbc3f5cf245aabfc2efe9bd2f6baa5ae963fa516f4820ba,478,reports/2026-10-07/semantic_evidence_review/originals/21922714393753225fbc3f5cf245aabfc2efe9bd2f6baa5ae963fa516f4820ba.qmd,KEYWORD_LOCATOR_NOT_INDIVIDUAL_CLAIM_VERIFICATION
C03,Reference/Aerospace_Ecosystem_Report.qmd,21922714393753225fbc3f5cf245aabfc2efe9bd2f6baa5ae963fa516f4820ba,551,reports/2026-10-07/semantic_evidence_review/originals/21922714393753225fbc3f5cf245aabfc2efe9bd2f6baa5ae963fa516f4820ba.qmd,KEYWORD_LOCATOR_NOT_INDIVIDUAL_CLAIM_VERIFICATION
C02,Reference/Aerospace_Ecosystem_Report.qmd,21922714393753225fbc3f5cf245aabfc2efe9bd2f6baa5ae963fa516f4820ba,613,reports/2026-10-07/semantic_evidence_review/originals/21922714393753225fbc3f5cf245aabfc2efe9bd2f6baa5ae963fa516f4820ba.qmd,KEYWORD_LOCATOR_NOT_INDIVIDUAL_CLAIM_VERIFICATION
C02,Reference/Aerospace_Ecosystem_Report.qmd,21922714393753225fbc3f5cf245aabfc2efe9bd2f6baa5ae963fa516f4820ba,617,reports/2026-10-07/semantic_evidence_review/originals/21922714393753225fbc3f5cf245aabfc2efe9bd2f6baa5ae963fa516f4820ba.qmd,KEYWORD_LOCATOR_NOT_INDIVIDUAL_CLAIM_VERIFICATION
C02,Reference/Aerospace_Ecosystem_Report.qmd,21922714393753225fbc3f5cf245aabfc2efe9bd2f6baa5ae963fa516f4820ba,626,reports/2026-10-07/semantic_evidence_review/originals/21922714393753225fbc3f5cf245aabfc2efe9bd2f6baa5ae963fa516f4820ba.qmd,KEYWORD_LOCATOR_NOT_INDIVIDUAL_CLAIM_VERIFICATION
C04,Reference/Aerospace_Ecosystem_Report.qmd,21922714393753225fbc3f5cf245aabfc2efe9bd2f6baa5ae963fa516f4820ba,641,reports/2026-10-07/semantic_evidence_review/originals/21922714393753225fbc3f5cf245aabfc2efe9bd2f6baa5ae963fa516f4820ba.qmd,KEYWORD_LOCATOR_NOT_INDIVIDUAL_CLAIM_VERIFICATION
C01,Reference/Aerospace_Ecosystem_Report.qmd,21922714393753225fbc3f5cf245aabfc2efe9bd2f6baa5ae963fa516f4820ba,668,reports/2026-10-07/semantic_evidence_review/originals/21922714393753225fbc3f5cf245aabfc2efe9bd2f6baa5ae963fa516f4820ba.qmd,KEYWORD_LOCATOR_NOT_INDIVIDUAL_CLAIM_VERIFICATION
C03,Reference/Aerospace_Ecosystem_Report.qmd,21922714393753225fbc3f5cf245aabfc2efe9bd2f6baa5ae963fa516f4820ba,695,reports/2026-10-07/semantic_evidence_review/originals/21922714393753225fbc3f5cf245aabfc2efe9bd2f6baa5ae963fa516f4820ba.qmd,KEYWORD_LOCATOR_NOT_INDIVIDUAL_CLAIM_VERIFICATION
C03,Reference/Aerospace_Ecosystem_Report.qmd,21922714393753225fbc3f5cf245aabfc2efe9bd2f6baa5ae963fa516f4820ba,696,reports/2026-10-07/semantic_evidence_review/originals/21922714393753225fbc3f5cf245aabfc2efe9bd2f6baa5ae963fa516f4820ba.qmd,KEYWORD_LOCATOR_NOT_INDIVIDUAL_CLAIM_VERIFICATION
C03,Reference/Aerospace_Ecosystem_Report.qmd,21922714393753225fbc3f5cf245aabfc2efe9bd2f6baa5ae963fa516f4820ba,712,reports/2026-10-07/semantic_evidence_review/originals/21922714393753225fbc3f5cf245aabfc2efe9bd2f6baa5ae963fa516f4820ba.qmd,KEYWORD_LOCATOR_NOT_INDIVIDUAL_CLAIM_VERIFICATION
C05,Reference/Aerospace_Ecosystem_Report.qmd,21922714393753225fbc3f5cf245aabfc2efe9bd2f6baa5ae963fa516f4820ba,723,reports/2026-10-07/semantic_evidence_review/originals/21922714393753225fbc3f5cf245aabfc2efe9bd2f6baa5ae963fa516f4820ba.qmd,KEYWORD_LOCATOR_NOT_INDIVIDUAL_CLAIM_VERIFICATION
C03,Reference/Aerospace_Ecosystem_Report.qmd,21922714393753225fbc3f5cf245aabfc2efe9bd2f6baa5ae963fa516f4820ba,736,reports/2026-10-07/semantic_evidence_review/originals/21922714393753225fbc3f5cf245aabfc2efe9bd2f6baa5ae963fa516f4820ba.qmd,KEYWORD_LOCATOR_NOT_INDIVIDUAL_CLAIM_VERIFICATION
C04,Reference/Aerospace_Ecosystem_Report.qmd,21922714393753225fbc3f5cf245aabfc2efe9bd2f6baa5ae963fa516f4820ba,837,reports/2026-10-07/semantic_evidence_review/originals/21922714393753225fbc3f5cf245aabfc2efe9bd2f6baa5ae963fa516f4820ba.qmd,KEYWORD_LOCATOR_NOT_INDIVIDUAL_CLAIM_VERIFICATION
C01,Reference/Aerospace_Ecosystem_Report.qmd,21922714393753225fbc3f5cf245aabfc2efe9bd2f6baa5ae963fa516f4820ba,884,reports/2026-10-07/semantic_evidence_review/originals/21922714393753225fbc3f5cf245aabfc2efe9bd2f6baa5ae963fa516f4820ba.qmd,KEYWORD_LOCATOR_NOT_INDIVIDUAL_CLAIM_VERIFICATION
C04,Reference/Aerospace_Ecosystem_Report.qmd,21922714393753225fbc3f5cf245aabfc2efe9bd2f6baa5ae963fa516f4820ba,911,reports/2026-10-07/semantic_evidence_review/originals/21922714393753225fbc3f5cf245aabfc2efe9bd2f6baa5ae963fa516f4820ba.qmd,KEYWORD_LOCATOR_NOT_INDIVIDUAL_CLAIM_VERIFICATION
C05,Reference/Aerospace_Ecosystem_Report.qmd,21922714393753225fbc3f5cf245aabfc2efe9bd2f6baa5ae963fa516f4820ba,967,reports/2026-10-07/semantic_evidence_review/originals/21922714393753225fbc3f5cf245aabfc2efe9bd2f6baa5ae963fa516f4820ba.qmd,KEYWORD_LOCATOR_NOT_INDIVIDUAL_CLAIM_VERIFICATION
C05,Reference/Aerospace_Ecosystem_Report.qmd,21922714393753225fbc3f5cf245aabfc2efe9bd2f6baa5ae963fa516f4820ba,1041,reports/2026-10-07/semantic_evidence_review/originals/21922714393753225fbc3f5cf245aabfc2efe9bd2f6baa5ae963fa516f4820ba.qmd,KEYWORD_LOCATOR_NOT_INDIVIDUAL_CLAIM_VERIFICATION
C04,Reference/Aerospace_Ecosystem_Report.qmd,21922714393753225fbc3f5cf245aabfc2efe9bd2f6baa5ae963fa516f4820ba,1042,reports/2026-10-07/semantic_evidence_review/originals/21922714393753225fbc3f5cf245aabfc2efe9bd2f6baa5ae963fa516f4820ba.qmd,KEYWORD_LOCATOR_NOT_INDIVIDUAL_CLAIM_VERIFICATION
C01,Reference/Aerospace_Ecosystem_Report.qmd,21922714393753225fbc3f5cf245aabfc2efe9bd2f6baa5ae963fa516f4820ba,1064,reports/2026-10-07/semantic_evidence_review/originals/21922714393753225fbc3f5cf245aabfc2efe9bd2f6baa5ae963fa516f4820ba.qmd,KEYWORD_LOCATOR_NOT_INDIVIDUAL_CLAIM_VERIFICATION
C01,Reference/Aerospace_Ecosystem_Report.qmd,21922714393753225fbc3f5cf245aabfc2efe9bd2f6baa5ae963fa516f4820ba,1066,reports/2026-10-07/semantic_evidence_review/originals/21922714393753225fbc3f5cf245aabfc2efe9bd2f6baa5ae963fa516f4820ba.qmd,KEYWORD_LOCATOR_NOT_INDIVIDUAL_CLAIM_VERIFICATION
C01,Reference/Aerospace_Ecosystem_Report.qmd,21922714393753225fbc3f5cf245aabfc2efe9bd2f6baa5ae963fa516f4820ba,1068,reports/2026-10-07/semantic_evidence_review/originals/21922714393753225fbc3f5cf245aabfc2efe9bd2f6baa5ae963fa516f4820ba.qmd,KEYWORD_LOCATOR_NOT_INDIVIDUAL_CLAIM_VERIFICATION
C01,Reference/Aerospace_Ecosystem_Report.qmd,21922714393753225fbc3f5cf245aabfc2efe9bd2f6baa5ae963fa516f4820ba,1070,reports/2026-10-07/semantic_evidence_review/originals/21922714393753225fbc3f5cf245aabfc2efe9bd2f6baa5ae963fa516f4820ba.qmd,KEYWORD_LOCATOR_NOT_INDIVIDUAL_CLAIM_VERIFICATION
C01,Reference/Aerospace_Ecosystem_Report.qmd,21922714393753225fbc3f5cf245aabfc2efe9bd2f6baa5ae963fa516f4820ba,1072,reports/2026-10-07/semantic_evidence_review/originals/21922714393753225fbc3f5cf245aabfc2efe9bd2f6baa5ae963fa516f4820ba.qmd,KEYWORD_LOCATOR_NOT_INDIVIDUAL_CLAIM_VERIFICATION
C01,Reference/Aerospace_Ecosystem_Report.qmd,21922714393753225fbc3f5cf245aabfc2efe9bd2f6baa5ae963fa516f4820ba,1074,reports/2026-10-07/semantic_evidence_review/originals/21922714393753225fbc3f5cf245aabfc2efe9bd2f6baa5ae963fa516f4820ba.qmd,KEYWORD_LOCATOR_NOT_INDIVIDUAL_CLAIM_VERIFICATION
C01,Reference/Aerospace_Ecosystem_Report.qmd,21922714393753225fbc3f5cf245aabfc2efe9bd2f6baa5ae963fa516f4820ba,1076,reports/2026-10-07/semantic_evidence_review/originals/21922714393753225fbc3f5cf245aabfc2efe9bd2f6baa5ae963fa516f4820ba.qmd,KEYWORD_LOCATOR_NOT_INDIVIDUAL_CLAIM_VERIFICATION
C02,Reference/Aerospace_Ecosystem_Report.qmd,21922714393753225fbc3f5cf245aabfc2efe9bd2f6baa5ae963fa516f4820ba,1129,reports/2026-10-07/semantic_evidence_review/originals/21922714393753225fbc3f5cf245aabfc2efe9bd2f6baa5ae963fa516f4820ba.qmd,KEYWORD_LOCATOR_NOT_INDIVIDUAL_CLAIM_VERIFICATION
C03,Reference/Aerospace_Ecosystem_Report.qmd,21922714393753225fbc3f5cf245aabfc2efe9bd2f6baa5ae963fa516f4820ba,1131,reports/2026-10-07/semantic_evidence_review/originals/21922714393753225fbc3f5cf245aabfc2efe9bd2f6baa5ae963fa516f4820ba.qmd,KEYWORD_LOCATOR_NOT_INDIVIDUAL_CLAIM_VERIFICATION
C02,Reference/Aerospace_Ecosystem_Report.qmd,21922714393753225fbc3f5cf245aabfc2efe9bd2f6baa5ae963fa516f4820ba,1210,reports/2026-10-07/semantic_evidence_review/originals/21922714393753225fbc3f5cf245aabfc2efe9bd2f6baa5ae963fa516f4820ba.qmd,KEYWORD_LOCATOR_NOT_INDIVIDUAL_CLAIM_VERIFICATION
C03,Reference/Aerospace_Ecosystem_Report.qmd,21922714393753225fbc3f5cf245aabfc2efe9bd2f6baa5ae963fa516f4820ba,1212,reports/2026-10-07/semantic_evidence_review/originals/21922714393753225fbc3f5cf245aabfc2efe9bd2f6baa5ae963fa516f4820ba.qmd,KEYWORD_LOCATOR_NOT_INDIVIDUAL_CLAIM_VERIFICATION
C04,Reference/Aerospace_Ecosystem_Report.qmd,21922714393753225fbc3f5cf245aabfc2efe9bd2f6baa5ae963fa516f4820ba,1274,reports/2026-10-07/semantic_evidence_review/originals/21922714393753225fbc3f5cf245aabfc2efe9bd2f6baa5ae963fa516f4820ba.qmd,KEYWORD_LOCATOR_NOT_INDIVIDUAL_CLAIM_VERIFICATION
C05,Reference/Aerospace_Ecosystem_Report.qmd,21922714393753225fbc3f5cf245aabfc2efe9bd2f6baa5ae963fa516f4820ba,1339,reports/2026-10-07/semantic_evidence_review/originals/21922714393753225fbc3f5cf245aabfc2efe9bd2f6baa5ae963fa516f4820ba.qmd,KEYWORD_LOCATOR_NOT_INDIVIDUAL_CLAIM_VERIFICATION
C04,Reference/Aerospace_Ecosystem_Report.qmd,21922714393753225fbc3f5cf245aabfc2efe9bd2f6baa5ae963fa516f4820ba,1340,reports/2026-10-07/semantic_evidence_review/originals/21922714393753225fbc3f5cf245aabfc2efe9bd2f6baa5ae963fa516f4820ba.qmd,KEYWORD_LOCATOR_NOT_INDIVIDUAL_CLAIM_VERIFICATION
C05,Reference/Aerospace_Ecosystem_Report.qmd,21922714393753225fbc3f5cf245aabfc2efe9bd2f6baa5ae963fa516f4820ba,1361,reports/2026-10-07/semantic_evidence_review/originals/21922714393753225fbc3f5cf245aabfc2efe9bd2f6baa5ae963fa516f4820ba.qmd,KEYWORD_LOCATOR_NOT_INDIVIDUAL_CLAIM_VERIFICATION
C05,Reference/Aerospace_Ecosystem_Report.qmd,21922714393753225fbc3f5cf245aabfc2efe9bd2f6baa5ae963fa516f4820ba,1424,reports/2026-10-07/semantic_evidence_review/originals/21922714393753225fbc3f5cf245aabfc2efe9bd2f6baa5ae963fa516f4820ba.qmd,KEYWORD_LOCATOR_NOT_INDIVIDUAL_CLAIM_VERIFICATION
C05,Reference/Aerospace_Ecosystem_Report.qmd,21922714393753225fbc3f5cf245aabfc2efe9bd2f6baa5ae963fa516f4820ba,1447,reports/2026-10-07/semantic_evidence_review/originals/21922714393753225fbc3f5cf245aabfc2efe9bd2f6baa5ae963fa516f4820ba.qmd,KEYWORD_LOCATOR_NOT_INDIVIDUAL_CLAIM_VERIFICATION
C05,Reference/Aerospace_Ecosystem_Report.qmd,21922714393753225fbc3f5cf245aabfc2efe9bd2f6baa5ae963fa516f4820ba,1449,reports/2026-10-07/semantic_evidence_review/originals/21922714393753225fbc3f5cf245aabfc2efe9bd2f6baa5ae963fa516f4820ba.qmd,KEYWORD_LOCATOR_NOT_INDIVIDUAL_CLAIM_VERIFICATION
C04,Reference/Aerospace_Ecosystem_Report.qmd,21922714393753225fbc3f5cf245aabfc2efe9bd2f6baa5ae963fa516f4820ba,1453,reports/2026-10-07/semantic_evidence_review/originals/21922714393753225fbc3f5cf245aabfc2efe9bd2f6baa5ae963fa516f4820ba.qmd,KEYWORD_LOCATOR_NOT_INDIVIDUAL_CLAIM_VERIFICATION
C05,Reference/Aerospace_Ecosystem_Report.qmd,21922714393753225fbc3f5cf245aabfc2efe9bd2f6baa5ae963fa516f4820ba,1485,reports/2026-10-07/semantic_evidence_review/originals/21922714393753225fbc3f5cf245aabfc2efe9bd2f6baa5ae963fa516f4820ba.qmd,KEYWORD_LOCATOR_NOT_INDIVIDUAL_CLAIM_VERIFICATION
C05,Reference/Aerospace_Ecosystem_Report.qmd,21922714393753225fbc3f5cf245aabfc2efe9bd2f6baa5ae963fa516f4820ba,1597,reports/2026-10-07/semantic_evidence_review/originals/21922714393753225fbc3f5cf245aabfc2efe9bd2f6baa5ae963fa516f4820ba.qmd,KEYWORD_LOCATOR_NOT_INDIVIDUAL_CLAIM_VERIFICATION
C04,Reference/Aerospace_Ecosystem_Report.qmd,21922714393753225fbc3f5cf245aabfc2efe9bd2f6baa5ae963fa516f4820ba,1598,reports/2026-10-07/semantic_evidence_review/originals/21922714393753225fbc3f5cf245aabfc2efe9bd2f6baa5ae963fa516f4820ba.qmd,KEYWORD_LOCATOR_NOT_INDIVIDUAL_CLAIM_VERIFICATION
C04,Reference/Aerospace_Ecosystem_Report.qmd,21922714393753225fbc3f5cf245aabfc2efe9bd2f6baa5ae963fa516f4820ba,1626,reports/2026-10-07/semantic_evidence_review/originals/21922714393753225fbc3f5cf245aabfc2efe9bd2f6baa5ae963fa516f4820ba.qmd,KEYWORD_LOCATOR_NOT_INDIVIDUAL_CLAIM_VERIFICATION
C04,Reference/Aerospace_Ecosystem_Report.qmd,21922714393753225fbc3f5cf245aabfc2efe9bd2f6baa5ae963fa516f4820ba,1647,reports/2026-10-07/semantic_evidence_review/originals/21922714393753225fbc3f5cf245aabfc2efe9bd2f6baa5ae963fa516f4820ba.qmd,KEYWORD_LOCATOR_NOT_INDIVIDUAL_CLAIM_VERIFICATION
C02,Reference/Aerospace_Ecosystem_Report.qmd,21922714393753225fbc3f5cf245aabfc2efe9bd2f6baa5ae963fa516f4820ba,1715,reports/2026-10-07/semantic_evidence_review/originals/21922714393753225fbc3f5cf245aabfc2efe9bd2f6baa5ae963fa516f4820ba.qmd,KEYWORD_LOCATOR_NOT_INDIVIDUAL_CLAIM_VERIFICATION
C01,Reference/Aerospace_Ecosystem_Report.qmd,21922714393753225fbc3f5cf245aabfc2efe9bd2f6baa5ae963fa516f4820ba,1737,reports/2026-10-07/semantic_evidence_review/originals/21922714393753225fbc3f5cf245aabfc2efe9bd2f6baa5ae963fa516f4820ba.qmd,KEYWORD_LOCATOR_NOT_INDIVIDUAL_CLAIM_VERIFICATION
C03,Reference/Aerospace_Ecosystem_Report.qmd,21922714393753225fbc3f5cf245aabfc2efe9bd2f6baa5ae963fa516f4820ba,1750,reports/2026-10-07/semantic_evidence_review/originals/21922714393753225fbc3f5cf245aabfc2efe9bd2f6baa5ae963fa516f4820ba.qmd,KEYWORD_LOCATOR_NOT_INDIVIDUAL_CLAIM_VERIFICATION
C03,Reference/Aerospace_Ecosystem_Report.qmd,21922714393753225fbc3f5cf245aabfc2efe9bd2f6baa5ae963fa516f4820ba,1751,reports/2026-10-07/semantic_evidence_review/originals/21922714393753225fbc3f5cf245aabfc2efe9bd2f6baa5ae963fa516f4820ba.qmd,KEYWORD_LOCATOR_NOT_INDIVIDUAL_CLAIM_VERIFICATION
C03,Reference/Aerospace_Ecosystem_Report.qmd,21922714393753225fbc3f5cf245aabfc2efe9bd2f6baa5ae963fa516f4820ba,1752,reports/2026-10-07/semantic_evidence_review/originals/21922714393753225fbc3f5cf245aabfc2efe9bd2f6baa5ae963fa516f4820ba.qmd,KEYWORD_LOCATOR_NOT_INDIVIDUAL_CLAIM_VERIFICATION
C03,Reference/Aerospace_Ecosystem_Report.qmd,21922714393753225fbc3f5cf245aabfc2efe9bd2f6baa5ae963fa516f4820ba,1758,reports/2026-10-07/semantic_evidence_review/originals/21922714393753225fbc3f5cf245aabfc2efe9bd2f6baa5ae963fa516f4820ba.qmd,KEYWORD_LOCATOR_NOT_INDIVIDUAL_CLAIM_VERIFICATION
C03,Reference/Aerospace_Ecosystem_Report.qmd,21922714393753225fbc3f5cf245aabfc2efe9bd2f6baa5ae963fa516f4820ba,1766,reports/2026-10-07/semantic_evidence_review/originals/21922714393753225fbc3f5cf245aabfc2efe9bd2f6baa5ae963fa516f4820ba.qmd,KEYWORD_LOCATOR_NOT_INDIVIDUAL_CLAIM_VERIFICATION
C03,Reference/Aerospace_Ecosystem_Report.qmd,21922714393753225fbc3f5cf245aabfc2efe9bd2f6baa5ae963fa516f4820ba,1878,reports/2026-10-07/semantic_evidence_review/originals/21922714393753225fbc3f5cf245aabfc2efe9bd2f6baa5ae963fa516f4820ba.qmd,KEYWORD_LOCATOR_NOT_INDIVIDUAL_CLAIM_VERIFICATION
C03,Reference/Aerospace_Ecosystem_Report.qmd,21922714393753225fbc3f5cf245aabfc2efe9bd2f6baa5ae963fa516f4820ba,1892,reports/2026-10-07/semantic_evidence_review/originals/21922714393753225fbc3f5cf245aabfc2efe9bd2f6baa5ae963fa516f4820ba.qmd,KEYWORD_LOCATOR_NOT_INDIVIDUAL_CLAIM_VERIFICATION
C03,Reference/Aerospace_Ecosystem_Report.qmd,21922714393753225fbc3f5cf245aabfc2efe9bd2f6baa5ae963fa516f4820ba,1908,reports/2026-10-07/semantic_evidence_review/originals/21922714393753225fbc3f5cf245aabfc2efe9bd2f6baa5ae963fa516f4820ba.qmd,KEYWORD_LOCATOR_NOT_INDIVIDUAL_CLAIM_VERIFICATION
C03,Reference/Aerospace_Ecosystem_Report.qmd,21922714393753225fbc3f5cf245aabfc2efe9bd2f6baa5ae963fa516f4820ba,1958,reports/2026-10-07/semantic_evidence_review/originals/21922714393753225fbc3f5cf245aabfc2efe9bd2f6baa5ae963fa516f4820ba.qmd,KEYWORD_LOCATOR_NOT_INDIVIDUAL_CLAIM_VERIFICATION
C02,Reference/Aerospace_Ecosystem_Report.qmd,21922714393753225fbc3f5cf245aabfc2efe9bd2f6baa5ae963fa516f4820ba,2123,reports/2026-10-07/semantic_evidence_review/originals/21922714393753225fbc3f5cf245aabfc2efe9bd2f6baa5ae963fa516f4820ba.qmd,KEYWORD_LOCATOR_NOT_INDIVIDUAL_CLAIM_VERIFICATION
C01,Reference/Aerospace_Ecosystem_Report.qmd,21922714393753225fbc3f5cf245aabfc2efe9bd2f6baa5ae963fa516f4820ba,2176,reports/2026-10-07/semantic_evidence_review/originals/21922714393753225fbc3f5cf245aabfc2efe9bd2f6baa5ae963fa516f4820ba.qmd,KEYWORD_LOCATOR_NOT_INDIVIDUAL_CLAIM_VERIFICATION
C03,Reference/Aerospace_Ecosystem_Report.qmd,21922714393753225fbc3f5cf245aabfc2efe9bd2f6baa5ae963fa516f4820ba,2201,reports/2026-10-07/semantic_evidence_review/originals/21922714393753225fbc3f5cf245aabfc2efe9bd2f6baa5ae963fa516f4820ba.qmd,KEYWORD_LOCATOR_NOT_INDIVIDUAL_CLAIM_VERIFICATION
C03,Reference/Aerospace_Ecosystem_Report.qmd,21922714393753225fbc3f5cf245aabfc2efe9bd2f6baa5ae963fa516f4820ba,2202,reports/2026-10-07/semantic_evidence_review/originals/21922714393753225fbc3f5cf245aabfc2efe9bd2f6baa5ae963fa516f4820ba.qmd,KEYWORD_LOCATOR_NOT_INDIVIDUAL_CLAIM_VERIFICATION
C03,Reference/Aerospace_Ecosystem_Report.qmd,21922714393753225fbc3f5cf245aabfc2efe9bd2f6baa5ae963fa516f4820ba,2203,reports/2026-10-07/semantic_evidence_review/originals/21922714393753225fbc3f5cf245aabfc2efe9bd2f6baa5ae963fa516f4820ba.qmd,KEYWORD_LOCATOR_NOT_INDIVIDUAL_CLAIM_VERIFICATION
C03,Reference/Aerospace_Ecosystem_Report.qmd,21922714393753225fbc3f5cf245aabfc2efe9bd2f6baa5ae963fa516f4820ba,2209,reports/2026-10-07/semantic_evidence_review/originals/21922714393753225fbc3f5cf245aabfc2efe9bd2f6baa5ae963fa516f4820ba.qmd,KEYWORD_LOCATOR_NOT_INDIVIDUAL_CLAIM_VERIFICATION
C03,Reference/Aerospace_Ecosystem_Report.qmd,21922714393753225fbc3f5cf245aabfc2efe9bd2f6baa5ae963fa516f4820ba,2229,reports/2026-10-07/semantic_evidence_review/originals/21922714393753225fbc3f5cf245aabfc2efe9bd2f6baa5ae963fa516f4820ba.qmd,KEYWORD_LOCATOR_NOT_INDIVIDUAL_CLAIM_VERIFICATION
C03,Reference/Aerospace_Ecosystem_Report.qmd,21922714393753225fbc3f5cf245aabfc2efe9bd2f6baa5ae963fa516f4820ba,2507,reports/2026-10-07/semantic_evidence_review/originals/21922714393753225fbc3f5cf245aabfc2efe9bd2f6baa5ae963fa516f4820ba.qmd,KEYWORD_LOCATOR_NOT_INDIVIDUAL_CLAIM_VERIFICATION
C03,Reference/Aerospace_Ecosystem_Report.qmd,21922714393753225fbc3f5cf245aabfc2efe9bd2f6baa5ae963fa516f4820ba,2563,reports/2026-10-07/semantic_evidence_review/originals/21922714393753225fbc3f5cf245aabfc2efe9bd2f6baa5ae963fa516f4820ba.qmd,KEYWORD_LOCATOR_NOT_INDIVIDUAL_CLAIM_VERIFICATION
C03,Reference/Aerospace_Ecosystem_Report.qmd,21922714393753225fbc3f5cf245aabfc2efe9bd2f6baa5ae963fa516f4820ba,2626,reports/2026-10-07/semantic_evidence_review/originals/21922714393753225fbc3f5cf245aabfc2efe9bd2f6baa5ae963fa516f4820ba.qmd,KEYWORD_LOCATOR_NOT_INDIVIDUAL_CLAIM_VERIFICATION
C03,Reference/Aerospace_Ecosystem_Report.qmd,21922714393753225fbc3f5cf245aabfc2efe9bd2f6baa5ae963fa516f4820ba,2791,reports/2026-10-07/semantic_evidence_review/originals/21922714393753225fbc3f5cf245aabfc2efe9bd2f6baa5ae963fa516f4820ba.qmd,KEYWORD_LOCATOR_NOT_INDIVIDUAL_CLAIM_VERIFICATION
C03,Reference/Aerospace_Ecosystem_Report.qmd,21922714393753225fbc3f5cf245aabfc2efe9bd2f6baa5ae963fa516f4820ba,2903,reports/2026-10-07/semantic_evidence_review/originals/21922714393753225fbc3f5cf245aabfc2efe9bd2f6baa5ae963fa516f4820ba.qmd,KEYWORD_LOCATOR_NOT_INDIVIDUAL_CLAIM_VERIFICATION
C03,Reference/Aerospace_Ecosystem_Report.qmd,21922714393753225fbc3f5cf245aabfc2efe9bd2f6baa5ae963fa516f4820ba,3015,reports/2026-10-07/semantic_evidence_review/originals/21922714393753225fbc3f5cf245aabfc2efe9bd2f6baa5ae963fa516f4820ba.qmd,KEYWORD_LOCATOR_NOT_INDIVIDUAL_CLAIM_VERIFICATION
C01,Reference/Aerospace_Ecosystem_Report.qmd,21922714393753225fbc3f5cf245aabfc2efe9bd2f6baa5ae963fa516f4820ba,3037,reports/2026-10-07/semantic_evidence_review/originals/21922714393753225fbc3f5cf245aabfc2efe9bd2f6baa5ae963fa516f4820ba.qmd,KEYWORD_LOCATOR_NOT_INDIVIDUAL_CLAIM_VERIFICATION
C01,Reference/Aerospace_Ecosystem_Report.qmd,21922714393753225fbc3f5cf245aabfc2efe9bd2f6baa5ae963fa516f4820ba,3101,reports/2026-10-07/semantic_evidence_review/originals/21922714393753225fbc3f5cf245aabfc2efe9bd2f6baa5ae963fa516f4820ba.qmd,KEYWORD_LOCATOR_NOT_INDIVIDUAL_CLAIM_VERIFICATION
C03,Reference/Aerospace_Ecosystem_Report.qmd,21922714393753225fbc3f5cf245aabfc2efe9bd2f6baa5ae963fa516f4820ba,3616,reports/2026-10-07/semantic_evidence_review/originals/21922714393753225fbc3f5cf245aabfc2efe9bd2f6baa5ae963fa516f4820ba.qmd,KEYWORD_LOCATOR_NOT_INDIVIDUAL_CLAIM_VERIFICATION
C03,Reference/Aerospace_Ecosystem_Report.qmd,21922714393753225fbc3f5cf245aabfc2efe9bd2f6baa5ae963fa516f4820ba,3625,reports/2026-10-07/semantic_evidence_review/originals/21922714393753225fbc3f5cf245aabfc2efe9bd2f6baa5ae963fa516f4820ba.qmd,KEYWORD_LOCATOR_NOT_INDIVIDUAL_CLAIM_VERIFICATION
C03,Reference/Aerospace_Ecosystem_Report.qmd,21922714393753225fbc3f5cf245aabfc2efe9bd2f6baa5ae963fa516f4820ba,3671,reports/2026-10-07/semantic_evidence_review/originals/21922714393753225fbc3f5cf245aabfc2efe9bd2f6baa5ae963fa516f4820ba.qmd,KEYWORD_LOCATOR_NOT_INDIVIDUAL_CLAIM_VERIFICATION
C03,Reference/Aerospace_Ecosystem_Report.qmd,21922714393753225fbc3f5cf245aabfc2efe9bd2f6baa5ae963fa516f4820ba,3680,reports/2026-10-07/semantic_evidence_review/originals/21922714393753225fbc3f5cf245aabfc2efe9bd2f6baa5ae963fa516f4820ba.qmd,KEYWORD_LOCATOR_NOT_INDIVIDUAL_CLAIM_VERIFICATION
C03,Reference/Aerospace_Ecosystem_Report.qmd,21922714393753225fbc3f5cf245aabfc2efe9bd2f6baa5ae963fa516f4820ba,3689,reports/2026-10-07/semantic_evidence_review/originals/21922714393753225fbc3f5cf245aabfc2efe9bd2f6baa5ae963fa516f4820ba.qmd,KEYWORD_LOCATOR_NOT_INDIVIDUAL_CLAIM_VERIFICATION
C03,Reference/Aerospace_Ecosystem_Report.qmd,21922714393753225fbc3f5cf245aabfc2efe9bd2f6baa5ae963fa516f4820ba,4459,reports/2026-10-07/semantic_evidence_review/originals/21922714393753225fbc3f5cf245aabfc2efe9bd2f6baa5ae963fa516f4820ba.qmd,KEYWORD_LOCATOR_NOT_INDIVIDUAL_CLAIM_VERIFICATION
C03,Reference/Aerospace_Ecosystem_Report.qmd,21922714393753225fbc3f5cf245aabfc2efe9bd2f6baa5ae963fa516f4820ba,4619,reports/2026-10-07/semantic_evidence_review/originals/21922714393753225fbc3f5cf245aabfc2efe9bd2f6baa5ae963fa516f4820ba.qmd,KEYWORD_LOCATOR_NOT_INDIVIDUAL_CLAIM_VERIFICATION
C04,Reference/Aerospace_Ecosystem_Report.qmd,21922714393753225fbc3f5cf245aabfc2efe9bd2f6baa5ae963fa516f4820ba,4730,reports/2026-10-07/semantic_evidence_review/originals/21922714393753225fbc3f5cf245aabfc2efe9bd2f6baa5ae963fa516f4820ba.qmd,KEYWORD_LOCATOR_NOT_INDIVIDUAL_CLAIM_VERIFICATION
C04,Reference/Aerospace_Ecosystem_Report.qmd,21922714393753225fbc3f5cf245aabfc2efe9bd2f6baa5ae963fa516f4820ba,4754,reports/2026-10-07/semantic_evidence_review/originals/21922714393753225fbc3f5cf245aabfc2efe9bd2f6baa5ae963fa516f4820ba.qmd,KEYWORD_LOCATOR_NOT_INDIVIDUAL_CLAIM_VERIFICATION
C04,Reference/Aerospace_Ecosystem_Report.qmd,21922714393753225fbc3f5cf245aabfc2efe9bd2f6baa5ae963fa516f4820ba,4800,reports/2026-10-07/semantic_evidence_review/originals/21922714393753225fbc3f5cf245aabfc2efe9bd2f6baa5ae963fa516f4820ba.qmd,KEYWORD_LOCATOR_NOT_INDIVIDUAL_CLAIM_VERIFICATION
C01,Reference/Aerospace_Ecosystem_Report.qmd,21922714393753225fbc3f5cf245aabfc2efe9bd2f6baa5ae963fa516f4820ba,4889,reports/2026-10-07/semantic_evidence_review/originals/21922714393753225fbc3f5cf245aabfc2efe9bd2f6baa5ae963fa516f4820ba.qmd,KEYWORD_LOCATOR_NOT_INDIVIDUAL_CLAIM_VERIFICATION
C04,Reference/Aerospace_Ecosystem_Report.qmd,21922714393753225fbc3f5cf245aabfc2efe9bd2f6baa5ae963fa516f4820ba,5258,reports/2026-10-07/semantic_evidence_review/originals/21922714393753225fbc3f5cf245aabfc2efe9bd2f6baa5ae963fa516f4820ba.qmd,KEYWORD_LOCATOR_NOT_INDIVIDUAL_CLAIM_VERIFICATION
C03,Reference/Aerospace_Ecosystem_Report.qmd,21922714393753225fbc3f5cf245aabfc2efe9bd2f6baa5ae963fa516f4820ba,5396,reports/2026-10-07/semantic_evidence_review/originals/21922714393753225fbc3f5cf245aabfc2efe9bd2f6baa5ae963fa516f4820ba.qmd,KEYWORD_LOCATOR_NOT_INDIVIDUAL_CLAIM_VERIFICATION
C03,Reference/Aerospace_Ecosystem_Report.qmd,21922714393753225fbc3f5cf245aabfc2efe9bd2f6baa5ae963fa516f4820ba,5444,reports/2026-10-07/semantic_evidence_review/originals/21922714393753225fbc3f5cf245aabfc2efe9bd2f6baa5ae963fa516f4820ba.qmd,KEYWORD_LOCATOR_NOT_INDIVIDUAL_CLAIM_VERIFICATION
C03,Reference/Aerospace_Ecosystem_Report.qmd,21922714393753225fbc3f5cf245aabfc2efe9bd2f6baa5ae963fa516f4820ba,5628,reports/2026-10-07/semantic_evidence_review/originals/21922714393753225fbc3f5cf245aabfc2efe9bd2f6baa5ae963fa516f4820ba.qmd,KEYWORD_LOCATOR_NOT_INDIVIDUAL_CLAIM_VERIFICATION
C03,Reference/Aerospace_Ecosystem_Report.qmd,21922714393753225fbc3f5cf245aabfc2efe9bd2f6baa5ae963fa516f4820ba,5771,reports/2026-10-07/semantic_evidence_review/originals/21922714393753225fbc3f5cf245aabfc2efe9bd2f6baa5ae963fa516f4820ba.qmd,KEYWORD_LOCATOR_NOT_INDIVIDUAL_CLAIM_VERIFICATION
C04,Reference/Aerospace_Ecosystem_Report.qmd,21922714393753225fbc3f5cf245aabfc2efe9bd2f6baa5ae963fa516f4820ba,5922,reports/2026-10-07/semantic_evidence_review/originals/21922714393753225fbc3f5cf245aabfc2efe9bd2f6baa5ae963fa516f4820ba.qmd,KEYWORD_LOCATOR_NOT_INDIVIDUAL_CLAIM_VERIFICATION
C04,Reference/Aerospace_Ecosystem_Report.qmd,21922714393753225fbc3f5cf245aabfc2efe9bd2f6baa5ae963fa516f4820ba,5923,reports/2026-10-07/semantic_evidence_review/originals/21922714393753225fbc3f5cf245aabfc2efe9bd2f6baa5ae963fa516f4820ba.qmd,KEYWORD_LOCATOR_NOT_INDIVIDUAL_CLAIM_VERIFICATION
C04,Reference/Aerospace_Ecosystem_Report.qmd,21922714393753225fbc3f5cf245aabfc2efe9bd2f6baa5ae963fa516f4820ba,5924,reports/2026-10-07/semantic_evidence_review/originals/21922714393753225fbc3f5cf245aabfc2efe9bd2f6baa5ae963fa516f4820ba.qmd,KEYWORD_LOCATOR_NOT_INDIVIDUAL_CLAIM_VERIFICATION
C04,Reference/Aerospace_Ecosystem_Report.qmd,21922714393753225fbc3f5cf245aabfc2efe9bd2f6baa5ae963fa516f4820ba,5925,reports/2026-10-07/semantic_evidence_review/originals/21922714393753225fbc3f5cf245aabfc2efe9bd2f6baa5ae963fa516f4820ba.qmd,KEYWORD_LOCATOR_NOT_INDIVIDUAL_CLAIM_VERIFICATION
C04,Reference/Aerospace_Ecosystem_Report.qmd,21922714393753225fbc3f5cf245aabfc2efe9bd2f6baa5ae963fa516f4820ba,5926,reports/2026-10-07/semantic_evidence_review/originals/21922714393753225fbc3f5cf245aabfc2efe9bd2f6baa5ae963fa516f4820ba.qmd,KEYWORD_LOCATOR_NOT_INDIVIDUAL_CLAIM_VERIFICATION
C04,Reference/Aerospace_Ecosystem_Report.qmd,21922714393753225fbc3f5cf245aabfc2efe9bd2f6baa5ae963fa516f4820ba,6006,reports/2026-10-07/semantic_evidence_review/originals/21922714393753225fbc3f5cf245aabfc2efe9bd2f6baa5ae963fa516f4820ba.qmd,KEYWORD_LOCATOR_NOT_INDIVIDUAL_CLAIM_VERIFICATION
C04,Reference/Aerospace_Ecosystem_Report.qmd,21922714393753225fbc3f5cf245aabfc2efe9bd2f6baa5ae963fa516f4820ba,6112,reports/2026-10-07/semantic_evidence_review/originals/21922714393753225fbc3f5cf245aabfc2efe9bd2f6baa5ae963fa516f4820ba.qmd,KEYWORD_LOCATOR_NOT_INDIVIDUAL_CLAIM_VERIFICATION
C03,Reference/Aerospace_Ecosystem_Report.qmd,21922714393753225fbc3f5cf245aabfc2efe9bd2f6baa5ae963fa516f4820ba,6155,reports/2026-10-07/semantic_evidence_review/originals/21922714393753225fbc3f5cf245aabfc2efe9bd2f6baa5ae963fa516f4820ba.qmd,KEYWORD_LOCATOR_NOT_INDIVIDUAL_CLAIM_VERIFICATION
C04,Reference/Aerospace_Ecosystem_Report.qmd,21922714393753225fbc3f5cf245aabfc2efe9bd2f6baa5ae963fa516f4820ba,6252,reports/2026-10-07/semantic_evidence_review/originals/21922714393753225fbc3f5cf245aabfc2efe9bd2f6baa5ae963fa516f4820ba.qmd,KEYWORD_LOCATOR_NOT_INDIVIDUAL_CLAIM_VERIFICATION
C03,Reference/Aerospace_Ecosystem_Report.qmd,21922714393753225fbc3f5cf245aabfc2efe9bd2f6baa5ae963fa516f4820ba,7055,reports/2026-10-07/semantic_evidence_review/originals/21922714393753225fbc3f5cf245aabfc2efe9bd2f6baa5ae963fa516f4820ba.qmd,KEYWORD_LOCATOR_NOT_INDIVIDUAL_CLAIM_VERIFICATION
C01,Reference/Aerospace_Ecosystem_Report.qmd,21922714393753225fbc3f5cf245aabfc2efe9bd2f6baa5ae963fa516f4820ba,7926,reports/2026-10-07/semantic_evidence_review/originals/21922714393753225fbc3f5cf245aabfc2efe9bd2f6baa5ae963fa516f4820ba.qmd,KEYWORD_LOCATOR_NOT_INDIVIDUAL_CLAIM_VERIFICATION
C03,Reference/Aerospace_Ecosystem_Report.qmd,21922714393753225fbc3f5cf245aabfc2efe9bd2f6baa5ae963fa516f4820ba,8055,reports/2026-10-07/semantic_evidence_review/originals/21922714393753225fbc3f5cf245aabfc2efe9bd2f6baa5ae963fa516f4820ba.qmd,KEYWORD_LOCATOR_NOT_INDIVIDUAL_CLAIM_VERIFICATION
C03,Reference/Aerospace_Ecosystem_Report.qmd,21922714393753225fbc3f5cf245aabfc2efe9bd2f6baa5ae963fa516f4820ba,8290,reports/2026-10-07/semantic_evidence_review/originals/21922714393753225fbc3f5cf245aabfc2efe9bd2f6baa5ae963fa516f4820ba.qmd,KEYWORD_LOCATOR_NOT_INDIVIDUAL_CLAIM_VERIFICATION
C03,Reference/Aerospace_Ecosystem_Report.qmd,21922714393753225fbc3f5cf245aabfc2efe9bd2f6baa5ae963fa516f4820ba,8362,reports/2026-10-07/semantic_evidence_review/originals/21922714393753225fbc3f5cf245aabfc2efe9bd2f6baa5ae963fa516f4820ba.qmd,KEYWORD_LOCATOR_NOT_INDIVIDUAL_CLAIM_VERIFICATION
C04,Reference/Aerospace_Ecosystem_Report.qmd,21922714393753225fbc3f5cf245aabfc2efe9bd2f6baa5ae963fa516f4820ba,8389,reports/2026-10-07/semantic_evidence_review/originals/21922714393753225fbc3f5cf245aabfc2efe9bd2f6baa5ae963fa516f4820ba.qmd,KEYWORD_LOCATOR_NOT_INDIVIDUAL_CLAIM_VERIFICATION
