query_gsod_station_id,ncdc_station_id,source_identifier_row,id_type,identifier,begin_date,end_date,interval_status
03002099999,30146331,1,ICAO,EGPW,1981-01-01T00:00:00.000,2002-12-31T00:00:00.000,DOES_NOT_COVER_FULL_2024
03002099999,30146331,2,NCDCSTNID,30146331,1981-01-01T00:00:00.000,2002-12-31T00:00:00.000,DOES_NOT_COVER_FULL_2024
03002099999,30146331,3,GHCNH,UKI0000EGPW,1981-01-01T00:00:00.000,2002-12-31T00:00:00.000,DOES_NOT_COVER_FULL_2024
04202099999,20029400,1,GHCND,GLW00017605,1951-10-01T00:00:00.000,Present,COVERS_FULL_2024
04202099999,20029400,2,GHCNMLT,GLW00017605,1951-10-01T00:00:00.000,Present,COVERS_FULL_2024
04202099999,20029400,3,WBAN,17605,1951-10-01T00:00:00.000,Present,COVERS_FULL_2024
04202099999,20029400,4,ICAO,BGTL,1951-10-01T00:00:00.000,Present,COVERS_FULL_2024
04202099999,20029400,5,WMO,04202,1951-10-01T00:00:00.000,Present,COVERS_FULL_2024
04202099999,20029400,6,NCDCSTNID,20029400,1951-10-01T00:00:00.000,Present,COVERS_FULL_2024
04202099999,20029400,7,GHCNH,GLW00017605,1951-10-01T00:00:00.000,Present,COVERS_FULL_2024
04202099999,30104399,1,WBAN,17605,1946-10-01T00:00:00.000,2006-10-15T00:00:00.000,DOES_NOT_COVER_FULL_2024
04202099999,30104399,2,ICAO,BGTL,1946-10-01T00:00:00.000,2006-10-15T00:00:00.000,DOES_NOT_COVER_FULL_2024
04202099999,30104399,3,WMO,04202,1946-10-01T00:00:00.000,2006-10-15T00:00:00.000,DOES_NOT_COVER_FULL_2024
04202099999,30104399,4,NCDCSTNID,30104399,1946-10-01T00:00:00.000,2006-10-15T00:00:00.000,DOES_NOT_COVER_FULL_2024
04202099999,30104399,5,IGRA,GLM00004202,1946-10-01T00:00:00.000,2006-10-15T00:00:00.000,DOES_NOT_COVER_FULL_2024
21823099999,30105869,1,ICAO,UEEE,1940-02-19T00:00:00.000,2022-08-27T00:00:00.000,DOES_NOT_COVER_FULL_2024
21823099999,30105869,2,WMO,24959,1940-02-19T00:00:00.000,2022-08-27T00:00:00.000,DOES_NOT_COVER_FULL_2024
21823099999,30105869,3,NCDCSTNID,30105869,1940-02-19T00:00:00.000,2022-08-27T00:00:00.000,DOES_NOT_COVER_FULL_2024
21823099999,30105869,4,IGRA,RSM00024959,1940-02-19T00:00:00.000,2022-08-27T00:00:00.000,DOES_NOT_COVER_FULL_2024
23022099999,30105842,1,ICAO,ULDD,1947-06-28T00:00:00.000,1998-10-03T00:00:00.000,DOES_NOT_COVER_FULL_2024
23022099999,30105842,2,WMO,23022,1947-06-28T00:00:00.000,1998-10-03T00:00:00.000,DOES_NOT_COVER_FULL_2024
23022099999,30105842,3,NCDCSTNID,30105842,1947-06-28T00:00:00.000,1998-10-03T00:00:00.000,DOES_NOT_COVER_FULL_2024
23022099999,30105842,4,IGRA,RSM00023022,1947-06-28T00:00:00.000,1998-10-03T00:00:00.000,DOES_NOT_COVER_FULL_2024
25594099999,30105878,1,ICAO,UHMD,1946-02-09T00:00:00.000,1991-05-31T00:00:00.000,DOES_NOT_COVER_FULL_2024
25594099999,30105878,2,WMO,25594,1946-02-09T00:00:00.000,1991-05-31T00:00:00.000,DOES_NOT_COVER_FULL_2024
25594099999,30105878,3,NCDCSTNID,30105878,1946-02-09T00:00:00.000,1991-05-31T00:00:00.000,DOES_NOT_COVER_FULL_2024
25594099999,30105878,4,IGRA,RSM00025594,1946-02-09T00:00:00.000,1991-05-31T00:00:00.000,DOES_NOT_COVER_FULL_2024
25913099999,30105882,1,ICAO,UHMM,1950-01-11T00:00:00.000,2022-08-27T00:00:00.000,DOES_NOT_COVER_FULL_2024
25913099999,30105882,2,WMO,25913,1950-01-11T00:00:00.000,2022-08-27T00:00:00.000,DOES_NOT_COVER_FULL_2024
25913099999,30105882,3,NCDCSTNID,30105882,1950-01-11T00:00:00.000,2022-08-27T00:00:00.000,DOES_NOT_COVER_FULL_2024
25913099999,30105882,4,IGRA,RSM00025913,1950-01-11T00:00:00.000,2022-08-27T00:00:00.000,DOES_NOT_COVER_FULL_2024
40199099999,30105080,1,ICAO,LLET,1973-01-02T00:00:00.000,1988-08-19T00:00:00.000,DOES_NOT_COVER_FULL_2024
40199099999,30105080,2,WMO,40199,1973-01-02T00:00:00.000,1988-08-19T00:00:00.000,DOES_NOT_COVER_FULL_2024
40199099999,30105080,3,NCDCSTNID,30105080,1973-01-02T00:00:00.000,1988-08-19T00:00:00.000,DOES_NOT_COVER_FULL_2024
40199099999,30105080,4,IGRA,ISM00040199,1973-01-02T00:00:00.000,1988-08-19T00:00:00.000,DOES_NOT_COVER_FULL_2024
68155099999,30146409,1,ICAO,FAER,1997-01-01T00:00:00.000,Present,COVERS_FULL_2024
68155099999,30146409,2,WMO,68155,1997-01-01T00:00:00.000,Present,COVERS_FULL_2024
68155099999,30146409,3,NCDCSTNID,30146409,1997-01-01T00:00:00.000,Present,COVERS_FULL_2024
68155099999,30146409,4,GHCNH,SFI0000FAER,1997-01-01T00:00:00.000,Present,COVERS_FULL_2024
68538099999,30106010,1,ICAO,FADY,1993-02-18T00:00:00.000,2022-05-20T00:00:00.000,DOES_NOT_COVER_FULL_2024
68538099999,30106010,2,WMO,68538,1993-02-18T00:00:00.000,2022-05-20T00:00:00.000,DOES_NOT_COVER_FULL_2024
68538099999,30106010,3,NCDCSTNID,30106010,1993-02-18T00:00:00.000,2022-05-20T00:00:00.000,DOES_NOT_COVER_FULL_2024
68538099999,30106010,4,IGRA,SFM00068538,1993-02-18T00:00:00.000,2022-05-20T00:00:00.000,DOES_NOT_COVER_FULL_2024
68906099999,30106025,1,ICAO,FAGE,1957-07-01T00:00:00.000,2022-04-09T00:00:00.000,DOES_NOT_COVER_FULL_2024
68906099999,30106025,2,WMO,68906,1957-07-01T00:00:00.000,2022-04-09T00:00:00.000,DOES_NOT_COVER_FULL_2024
68906099999,30106025,3,NCDCSTNID,30106025,1957-07-01T00:00:00.000,2022-04-09T00:00:00.000,DOES_NOT_COVER_FULL_2024
68906099999,30106025,4,IGRA,SHM00068906,1957-07-01T00:00:00.000,2022-04-09T00:00:00.000,DOES_NOT_COVER_FULL_2024
69015093121,20001799,1,GHCND,USW00093121,Unknown,Present,BEGIN_UNKNOWN_OR_UNPARSEABLE
69015093121,20001799,2,GHCNMLT,USW00093121,Unknown,Present,BEGIN_UNKNOWN_OR_UNPARSEABLE
69015093121,20001799,3,WBAN,93121,Unknown,Present,BEGIN_UNKNOWN_OR_UNPARSEABLE
69015093121,20001799,4,FAA,NXP,Unknown,Present,BEGIN_UNKNOWN_OR_UNPARSEABLE
69015093121,20001799,5,ICAO,KNXP,Unknown,Present,BEGIN_UNKNOWN_OR_UNPARSEABLE
69015093121,20001799,6,NWSLI,NXP,1993-06-30T00:00:00.000,Present,COVERS_FULL_2024
69015093121,20001799,7,NCDCSTNID,20001799,Unknown,Present,BEGIN_UNKNOWN_OR_UNPARSEABLE
69015093121,20001799,8,GHCNH,USW00093121,Unknown,Present,BEGIN_UNKNOWN_OR_UNPARSEABLE
80398099999,30104909,1,ICAO,SKLT,1986-08-09T00:00:00.000,2022-08-27T00:00:00.000,DOES_NOT_COVER_FULL_2024
80398099999,30104909,2,WMO,80398,1986-08-09T00:00:00.000,2022-08-27T00:00:00.000,DOES_NOT_COVER_FULL_2024
80398099999,30104909,3,NCDCSTNID,30104909,1986-08-09T00:00:00.000,2022-08-27T00:00:00.000,DOES_NOT_COVER_FULL_2024
80398099999,30104909,4,IGRA,COM00080398,1986-08-09T00:00:00.000,2022-08-27T00:00:00.000,DOES_NOT_COVER_FULL_2024
89009090001,20028978,1,GHCND,AYW00090001,1957-02-01T00:00:00.000,Present,COVERS_FULL_2024
89009090001,20028978,2,GHCNMLT,AYW00090001,1957-02-01T00:00:00.000,Present,COVERS_FULL_2024
89009090001,20028978,3,WBAN,90001,1957-02-01T00:00:00.000,Present,COVERS_FULL_2024
89009090001,20028978,4,ICAO,NZSP,1957-02-01T00:00:00.000,Present,COVERS_FULL_2024
89009090001,20028978,5,WMO,89009,2007-10-02T00:00:00.000,Present,COVERS_FULL_2024
89009090001,20028978,6,NCDCSTNID,20028978,1957-02-01T00:00:00.000,Present,COVERS_FULL_2024
89664087601,20028971,1,WBAN,87601,1956-03-01T00:00:00.000,2021-11-23T00:00:00.000,DOES_NOT_COVER_FULL_2024
89664087601,20028971,2,ICAO,NZCM,1956-03-01T00:00:00.000,2021-11-23T00:00:00.000,DOES_NOT_COVER_FULL_2024
89664087601,20028971,3,NCDCSTNID,20028971,1956-03-01T00:00:00.000,2021-11-23T00:00:00.000,DOES_NOT_COVER_FULL_2024
89664087601,20028971,4,GHCNH,AYW00087601,1956-03-01T00:00:00.000,2021-11-23T00:00:00.000,DOES_NOT_COVER_FULL_2024
89664087601,30104015,1,WBAN,87601,1956-04-15T00:00:00.000,2022-08-27T00:00:00.000,DOES_NOT_COVER_FULL_2024
89664087601,30104015,2,ICAO,NZCM,1956-04-15T00:00:00.000,2022-08-27T00:00:00.000,DOES_NOT_COVER_FULL_2024
89664087601,30104015,3,WMO,89664,1956-04-15T00:00:00.000,2022-08-27T00:00:00.000,DOES_NOT_COVER_FULL_2024
89664087601,30104015,4,NCDCSTNID,30104015,1956-04-15T00:00:00.000,2022-08-27T00:00:00.000,DOES_NOT_COVER_FULL_2024
89664087601,30104015,5,IGRA,AYM00089664,1956-04-15T00:00:00.000,2022-08-27T00:00:00.000,DOES_NOT_COVER_FULL_2024
91665099999,30139292,1,ICAO,NFNM,2002-01-01T00:00:00.000,2020-12-31T00:00:00.000,DOES_NOT_COVER_FULL_2024
91665099999,30139292,2,WMO,91665,2002-01-01T00:00:00.000,2020-12-31T00:00:00.000,DOES_NOT_COVER_FULL_2024
91665099999,30139292,3,NCDCSTNID,30139292,2002-01-01T00:00:00.000,2020-12-31T00:00:00.000,DOES_NOT_COVER_FULL_2024
91665099999,30139292,4,GHCNH,FJI0000NFNM,2002-01-01T00:00:00.000,2020-12-31T00:00:00.000,DOES_NOT_COVER_FULL_2024
