concept_id,collection_revision,metadata_granule_count,result_state,returned_entries,probe_scope,file_download_verified,spatial_country_coverage_verified,all_history_complete,source_file,source_sha256,error
C1214470488-ASF,1447,2140803,PUBLIC_CMR_GRANULE_METADATA_COUNT_OBSERVED,0,PUBLIC_NO_AREA_OR_TIME_FILTER_PAGE_SIZE_ZERO,False,False,False,reports/2026-10-09/cmr_availability_b46/raw/C1214470488-ASF.response,6bfd44730e8c06b511f21ffeb4a21a7f2dd85d46eafa01e85aa9f1e5a96820e7,
C3470873558-ASF,14,259145,PUBLIC_CMR_GRANULE_METADATA_COUNT_OBSERVED,0,PUBLIC_NO_AREA_OR_TIME_FILTER_PAGE_SIZE_ZERO,False,False,False,reports/2026-10-09/cmr_availability_b46/raw/C3470873558-ASF.response,9f6869df0826856ac0a99af798b750c8cbe954f8e454b95a5888243a24f14eca,
C4175278193-ASF,3,84254,PUBLIC_CMR_GRANULE_METADATA_COUNT_OBSERVED,0,PUBLIC_NO_AREA_OR_TIME_FILTER_PAGE_SIZE_ZERO,False,False,False,reports/2026-10-09/cmr_availability_b46/raw/C4175278193-ASF.response,a59ebbf5a46f70c35cc48a247e716327dbef6ad29accbe86638da4cd3969c22d,
C2854338529-ASF,6,145146,PUBLIC_CMR_GRANULE_METADATA_COUNT_OBSERVED,0,PUBLIC_NO_AREA_OR_TIME_FILTER_PAGE_SIZE_ZERO,False,False,False,reports/2026-10-09/cmr_availability_b46/raw/C2854338529-ASF.response,e28ac1023c7dd60ae71ded362a469b2f20a1b669f9aeb2eb59dc6ec06eb6cc00,
C1206487504-ASF,1767,506657,PUBLIC_CMR_GRANULE_METADATA_COUNT_OBSERVED,0,PUBLIC_NO_AREA_OR_TIME_FILTER_PAGE_SIZE_ZERO,False,False,False,reports/2026-10-09/cmr_availability_b46/raw/C1206487504-ASF.response,8d61466becc8ed345e4c92732908e1876b83cf02906d8d3c2cca28b3ab0dfa00,
C2854332392-ASF,5,144410,PUBLIC_CMR_GRANULE_METADATA_COUNT_OBSERVED,0,PUBLIC_NO_AREA_OR_TIME_FILTER_PAGE_SIZE_ZERO,False,False,False,reports/2026-10-09/cmr_availability_b46/raw/C2854332392-ASF.response,b5b2657a0a322bf33fffb8c5055c72137c3067602b390f716a0579e1c8278c0e,
C2854335566-ASF,4,82535,PUBLIC_CMR_GRANULE_METADATA_COUNT_OBSERVED,0,PUBLIC_NO_AREA_OR_TIME_FILTER_PAGE_SIZE_ZERO,False,False,False,reports/2026-10-09/cmr_availability_b46/raw/C2854335566-ASF.response,2eb88074f250d7c611d7ce39e130e092b16431322999e5a72ae68e9a0b4e6d05,
C2853145197-ASF,5,146662,PUBLIC_CMR_GRANULE_METADATA_COUNT_OBSERVED,0,PUBLIC_NO_AREA_OR_TIME_FILTER_PAGE_SIZE_ZERO,False,False,False,reports/2026-10-09/cmr_availability_b46/raw/C2853145197-ASF.response,8bfd69ee73dde8f37db0ffe977f8917a775e8a153192f12527b205db45b6936b,
C3294057315-ASF,17,208222,PUBLIC_CMR_GRANULE_METADATA_COUNT_OBSERVED,0,PUBLIC_NO_AREA_OR_TIME_FILTER_PAGE_SIZE_ZERO,False,False,False,reports/2026-10-09/cmr_availability_b46/raw/C3294057315-ASF.response,8e0a785e619b6cb4f953c3f65bf81005548c3c54d89e9117454b2c6de33d2777,
C1214470533-ASF,1437,1838250,PUBLIC_CMR_GRANULE_METADATA_COUNT_OBSERVED,0,PUBLIC_NO_AREA_OR_TIME_FILTER_PAGE_SIZE_ZERO,False,False,False,reports/2026-10-09/cmr_availability_b46/raw/C1214470533-ASF.response,eeffd2240afd1d9637fb30110258536fcce35842b7b6d4824c54e8830673fd3e,
C2850225585-ASF,23,23846,PUBLIC_CMR_GRANULE_METADATA_COUNT_OBSERVED,0,PUBLIC_NO_AREA_OR_TIME_FILTER_PAGE_SIZE_ZERO,False,False,False,reports/2026-10-09/cmr_availability_b46/raw/C2850225585-ASF.response,95844a48618611ea85be377f219534927de060afef638c1cf804fd907074adf4,
C1327985661-ASF,880,789393,PUBLIC_CMR_GRANULE_METADATA_COUNT_OBSERVED,0,PUBLIC_NO_AREA_OR_TIME_FILTER_PAGE_SIZE_ZERO,False,False,False,reports/2026-10-09/cmr_availability_b46/raw/C1327985661-ASF.response,a516ba2aaa2d420b853b8df072de072495a6a6343ccbcad01f68bb3be74aea8e,
C3622214170-ASF,8,23527,PUBLIC_CMR_GRANULE_METADATA_COUNT_OBSERVED,0,PUBLIC_NO_AREA_OR_TIME_FILTER_PAGE_SIZE_ZERO,False,False,False,reports/2026-10-09/cmr_availability_b46/raw/C3622214170-ASF.response,3a9d0b006ccae4d1dc6e4ff1ea6c0272c38c2ee737afbadc8cdf31de970a4d81,
C2850259510-ASF,7,23450,PUBLIC_CMR_GRANULE_METADATA_COUNT_OBSERVED,0,PUBLIC_NO_AREA_OR_TIME_FILTER_PAGE_SIZE_ZERO,False,False,False,reports/2026-10-09/cmr_availability_b46/raw/C2850259510-ASF.response,61010004b1ef1ad68a6567354aa9481da056950532a8dfd075063cda6915c237,
C1214470532-ASF,1217,2350221,PUBLIC_CMR_GRANULE_METADATA_COUNT_OBSERVED,0,PUBLIC_NO_AREA_OR_TIME_FILTER_PAGE_SIZE_ZERO,False,False,False,reports/2026-10-09/cmr_availability_b46/raw/C1214470532-ASF.response,581ad4e2460e113a696930ed305c6c028099aa5040952a3c82e56240e09a8452,
C2850261892-ASF,6,10217,PUBLIC_CMR_GRANULE_METADATA_COUNT_OBSERVED,0,PUBLIC_NO_AREA_OR_TIME_FILTER_PAGE_SIZE_ZERO,False,False,False,reports/2026-10-09/cmr_availability_b46/raw/C2850261892-ASF.response,3552ef1db268fb11c75a1b655694c4f0277b3d5451e0853cb032b4dbc5862b1b,
C2853153429-ASF,5,23992,PUBLIC_CMR_GRANULE_METADATA_COUNT_OBSERVED,0,PUBLIC_NO_AREA_OR_TIME_FILTER_PAGE_SIZE_ZERO,False,False,False,reports/2026-10-09/cmr_availability_b46/raw/C2853153429-ASF.response,9cdb9258615b55097125f853705d4cc8e11056c2b109a29f53c2ae23daedf91a,
C2854341702-ASF,4,24492,PUBLIC_CMR_GRANULE_METADATA_COUNT_OBSERVED,0,PUBLIC_NO_AREA_OR_TIME_FILTER_PAGE_SIZE_ZERO,False,False,False,reports/2026-10-09/cmr_availability_b46/raw/C2854341702-ASF.response,bab28d512dccbb0e30b4b3a4e83b78e9e00858741fbff290a203bf3777151b33,
C1206485527-ASF,1765,957329,PUBLIC_CMR_GRANULE_METADATA_COUNT_OBSERVED,0,PUBLIC_NO_AREA_OR_TIME_FILTER_PAGE_SIZE_ZERO,False,False,False,reports/2026-10-09/cmr_availability_b46/raw/C1206485527-ASF.response,805ece2391d0c4df682b3cc9a9cd1d26e8da9ed0345c6050e38b8708689c6257,
C2853156054-ASF,4,24492,PUBLIC_CMR_GRANULE_METADATA_COUNT_OBSERVED,0,PUBLIC_NO_AREA_OR_TIME_FILTER_PAGE_SIZE_ZERO,False,False,False,reports/2026-10-09/cmr_availability_b46/raw/C2853156054-ASF.response,74ac84816e042748539c472105a54c17746e732479d1933fb577aca812e57011,
C2854344945-ASF,5,92223,PUBLIC_CMR_GRANULE_METADATA_COUNT_OBSERVED,0,PUBLIC_NO_AREA_OR_TIME_FILTER_PAGE_SIZE_ZERO,False,False,False,reports/2026-10-09/cmr_availability_b46/raw/C2854344945-ASF.response,d0a0c9bf3b686cf2c26ee219b482f70a74b32c9dda97c31794bfd4cf50c06fc7,
C2853147928-ASF,4,23992,PUBLIC_CMR_GRANULE_METADATA_COUNT_OBSERVED,0,PUBLIC_NO_AREA_OR_TIME_FILTER_PAGE_SIZE_ZERO,False,False,False,reports/2026-10-09/cmr_availability_b46/raw/C2853147928-ASF.response,3301abb861afe9e2933577b5e690de850130e8e541d45832b30ce0a424039870,
C1206485320-ASF,1776,901934,PUBLIC_CMR_GRANULE_METADATA_COUNT_OBSERVED,0,PUBLIC_NO_AREA_OR_TIME_FILTER_PAGE_SIZE_ZERO,False,False,False,reports/2026-10-09/cmr_availability_b46/raw/C1206485320-ASF.response,e41b835f1a5fbf915c0e763c9d5e5a733e910c5eea8e47407c672cd2f602ae41,
C2011599335-ASF,6,784743,PUBLIC_CMR_GRANULE_METADATA_COUNT_OBSERVED,0,PUBLIC_NO_AREA_OR_TIME_FILTER_PAGE_SIZE_ZERO,False,False,False,reports/2026-10-09/cmr_availability_b46/raw/C2011599335-ASF.response,53bdf1bb425e783fe57ca1617752d3e605b6a991b6baa86876840819e4e2e813,
C1327985645-ASF,866,694859,PUBLIC_CMR_GRANULE_METADATA_COUNT_OBSERVED,0,PUBLIC_NO_AREA_OR_TIME_FILTER_PAGE_SIZE_ZERO,False,False,False,reports/2026-10-09/cmr_availability_b46/raw/C1327985645-ASF.response,eb6ac36d1feea8ccc1236eb408aaf1d2b4032a3b4caf33dc8103075fdaa905e5,
C3315903479-ASF,9,109526,PUBLIC_CMR_GRANULE_METADATA_COUNT_OBSERVED,0,PUBLIC_NO_AREA_OR_TIME_FILTER_PAGE_SIZE_ZERO,False,False,False,reports/2026-10-09/cmr_availability_b46/raw/C3315903479-ASF.response,b322a52052d9092ddb56ea743d50b02a7c8c6b61c6cc18865ba5346190cdb746,
C1206485940-ASF,1778,901016,PUBLIC_CMR_GRANULE_METADATA_COUNT_OBSERVED,0,PUBLIC_NO_AREA_OR_TIME_FILTER_PAGE_SIZE_ZERO,False,False,False,reports/2026-10-09/cmr_availability_b46/raw/C1206485940-ASF.response,f02ac563a338658ba51d8e06a7bb213da0e762fdb8493727c2cb9e76baecaf83,
C2850237619-ASF,8,3666,PUBLIC_CMR_GRANULE_METADATA_COUNT_OBSERVED,0,PUBLIC_NO_AREA_OR_TIME_FILTER_PAGE_SIZE_ZERO,False,False,False,reports/2026-10-09/cmr_availability_b46/raw/C2850237619-ASF.response,889edd7556c369976680ed5fb57a361f84b9860fee73c9b10b32ff7abce4ffba,
C2850235455-ASF,10,3504,PUBLIC_CMR_GRANULE_METADATA_COUNT_OBSERVED,0,PUBLIC_NO_AREA_OR_TIME_FILTER_PAGE_SIZE_ZERO,False,False,False,reports/2026-10-09/cmr_availability_b46/raw/C2850235455-ASF.response,bea056143772a41aaa7554c2402433ccbfe0480c8d0808c3900696dd96959c7e,
C2850263910-ASF,8,3666,PUBLIC_CMR_GRANULE_METADATA_COUNT_OBSERVED,0,PUBLIC_NO_AREA_OR_TIME_FILTER_PAGE_SIZE_ZERO,False,False,False,reports/2026-10-09/cmr_availability_b46/raw/C2850263910-ASF.response,621732f3cbaf8c57bf53354d0200b7a59b6c370d3a8156219c959bffcc9bc13f,
C1206487217-ASF,1764,507017,PUBLIC_CMR_GRANULE_METADATA_COUNT_OBSERVED,0,PUBLIC_NO_AREA_OR_TIME_FILTER_PAGE_SIZE_ZERO,False,False,False,reports/2026-10-09/cmr_availability_b46/raw/C1206487217-ASF.response,0d937b7e544a173d949bb3da0d329f0eb0718981bdf0de020afa72664a73f8f4,
C2850234202-ASF,9,3504,PUBLIC_CMR_GRANULE_METADATA_COUNT_OBSERVED,0,PUBLIC_NO_AREA_OR_TIME_FILTER_PAGE_SIZE_ZERO,False,False,False,reports/2026-10-09/cmr_availability_b46/raw/C2850234202-ASF.response,44bb9192cf048def18eac350e1f33ddfa777e0245cbc1d3a2abb436b4d36a038,
C3717139408-ASF,13,15721,PUBLIC_CMR_GRANULE_METADATA_COUNT_OBSERVED,0,PUBLIC_NO_AREA_OR_TIME_FILTER_PAGE_SIZE_ZERO,False,False,False,reports/2026-10-09/cmr_availability_b46/raw/C3717139408-ASF.response,0f8d42c88b658d7efe0829d3d8ce243cee9dfc985dd277c7e7aafa9a5280ebda,
C1214470496-ASF,894,2140790,PUBLIC_CMR_GRANULE_METADATA_COUNT_OBSERVED,0,PUBLIC_NO_AREA_OR_TIME_FILTER_PAGE_SIZE_ZERO,False,False,False,reports/2026-10-09/cmr_availability_b46/raw/C1214470496-ASF.response,bdfb8d34287d5b1962a173bf653234612084c4af18b043adaf08c63c3ad4ecae,
C1214470561-ASF,1324,2350156,PUBLIC_CMR_GRANULE_METADATA_COUNT_OBSERVED,0,PUBLIC_NO_AREA_OR_TIME_FILTER_PAGE_SIZE_ZERO,False,False,False,reports/2026-10-09/cmr_availability_b46/raw/C1214470561-ASF.response,c82bc24fc37b14c14e4f35449b7341256a80cf36e54227da5c6881f01b5737c5,
C1808440897-ASF,8,477535,PUBLIC_CMR_GRANULE_METADATA_COUNT_OBSERVED,0,PUBLIC_NO_AREA_OR_TIME_FILTER_PAGE_SIZE_ZERO,False,False,False,reports/2026-10-09/cmr_availability_b46/raw/C1808440897-ASF.response,a89c98f83964dcb290a9df3519270d24cccc8a81952dcbf47f199636431b7e4e,
C1206156901-ASF,1761,507017,PUBLIC_CMR_GRANULE_METADATA_COUNT_OBSERVED,0,PUBLIC_NO_AREA_OR_TIME_FILTER_PAGE_SIZE_ZERO,False,False,False,reports/2026-10-09/cmr_availability_b46/raw/C1206156901-ASF.response,95942a0dda5fc9929bf82a1f8d82ff6ee5ba4f4e82399da7d8bc044ffaf5a6e0,
C2859376221-ASF,15,470419,PUBLIC_CMR_GRANULE_METADATA_COUNT_OBSERVED,0,PUBLIC_NO_AREA_OR_TIME_FILTER_PAGE_SIZE_ZERO,False,False,False,reports/2026-10-09/cmr_availability_b46/raw/C2859376221-ASF.response,ed5ffc81d13a4942c3ae271225eff88bbe64ec576f51783b86985bf36bf8c4a0,
C3803703055-ASF,10,71939,PUBLIC_CMR_GRANULE_METADATA_COUNT_OBSERVED,0,PUBLIC_NO_AREA_OR_TIME_FILTER_PAGE_SIZE_ZERO,False,False,False,reports/2026-10-09/cmr_availability_b46/raw/C3803703055-ASF.response,b6fbcf0b692967dd3217828414eb5ad6efa278e6d1cbef6b9e4325cbdf117b0d,
C2853089814-ASF,8,47956,PUBLIC_CMR_GRANULE_METADATA_COUNT_OBSERVED,0,PUBLIC_NO_AREA_OR_TIME_FILTER_PAGE_SIZE_ZERO,False,False,False,reports/2026-10-09/cmr_availability_b46/raw/C2853089814-ASF.response,d8cac9193cd634a07a37ee786ce2111f5642a46733e9512ab95a38a1aa536395,
C2850265000-ASF,9,13881,PUBLIC_CMR_GRANULE_METADATA_COUNT_OBSERVED,0,PUBLIC_NO_AREA_OR_TIME_FILTER_PAGE_SIZE_ZERO,False,False,False,reports/2026-10-09/cmr_availability_b46/raw/C2850265000-ASF.response,7ca571c563c8f255455ac0e1ea46441042aea7cfb8d16e79c54126a212b87764,
C2727908375-ASF,7,12341,PUBLIC_CMR_GRANULE_METADATA_COUNT_OBSERVED,0,PUBLIC_NO_AREA_OR_TIME_FILTER_PAGE_SIZE_ZERO,False,False,False,reports/2026-10-09/cmr_availability_b46/raw/C2727908375-ASF.response,9ca7db2945f9275253c6f65ffe68d520d9abfb8651b28fb2fea94ca71f39a72e,
C2887499907-ASF,9,3006,PUBLIC_CMR_GRANULE_METADATA_COUNT_OBSERVED,0,PUBLIC_NO_AREA_OR_TIME_FILTER_PAGE_SIZE_ZERO,False,False,False,reports/2026-10-09/cmr_availability_b46/raw/C2887499907-ASF.response,23f89b9704e9f81e1aee03377255727326a95be5ebccab158198b33fd9e1fa17,
C2887502657-ASF,7,3080,PUBLIC_CMR_GRANULE_METADATA_COUNT_OBSERVED,0,PUBLIC_NO_AREA_OR_TIME_FILTER_PAGE_SIZE_ZERO,False,False,False,reports/2026-10-09/cmr_availability_b46/raw/C2887502657-ASF.response,12eebdef0d0672d1f77b1793e621a060f0b0604b6ab4233195d7c70361a55e0a,
C1214471521-ASF,932,269511,PUBLIC_CMR_GRANULE_METADATA_COUNT_OBSERVED,0,PUBLIC_NO_AREA_OR_TIME_FILTER_PAGE_SIZE_ZERO,False,False,False,reports/2026-10-09/cmr_availability_b46/raw/C1214471521-ASF.response,c2210ec0e8d1b34bfd9968c1ff0e12de22b74c1ae1cbea6eecf6b5d290e8d685,
C1214470576-ASF,830,1838238,PUBLIC_CMR_GRANULE_METADATA_COUNT_OBSERVED,0,PUBLIC_NO_AREA_OR_TIME_FILTER_PAGE_SIZE_ZERO,False,False,False,reports/2026-10-09/cmr_availability_b46/raw/C1214470576-ASF.response,314026b205bcfd0582b83a1a683c45c132d46e3202ad49126a87cfa1441df52d,
C1214472977-ASF,1258,1113203,PUBLIC_CMR_GRANULE_METADATA_COUNT_OBSERVED,0,PUBLIC_NO_AREA_OR_TIME_FILTER_PAGE_SIZE_ZERO,False,False,False,reports/2026-10-09/cmr_availability_b46/raw/C1214472977-ASF.response,57c49b27841853cf594519a6f2eaa10a99f4c3b7e57e697f78484740209b162b,
C1214470682-ASF,846,198927,PUBLIC_CMR_GRANULE_METADATA_COUNT_OBSERVED,0,PUBLIC_NO_AREA_OR_TIME_FILTER_PAGE_SIZE_ZERO,False,False,False,reports/2026-10-09/cmr_availability_b46/raw/C1214470682-ASF.response,18776bf226f4bb38f0e0fe0ab41daba929f0423a01bdedaca8d0979de7d93d6e,
C3486496642-ASF,7,279904,PUBLIC_CMR_GRANULE_METADATA_COUNT_OBSERVED,0,PUBLIC_NO_AREA_OR_TIME_FILTER_PAGE_SIZE_ZERO,False,False,False,reports/2026-10-09/cmr_availability_b46/raw/C3486496642-ASF.response,abc91d539dd7381aeedfe8681d774c07e601895a6af3a3418fb21a233c44570d,
C4175250274-ASF,4,89249,PUBLIC_CMR_GRANULE_METADATA_COUNT_OBSERVED,0,PUBLIC_NO_AREA_OR_TIME_FILTER_PAGE_SIZE_ZERO,False,False,False,reports/2026-10-09/cmr_availability_b46/raw/C4175250274-ASF.response,7125a77ec55e5307198074d735a9cb1660159e68d16355f2b14c33aee18992ef,
C1595422627-ASF,36,1159347,PUBLIC_CMR_GRANULE_METADATA_COUNT_OBSERVED,0,PUBLIC_NO_AREA_OR_TIME_FILTER_PAGE_SIZE_ZERO,False,False,False,reports/2026-10-09/cmr_availability_b46/raw/C1595422627-ASF.response,62d1c11ef6f2c4f327ed142b3b04b3961d78881932b77096f9b19dec7746bdba,
C3653529349-ASF,5,10425,PUBLIC_CMR_GRANULE_METADATA_COUNT_OBSERVED,0,PUBLIC_NO_AREA_OR_TIME_FILTER_PAGE_SIZE_ZERO,False,False,False,reports/2026-10-09/cmr_availability_b46/raw/C3653529349-ASF.response,c2e29ee5db91a8ce071f8fd14a09f8f2dfd36b37ceb2b9f37f2713dd5ca9d428,
C3653531162-ASF,8,1738,PUBLIC_CMR_GRANULE_METADATA_COUNT_OBSERVED,0,PUBLIC_NO_AREA_OR_TIME_FILTER_PAGE_SIZE_ZERO,False,False,False,reports/2026-10-09/cmr_availability_b46/raw/C3653531162-ASF.response,6890056c0cf0aeb3401c1b4018445902575ff2f6dfb50a87167710ef2b4360c3,
C1210197768-ASF,2003,0,ZERO_PUBLIC_MATCHING_METADATA_NOT_PROOF_NO_IMAGERY,0,PUBLIC_NO_AREA_OR_TIME_FILTER_PAGE_SIZE_ZERO,False,False,False,reports/2026-10-09/cmr_availability_b46/raw/C1210197768-ASF.response,c3ff43977d71b42bbeb76e036d7a93d127d900e5e888b4e2dcc5c062eb6d095b,
C1211627521-ASF,2076,0,ZERO_PUBLIC_MATCHING_METADATA_NOT_PROOF_NO_IMAGERY,0,PUBLIC_NO_AREA_OR_TIME_FILTER_PAGE_SIZE_ZERO,False,False,False,reports/2026-10-09/cmr_availability_b46/raw/C1211627521-ASF.response,6242876ce3c0f9f236c581efde7f51113b86281879e441b2fd9cdf7c082bffa0,
C1208794942-ASF,2188,0,ZERO_PUBLIC_MATCHING_METADATA_NOT_PROOF_NO_IMAGERY,0,PUBLIC_NO_AREA_OR_TIME_FILTER_PAGE_SIZE_ZERO,False,False,False,reports/2026-10-09/cmr_availability_b46/raw/C1208794942-ASF.response,f103b8019796b310a6702d5ae7efaff3df276d5a953289b3526fb876de00ddbc,
C1209373626-ASF,2629,0,ZERO_PUBLIC_MATCHING_METADATA_NOT_PROOF_NO_IMAGERY,0,PUBLIC_NO_AREA_OR_TIME_FILTER_PAGE_SIZE_ZERO,False,False,False,reports/2026-10-09/cmr_availability_b46/raw/C1209373626-ASF.response,184786c937f8549f673cc95ae263e106c5c7ec73ea072d59e63787abdea16092,
C1208662092-ASF,1843,0,ZERO_PUBLIC_MATCHING_METADATA_NOT_PROOF_NO_IMAGERY,0,PUBLIC_NO_AREA_OR_TIME_FILTER_PAGE_SIZE_ZERO,False,False,False,reports/2026-10-09/cmr_availability_b46/raw/C1208662092-ASF.response,89435da5c1b92f6fb94bf0052034fbe687b57c1958b8d069cfbf625b7d85af66,
C1207933168-ASF,2065,0,ZERO_PUBLIC_MATCHING_METADATA_NOT_PROOF_NO_IMAGERY,0,PUBLIC_NO_AREA_OR_TIME_FILTER_PAGE_SIZE_ZERO,False,False,False,reports/2026-10-09/cmr_availability_b46/raw/C1207933168-ASF.response,7fb951efa418012cbd96816e315fb877cbf1ca1d5f04d5a55d54232abe1625d7,
C3622222871-ASF,4,26,PUBLIC_CMR_GRANULE_METADATA_COUNT_OBSERVED,0,PUBLIC_NO_AREA_OR_TIME_FILTER_PAGE_SIZE_ZERO,False,False,False,reports/2026-10-09/cmr_availability_b46/raw/C3622222871-ASF.response,f51f5448956049aea69352d784b09850c93320c6ece6ee1081cda125f4add887,
C2727904608-ASF,5,446,PUBLIC_CMR_GRANULE_METADATA_COUNT_OBSERVED,0,PUBLIC_NO_AREA_OR_TIME_FILTER_PAGE_SIZE_ZERO,False,False,False,reports/2026-10-09/cmr_availability_b46/raw/C2727904608-ASF.response,ea0a935f564cc69e03f5c7b138cf253d274b6afa8cc3529f9c4db0377e56ffa5,
C2853091612-ASF,4,25288,PUBLIC_CMR_GRANULE_METADATA_COUNT_OBSERVED,0,PUBLIC_NO_AREA_OR_TIME_FILTER_PAGE_SIZE_ZERO,False,False,False,reports/2026-10-09/cmr_availability_b46/raw/C2853091612-ASF.response,758b093df2f1cfc06f8c6a3fd1ec92179726602ce4492b8fc4a15b7420327206,
C3632501432-ASF,4,5275,PUBLIC_CMR_GRANULE_METADATA_COUNT_OBSERVED,0,PUBLIC_NO_AREA_OR_TIME_FILTER_PAGE_SIZE_ZERO,False,False,False,reports/2026-10-09/cmr_availability_b46/raw/C3632501432-ASF.response,443d8d4d318bcf0112b4b99879742048beb3ae10eb8dd478b8972b50e9a88418,
C2727911748-ASF,5,446,PUBLIC_CMR_GRANULE_METADATA_COUNT_OBSERVED,0,PUBLIC_NO_AREA_OR_TIME_FILTER_PAGE_SIZE_ZERO,False,False,False,reports/2026-10-09/cmr_availability_b46/raw/C2727911748-ASF.response,cb0ca6f52743b7806207f5a76659c7dbbd358088bace19f2001ac64052acf59b,
C2727912431-ASF,4,21991,PUBLIC_CMR_GRANULE_METADATA_COUNT_OBSERVED,0,PUBLIC_NO_AREA_OR_TIME_FILTER_PAGE_SIZE_ZERO,False,False,False,reports/2026-10-09/cmr_availability_b46/raw/C2727912431-ASF.response,02cc02c469f76cd5a84a656b9f5cad24c3e366f4f3dc0c295e83670b4154a631,
C3622233495-ASF,5,438,PUBLIC_CMR_GRANULE_METADATA_COUNT_OBSERVED,0,PUBLIC_NO_AREA_OR_TIME_FILTER_PAGE_SIZE_ZERO,False,False,False,reports/2026-10-09/cmr_availability_b46/raw/C3622233495-ASF.response,50ecb42c7899d061416cb5f778a806da96cb42f5fa1959c782e386c7a8ee68d0,
C3622219145-ASF,4,463,PUBLIC_CMR_GRANULE_METADATA_COUNT_OBSERVED,0,PUBLIC_NO_AREA_OR_TIME_FILTER_PAGE_SIZE_ZERO,False,False,False,reports/2026-10-09/cmr_availability_b46/raw/C3622219145-ASF.response,1cbe314ff8a1e0296ea672802ae6586cc7010e21d29982c06f0499eb7b31e7fb,
C2887469134-ASF,5,164,PUBLIC_CMR_GRANULE_METADATA_COUNT_OBSERVED,0,PUBLIC_NO_AREA_OR_TIME_FILTER_PAGE_SIZE_ZERO,False,False,False,reports/2026-10-09/cmr_availability_b46/raw/C2887469134-ASF.response,d95d1248bae9738a8765788368d6bc2952c43f4c379a4f80ea426c4f93ec0826,
C4066106685-ASF,4,366,PUBLIC_CMR_GRANULE_METADATA_COUNT_OBSERVED,0,PUBLIC_NO_AREA_OR_TIME_FILTER_PAGE_SIZE_ZERO,False,False,False,reports/2026-10-09/cmr_availability_b46/raw/C4066106685-ASF.response,252cfb7d395779d30e363aa46f8b870bb316beacf295a16df360d02273da11a5,
C3807638962-ASF,10,58288,PUBLIC_CMR_GRANULE_METADATA_COUNT_OBSERVED,0,PUBLIC_NO_AREA_OR_TIME_FILTER_PAGE_SIZE_ZERO,False,False,False,reports/2026-10-09/cmr_availability_b46/raw/C3807638962-ASF.response,75ebde38d3dd2421dabf14d9a6354f762e6de03010b134c3384cda101799c532,
C2795135668-ASF,12,44347,PUBLIC_CMR_GRANULE_METADATA_COUNT_OBSERVED,0,PUBLIC_NO_AREA_OR_TIME_FILTER_PAGE_SIZE_ZERO,False,False,False,reports/2026-10-09/cmr_availability_b46/raw/C2795135668-ASF.response,320b3c56d1b83858cca8a522cee31defa043c8287d468e3549242e3e830890ca,
C2777443834-ASF,20,8585146,PUBLIC_CMR_GRANULE_METADATA_COUNT_OBSERVED,0,PUBLIC_NO_AREA_OR_TIME_FILTER_PAGE_SIZE_ZERO,False,False,False,reports/2026-10-09/cmr_availability_b46/raw/C2777443834-ASF.response,63fc41fdd249e23b8a1c112a39d6fb91addaf0dccf17377ac78eb549ddbcef22,
C2795135174-ASF,12,371083,PUBLIC_CMR_GRANULE_METADATA_COUNT_OBSERVED,0,PUBLIC_NO_AREA_OR_TIME_FILTER_PAGE_SIZE_ZERO,False,False,False,reports/2026-10-09/cmr_availability_b46/raw/C2795135174-ASF.response,fda037124656919165f210a40dbe33352d10086b54e536948714a2f7bd10f837,
C2777436413-ASF,22,75169700,PUBLIC_CMR_GRANULE_METADATA_COUNT_OBSERVED,0,PUBLIC_NO_AREA_OR_TIME_FILTER_PAGE_SIZE_ZERO,False,False,False,reports/2026-10-09/cmr_availability_b46/raw/C2777436413-ASF.response,c25a5ed60782bc1f8d655d28c989e3985a59abb669c39f05eed12d4cc6eec563,
C3959290248-ASF,5,1445,PUBLIC_CMR_GRANULE_METADATA_COUNT_OBSERVED,0,PUBLIC_NO_AREA_OR_TIME_FILTER_PAGE_SIZE_ZERO,False,False,False,reports/2026-10-09/cmr_availability_b46/raw/C3959290248-ASF.response,ce8ea208967058172dea80c6d1b2569e27890601b1378ac625b2c643e91529c4,
C1206897141-ASF,2714,0,ZERO_PUBLIC_MATCHING_METADATA_NOT_PROOF_NO_IMAGERY,0,PUBLIC_NO_AREA_OR_TIME_FILTER_PAGE_SIZE_ZERO,False,False,False,reports/2026-10-09/cmr_availability_b46/raw/C1206897141-ASF.response,7c4b34be1cdea3300af04457e3a5b29bad40f95531315a617ae800a7d6a8bb0f,
C1206936391-ASF,2034,0,ZERO_PUBLIC_MATCHING_METADATA_NOT_PROOF_NO_IMAGERY,0,PUBLIC_NO_AREA_OR_TIME_FILTER_PAGE_SIZE_ZERO,False,False,False,reports/2026-10-09/cmr_availability_b46/raw/C1206936391-ASF.response,9aef285a650be01b0aa22932a68afb320e1f952a2eb802ce135705b4ff63f5c1,
C3576379529-ASF,8,10590,PUBLIC_CMR_GRANULE_METADATA_COUNT_OBSERVED,0,PUBLIC_NO_AREA_OR_TIME_FILTER_PAGE_SIZE_ZERO,False,False,False,reports/2026-10-09/cmr_availability_b46/raw/C3576379529-ASF.response,274feec36a3f1ec9258304e7fbe6abd06836955c9220791c338c8af0a29b5e51,
C1214471197-ASF,1285,2,PUBLIC_CMR_GRANULE_METADATA_COUNT_OBSERVED,0,PUBLIC_NO_AREA_OR_TIME_FILTER_PAGE_SIZE_ZERO,False,False,False,reports/2026-10-09/cmr_availability_b46/raw/C1214471197-ASF.response,f5c894d79596df2c85348812e29cb981919ab64cb9110e62e5f32b957b5dc67f,
C1214471960-ASF,1287,2,PUBLIC_CMR_GRANULE_METADATA_COUNT_OBSERVED,0,PUBLIC_NO_AREA_OR_TIME_FILTER_PAGE_SIZE_ZERO,False,False,False,reports/2026-10-09/cmr_availability_b46/raw/C1214471960-ASF.response,53254eed74d0555375a03eb9583c8ce89b463ffbee8a1230fdaf979c82b90fe5,
C1214472336-ASF,1380,269512,PUBLIC_CMR_GRANULE_METADATA_COUNT_OBSERVED,0,PUBLIC_NO_AREA_OR_TIME_FILTER_PAGE_SIZE_ZERO,False,False,False,reports/2026-10-09/cmr_availability_b46/raw/C1214472336-ASF.response,89d3ffb6dbda118e96da1b7ce28e533a744a4cc0bd99a88910b9aace8e062db5,
C1266376001-ASF,841,1113206,PUBLIC_CMR_GRANULE_METADATA_COUNT_OBSERVED,0,PUBLIC_NO_AREA_OR_TIME_FILTER_PAGE_SIZE_ZERO,False,False,False,reports/2026-10-09/cmr_availability_b46/raw/C1266376001-ASF.response,60e1649139b9a792858c45aab9d79ed524fe8819e36aeb81770e49c890740392,
C1214472994-ASF,1370,88726,PUBLIC_CMR_GRANULE_METADATA_COUNT_OBSERVED,0,PUBLIC_NO_AREA_OR_TIME_FILTER_PAGE_SIZE_ZERO,False,False,False,reports/2026-10-09/cmr_availability_b46/raw/C1214472994-ASF.response,96e39e47788c0ca9f413d399fbbf322e1298047820897d6d15990ac40ededcd7,
C1214470732-ASF,809,198927,PUBLIC_CMR_GRANULE_METADATA_COUNT_OBSERVED,0,PUBLIC_NO_AREA_OR_TIME_FILTER_PAGE_SIZE_ZERO,False,False,False,reports/2026-10-09/cmr_availability_b46/raw/C1214470732-ASF.response,55efd3253179ece487996197694b8fb7dd8f720f1baa361761934f54633a9283,
C1214473170-ASF,787,88726,PUBLIC_CMR_GRANULE_METADATA_COUNT_OBSERVED,0,PUBLIC_NO_AREA_OR_TIME_FILTER_PAGE_SIZE_ZERO,False,False,False,reports/2026-10-09/cmr_availability_b46/raw/C1214473170-ASF.response,356985d9b5f17141081c1f7300372f3822d133c83106ed9c9efa4e1652d79906,
C1327985660-ASF,796,198156,PUBLIC_CMR_GRANULE_METADATA_COUNT_OBSERVED,0,PUBLIC_NO_AREA_OR_TIME_FILTER_PAGE_SIZE_ZERO,False,False,False,reports/2026-10-09/cmr_availability_b46/raw/C1327985660-ASF.response,ab2343c48b18010fa5cf8711aa85fa7156596801f0be0bd85186408394d6ffba,
C1327985741-ASF,313,694860,PUBLIC_CMR_GRANULE_METADATA_COUNT_OBSERVED,0,PUBLIC_NO_AREA_OR_TIME_FILTER_PAGE_SIZE_ZERO,False,False,False,reports/2026-10-09/cmr_availability_b46/raw/C1327985741-ASF.response,080c092352f2e93182b41d981f9cef04d5d829f5f0c7f8e642836774f106217b,
C1327985578-ASF,840,198156,PUBLIC_CMR_GRANULE_METADATA_COUNT_OBSERVED,0,PUBLIC_NO_AREA_OR_TIME_FILTER_PAGE_SIZE_ZERO,False,False,False,reports/2026-10-09/cmr_availability_b46/raw/C1327985578-ASF.response,784712fed6d3f04ba6d224f22fc3eabf24b3034d1c8cdc3dd94a58e67eb251fd,
C1327985646-ASF,841,374261,PUBLIC_CMR_GRANULE_METADATA_COUNT_OBSERVED,0,PUBLIC_NO_AREA_OR_TIME_FILTER_PAGE_SIZE_ZERO,False,False,False,reports/2026-10-09/cmr_availability_b46/raw/C1327985646-ASF.response,ad9be0ed9611aa44258bab0e7a6367ba9ca9082cd53fc5e172e5972e4cc4f540,
C1327985650-ASF,411,937914,PUBLIC_CMR_GRANULE_METADATA_COUNT_OBSERVED,0,PUBLIC_NO_AREA_OR_TIME_FILTER_PAGE_SIZE_ZERO,False,False,False,reports/2026-10-09/cmr_availability_b46/raw/C1327985650-ASF.response,4a83edcea6bb28ec1489e737752b300c326b7b8cc40668d2cad6005eca0f1026,
C1327985617-ASF,888,789392,PUBLIC_CMR_GRANULE_METADATA_COUNT_OBSERVED,0,PUBLIC_NO_AREA_OR_TIME_FILTER_PAGE_SIZE_ZERO,False,False,False,reports/2026-10-09/cmr_availability_b46/raw/C1327985617-ASF.response,445bad4bccb530600a7e889d75682f90ad3c16280c05a3d466713fe89e85b716,
C1327985579-ASF,838,374262,PUBLIC_CMR_GRANULE_METADATA_COUNT_OBSERVED,0,PUBLIC_NO_AREA_OR_TIME_FILTER_PAGE_SIZE_ZERO,False,False,False,reports/2026-10-09/cmr_availability_b46/raw/C1327985579-ASF.response,f710645da6099f0b302b7789d40e40a5f64ef4ffb1a81f7e6857f7764b8909fa,
C1327985647-ASF,881,937915,PUBLIC_CMR_GRANULE_METADATA_COUNT_OBSERVED,0,PUBLIC_NO_AREA_OR_TIME_FILTER_PAGE_SIZE_ZERO,False,False,False,reports/2026-10-09/cmr_availability_b46/raw/C1327985647-ASF.response,51d49e25c09c733ff3424f5ca0ee04b4b78c14289ee71c531b52244e987d8c4c,
C1327985571-ASF,836,42572,PUBLIC_CMR_GRANULE_METADATA_COUNT_OBSERVED,0,PUBLIC_NO_AREA_OR_TIME_FILTER_PAGE_SIZE_ZERO,False,False,False,reports/2026-10-09/cmr_availability_b46/raw/C1327985571-ASF.response,4c0557daaccd4849c388670db0eeeed82f84d7ca320ce11fea2af6f4588b7287,
C1327985740-ASF,391,20250,PUBLIC_CMR_GRANULE_METADATA_COUNT_OBSERVED,0,PUBLIC_NO_AREA_OR_TIME_FILTER_PAGE_SIZE_ZERO,False,False,False,reports/2026-10-09/cmr_availability_b46/raw/C1327985740-ASF.response,aabd73a44607536bea619d8713bac9217be4f7d8ad6ee717976ac16f83871762,
C1327985619-ASF,834,42572,PUBLIC_CMR_GRANULE_METADATA_COUNT_OBSERVED,0,PUBLIC_NO_AREA_OR_TIME_FILTER_PAGE_SIZE_ZERO,False,False,False,reports/2026-10-09/cmr_availability_b46/raw/C1327985619-ASF.response,6b571f69c6917c601a28b8656cacddfb551b2e7af82646c7638aab4e68c82d18,
C1327985739-ASF,809,20249,PUBLIC_CMR_GRANULE_METADATA_COUNT_OBSERVED,0,PUBLIC_NO_AREA_OR_TIME_FILTER_PAGE_SIZE_ZERO,False,False,False,reports/2026-10-09/cmr_availability_b46/raw/C1327985739-ASF.response,b575f7986a8a717b3da62b0c1d788537333f1154b64a103fcc358329f1160335,
C3486566209-ASF,4,214307,PUBLIC_CMR_GRANULE_METADATA_COUNT_OBSERVED,0,PUBLIC_NO_AREA_OR_TIME_FILTER_PAGE_SIZE_ZERO,False,False,False,reports/2026-10-09/cmr_availability_b46/raw/C3486566209-ASF.response,a34401afa64cea529c27713fe5253d50b33d2013bcfb1d65335e50e41e8de914,
C3486605959-ASF,4,45275,PUBLIC_CMR_GRANULE_METADATA_COUNT_OBSERVED,0,PUBLIC_NO_AREA_OR_TIME_FILTER_PAGE_SIZE_ZERO,False,False,False,reports/2026-10-09/cmr_availability_b46/raw/C3486605959-ASF.response,59e6badbc2993607cb9f186628a8943635c1a90f282e06c5375d3e41987c4667,
C3486580531-ASF,4,214306,PUBLIC_CMR_GRANULE_METADATA_COUNT_OBSERVED,0,PUBLIC_NO_AREA_OR_TIME_FILTER_PAGE_SIZE_ZERO,False,False,False,reports/2026-10-09/cmr_availability_b46/raw/C3486580531-ASF.response,60fb5105f8c7d8daf43cac487de685714ea585f2fbc9cfbdb3397e07076b1b13,
C3486616327-ASF,5,45274,PUBLIC_CMR_GRANULE_METADATA_COUNT_OBSERVED,0,PUBLIC_NO_AREA_OR_TIME_FILTER_PAGE_SIZE_ZERO,False,False,False,reports/2026-10-09/cmr_availability_b46/raw/C3486616327-ASF.response,a704eecc538a80a3c9d456d4807810217bf278d9cbfa188013292053e7b1b044,
C3484670556-ASF,4,172451,PUBLIC_CMR_GRANULE_METADATA_COUNT_OBSERVED,0,PUBLIC_NO_AREA_OR_TIME_FILTER_PAGE_SIZE_ZERO,False,False,False,reports/2026-10-09/cmr_availability_b46/raw/C3484670556-ASF.response,14453d099b6bb52d917224e38603e4c5ca1bf3f034b35b47099d309dfcb3b030,
C3486527075-ASF,4,279904,PUBLIC_CMR_GRANULE_METADATA_COUNT_OBSERVED,0,PUBLIC_NO_AREA_OR_TIME_FILTER_PAGE_SIZE_ZERO,False,False,False,reports/2026-10-09/cmr_availability_b46/raw/C3486527075-ASF.response,d917419b141d6f1b6cc374cf4268b36cf5de658ab2005114af75b323212fdc0a,
C3484561061-ASF,7,259161,PUBLIC_CMR_GRANULE_METADATA_COUNT_OBSERVED,0,PUBLIC_NO_AREA_OR_TIME_FILTER_PAGE_SIZE_ZERO,False,False,False,reports/2026-10-09/cmr_availability_b46/raw/C3484561061-ASF.response,4c390a45905dcf98b8cd0551c3d2458a34321cef88030a019506825178d1d0e4,
C3484661603-ASF,5,172451,PUBLIC_CMR_GRANULE_METADATA_COUNT_OBSERVED,0,PUBLIC_NO_AREA_OR_TIME_FILTER_PAGE_SIZE_ZERO,False,False,False,reports/2026-10-09/cmr_availability_b46/raw/C3484661603-ASF.response,b037544f18211940f5856993fa3b1500a7e4b23777ccb61d1405950555ca9371,
C3488402208-ASF,5,15237,PUBLIC_CMR_GRANULE_METADATA_COUNT_OBSERVED,0,PUBLIC_NO_AREA_OR_TIME_FILTER_PAGE_SIZE_ZERO,False,False,False,reports/2026-10-09/cmr_availability_b46/raw/C3488402208-ASF.response,0923ad6a7f9dc26a08712e964dbc4e2304ba053c17fb3d6357016feb6c50f037,
C3488414315-ASF,5,5122,PUBLIC_CMR_GRANULE_METADATA_COUNT_OBSERVED,0,PUBLIC_NO_AREA_OR_TIME_FILTER_PAGE_SIZE_ZERO,False,False,False,reports/2026-10-09/cmr_availability_b46/raw/C3488414315-ASF.response,7d2560864582ab8a840b90be2af213e10d9514085ca61aea87c9542591b59b83,
C3488406939-ASF,4,15237,PUBLIC_CMR_GRANULE_METADATA_COUNT_OBSERVED,0,PUBLIC_NO_AREA_OR_TIME_FILTER_PAGE_SIZE_ZERO,False,False,False,reports/2026-10-09/cmr_availability_b46/raw/C3488406939-ASF.response,6c8758d183f3d86c2be6daed03d4fc8658d280a4ef6f61baed2656f018c47a68,
C3488417229-ASF,4,5122,PUBLIC_CMR_GRANULE_METADATA_COUNT_OBSERVED,0,PUBLIC_NO_AREA_OR_TIME_FILTER_PAGE_SIZE_ZERO,False,False,False,reports/2026-10-09/cmr_availability_b46/raw/C3488417229-ASF.response,e57693cf8993cab4c0d7e361ceace49c1a272904f1ba24b953778b348451521f,
C4163054563-ASF,3,71677,PUBLIC_CMR_GRANULE_METADATA_COUNT_OBSERVED,0,PUBLIC_NO_AREA_OR_TIME_FILTER_PAGE_SIZE_ZERO,False,False,False,reports/2026-10-09/cmr_availability_b46/raw/C4163054563-ASF.response,fe5b1f80a7649ad37e2ea6a5836c343b8e4f406a0369641a8c9075fa568be6df,
C4174076966-ASF,3,11286,PUBLIC_CMR_GRANULE_METADATA_COUNT_OBSERVED,0,PUBLIC_NO_AREA_OR_TIME_FILTER_PAGE_SIZE_ZERO,False,False,False,reports/2026-10-09/cmr_availability_b46/raw/C4174076966-ASF.response,d80aec6261484ebb3fef7431a6612a13aac29b7fec7ffa6258f1552c36d48111,
C4171102786-ASF,3,71674,PUBLIC_CMR_GRANULE_METADATA_COUNT_OBSERVED,0,PUBLIC_NO_AREA_OR_TIME_FILTER_PAGE_SIZE_ZERO,False,False,False,reports/2026-10-09/cmr_availability_b46/raw/C4171102786-ASF.response,a5f971adc07c0699e8275762ba6e6a0416833eadea65ea427c2e3f904b32047e,
C4174076945-ASF,3,11286,PUBLIC_CMR_GRANULE_METADATA_COUNT_OBSERVED,0,PUBLIC_NO_AREA_OR_TIME_FILTER_PAGE_SIZE_ZERO,False,False,False,reports/2026-10-09/cmr_availability_b46/raw/C4174076945-ASF.response,8f773f55c3a83e9762e0fe124373e54f7dc5513ffe2d237cbb81c5f29d0648f1,
C4162996551-ASF,3,55605,PUBLIC_CMR_GRANULE_METADATA_COUNT_OBSERVED,0,PUBLIC_NO_AREA_OR_TIME_FILTER_PAGE_SIZE_ZERO,False,False,False,reports/2026-10-09/cmr_availability_b46/raw/C4162996551-ASF.response,ad25f80876525a08e83333cfc9ac57d5027db1fdcd59c1830f05e3e5d4eebd7a,
C4175250286-ASF,4,89249,PUBLIC_CMR_GRANULE_METADATA_COUNT_OBSERVED,0,PUBLIC_NO_AREA_OR_TIME_FILTER_PAGE_SIZE_ZERO,False,False,False,reports/2026-10-09/cmr_availability_b46/raw/C4175250286-ASF.response,caa21bbd7e17a3f766e80e6d19647e32686cac808aa73bfe19b07398adbc47dd,
C4175278190-ASF,3,84253,PUBLIC_CMR_GRANULE_METADATA_COUNT_OBSERVED,0,PUBLIC_NO_AREA_OR_TIME_FILTER_PAGE_SIZE_ZERO,False,False,False,reports/2026-10-09/cmr_availability_b46/raw/C4175278190-ASF.response,a42d7404c1eb056b0005c005bec983e2287eeecc4ff975f1d01d7fb934672271,
C4162942865-ASF,3,55605,PUBLIC_CMR_GRANULE_METADATA_COUNT_OBSERVED,0,PUBLIC_NO_AREA_OR_TIME_FILTER_PAGE_SIZE_ZERO,False,False,False,reports/2026-10-09/cmr_availability_b46/raw/C4162942865-ASF.response,3ff1788c6bb792c241918df555ac942bf902872119faacf17bd8e3348c4445ff,
C4174044457-ASF,3,3874,PUBLIC_CMR_GRANULE_METADATA_COUNT_OBSERVED,0,PUBLIC_NO_AREA_OR_TIME_FILTER_PAGE_SIZE_ZERO,False,False,False,reports/2026-10-09/cmr_availability_b46/raw/C4174044457-ASF.response,ac625a4d700eee9074a527880b6ceff4f4af146269ab27694ba91be971beadd0,
C4175200051-ASF,3,2401,PUBLIC_CMR_GRANULE_METADATA_COUNT_OBSERVED,0,PUBLIC_NO_AREA_OR_TIME_FILTER_PAGE_SIZE_ZERO,False,False,False,reports/2026-10-09/cmr_availability_b46/raw/C4175200051-ASF.response,d0de707be5170761821f7f407dc1940faa60a41dea05d80d913e511ab6582f71,
C4174044493-ASF,3,3874,PUBLIC_CMR_GRANULE_METADATA_COUNT_OBSERVED,0,PUBLIC_NO_AREA_OR_TIME_FILTER_PAGE_SIZE_ZERO,False,False,False,reports/2026-10-09/cmr_availability_b46/raw/C4174044493-ASF.response,fbdc9d3f45a225de45a62bc38683262ef5abfa2e5170ef459ecb569b7f32340d,
C4175200042-ASF,3,2401,PUBLIC_CMR_GRANULE_METADATA_COUNT_OBSERVED,0,PUBLIC_NO_AREA_OR_TIME_FILTER_PAGE_SIZE_ZERO,False,False,False,reports/2026-10-09/cmr_availability_b46/raw/C4175200042-ASF.response,3ff811ca65ab1ffd32eb62b9379c22fe52bcd86cfa33603eda2f4c5f6464fe22,
C2709161906-ASF,15,166325230,PUBLIC_CMR_GRANULE_METADATA_COUNT_OBSERVED,0,PUBLIC_NO_AREA_OR_TIME_FILTER_PAGE_SIZE_ZERO,False,False,False,reports/2026-10-09/cmr_availability_b46/raw/C2709161906-ASF.response,1c9f61cea29156976a3b465d7d16b64ee92bdde49ef04eccb7dcf7e95e8a1353,
C1214473171-ASF,2877,2307,PUBLIC_CMR_GRANULE_METADATA_COUNT_OBSERVED,0,PUBLIC_NO_AREA_OR_TIME_FILTER_PAGE_SIZE_ZERO,False,False,False,reports/2026-10-09/cmr_availability_b46/raw/C1214473171-ASF.response,0c70d5ac045eb786325be46882974900a8aae360c7ce5fb81d4a05087310b451,
C1243149604-ASF,2535,2372,PUBLIC_CMR_GRANULE_METADATA_COUNT_OBSERVED,0,PUBLIC_NO_AREA_OR_TIME_FILTER_PAGE_SIZE_ZERO,False,False,False,reports/2026-10-09/cmr_availability_b46/raw/C1243149604-ASF.response,8086169a2483013f7d21017509db2ba902f5097f02a9e83a70c4b76555a85950,
C1214473426-ASF,2669,2307,PUBLIC_CMR_GRANULE_METADATA_COUNT_OBSERVED,0,PUBLIC_NO_AREA_OR_TIME_FILTER_PAGE_SIZE_ZERO,False,False,False,reports/2026-10-09/cmr_availability_b46/raw/C1214473426-ASF.response,59ccc2a5fc0d53cde3b650ed8d58066bd9002d8ba3e64ae4770e558c4620ea53,
C1243119801-ASF,2430,2372,PUBLIC_CMR_GRANULE_METADATA_COUNT_OBSERVED,0,PUBLIC_NO_AREA_OR_TIME_FILTER_PAGE_SIZE_ZERO,False,False,False,reports/2026-10-09/cmr_availability_b46/raw/C1243119801-ASF.response,0b940ae945c587ac87d2754068a5eb093efa75cb6d32286243467b837c45ebee,
C1214473839-ASF,2724,2307,PUBLIC_CMR_GRANULE_METADATA_COUNT_OBSERVED,0,PUBLIC_NO_AREA_OR_TIME_FILTER_PAGE_SIZE_ZERO,False,False,False,reports/2026-10-09/cmr_availability_b46/raw/C1214473839-ASF.response,99dec8f53ee2b75c8df227d53a7f156a78daea6c927b40235f59f308dde63885,
C1243133204-ASF,2453,2372,PUBLIC_CMR_GRANULE_METADATA_COUNT_OBSERVED,0,PUBLIC_NO_AREA_OR_TIME_FILTER_PAGE_SIZE_ZERO,False,False,False,reports/2026-10-09/cmr_availability_b46/raw/C1243133204-ASF.response,b9845a5e456421d07ebd49ac9ad4a54d5787be1b62e4fe56a0e9bfdc2ac21913,
C1243197402-ASF,1089,2123,PUBLIC_CMR_GRANULE_METADATA_COUNT_OBSERVED,0,PUBLIC_NO_AREA_OR_TIME_FILTER_PAGE_SIZE_ZERO,False,False,False,reports/2026-10-09/cmr_availability_b46/raw/C1243197402-ASF.response,3087c6b4a835b169a92e1cad48d003eb73713361579731f446133a1027a3f5d2,
C1243215430-ASF,1103,8308,PUBLIC_CMR_GRANULE_METADATA_COUNT_OBSERVED,0,PUBLIC_NO_AREA_OR_TIME_FILTER_PAGE_SIZE_ZERO,False,False,False,reports/2026-10-09/cmr_availability_b46/raw/C1243215430-ASF.response,d7e85cdf0e3f8a17ea27c19659a8b212d37f6c0616647ad3b19daf69e27f8eb1,
C1243124754-ASF,4065,106134,PUBLIC_CMR_GRANULE_METADATA_COUNT_OBSERVED,0,PUBLIC_NO_AREA_OR_TIME_FILTER_PAGE_SIZE_ZERO,False,False,False,reports/2026-10-09/cmr_availability_b46/raw/C1243124754-ASF.response,2d470b475e4b2b585d13cb57311ce7c63ec71074981df3322bd4d1a19643a2cc,
C1243141638-ASF,1090,2124,PUBLIC_CMR_GRANULE_METADATA_COUNT_OBSERVED,0,PUBLIC_NO_AREA_OR_TIME_FILTER_PAGE_SIZE_ZERO,False,False,False,reports/2026-10-09/cmr_availability_b46/raw/C1243141638-ASF.response,65bb22c02bbeb515e6431450651e5a9b19b184e4a48624f8d5f0c8d755493e61,
C1243162394-ASF,1085,8308,PUBLIC_CMR_GRANULE_METADATA_COUNT_OBSERVED,0,PUBLIC_NO_AREA_OR_TIME_FILTER_PAGE_SIZE_ZERO,False,False,False,reports/2026-10-09/cmr_availability_b46/raw/C1243162394-ASF.response,a25aad74247bf229e7a296162cd2d494909b06fbd9cab382b00cbacac281948c,
C1243122884-ASF,4059,106133,PUBLIC_CMR_GRANULE_METADATA_COUNT_OBSERVED,0,PUBLIC_NO_AREA_OR_TIME_FILTER_PAGE_SIZE_ZERO,False,False,False,reports/2026-10-09/cmr_availability_b46/raw/C1243122884-ASF.response,e245c5afc98f350d2ba753ff01f1233659565443e8811faa81f55816195df88c,
C1243168733-ASF,1101,2123,PUBLIC_CMR_GRANULE_METADATA_COUNT_OBSERVED,0,PUBLIC_NO_AREA_OR_TIME_FILTER_PAGE_SIZE_ZERO,False,False,False,reports/2026-10-09/cmr_availability_b46/raw/C1243168733-ASF.response,4c09723154fb16fcb14e4e144bf1b3d488ca8d9cf90ca45bced2c7034bc80f2b,
C1243168866-ASF,1092,8308,PUBLIC_CMR_GRANULE_METADATA_COUNT_OBSERVED,0,PUBLIC_NO_AREA_OR_TIME_FILTER_PAGE_SIZE_ZERO,False,False,False,reports/2026-10-09/cmr_availability_b46/raw/C1243168866-ASF.response,ddc7bde57605ea503f357cf6c253281c75eda9e20ee3e8e2595f7ef61d349d43,
C1243124139-ASF,4097,106134,PUBLIC_CMR_GRANULE_METADATA_COUNT_OBSERVED,0,PUBLIC_NO_AREA_OR_TIME_FILTER_PAGE_SIZE_ZERO,False,False,False,reports/2026-10-09/cmr_availability_b46/raw/C1243124139-ASF.response,50a7b82ff1a17507d74740ebf589011e01e3817c05de0a988a3edc64e6b3725d,
C1214473308-ASF,2729,2301,PUBLIC_CMR_GRANULE_METADATA_COUNT_OBSERVED,0,PUBLIC_NO_AREA_OR_TIME_FILTER_PAGE_SIZE_ZERO,False,False,False,reports/2026-10-09/cmr_availability_b46/raw/C1214473308-ASF.response,bc0e1ae7a613728dddfbb31c7470de0283f08bb01d378fa5b6f94b42cafed288,
C1243253631-ASF,2462,2359,PUBLIC_CMR_GRANULE_METADATA_COUNT_OBSERVED,0,PUBLIC_NO_AREA_OR_TIME_FILTER_PAGE_SIZE_ZERO,False,False,False,reports/2026-10-09/cmr_availability_b46/raw/C1243253631-ASF.response,22ce2ea305382df08a7fa9eabe7e6c60940e7df6ab27aab202b8c2877f710e5c,
C1243133445-ASF,3571,2324,PUBLIC_CMR_GRANULE_METADATA_COUNT_OBSERVED,0,PUBLIC_NO_AREA_OR_TIME_FILTER_PAGE_SIZE_ZERO,False,False,False,reports/2026-10-09/cmr_availability_b46/raw/C1243133445-ASF.response,9a2f65d224ac98ffe589d0fa086b829456a77dbc39209309052a87d95b3e3fa1,
C1214473550-ASF,2735,2301,PUBLIC_CMR_GRANULE_METADATA_COUNT_OBSERVED,0,PUBLIC_NO_AREA_OR_TIME_FILTER_PAGE_SIZE_ZERO,False,False,False,reports/2026-10-09/cmr_availability_b46/raw/C1214473550-ASF.response,ec6b80ed434e5a5a61bd3e704552d7ee275e6dbdae9d3da6191eebcac9a09af0,
C1243197502-ASF,2445,2359,PUBLIC_CMR_GRANULE_METADATA_COUNT_OBSERVED,0,PUBLIC_NO_AREA_OR_TIME_FILTER_PAGE_SIZE_ZERO,False,False,False,reports/2026-10-09/cmr_availability_b46/raw/C1243197502-ASF.response,c7b094c9a776b6904f5e0e1bab96d5e5eb49cc7f742327a826bec1d126b60ad6,
C1243126328-ASF,3606,2324,PUBLIC_CMR_GRANULE_METADATA_COUNT_OBSERVED,0,PUBLIC_NO_AREA_OR_TIME_FILTER_PAGE_SIZE_ZERO,False,False,False,reports/2026-10-09/cmr_availability_b46/raw/C1243126328-ASF.response,478ecfd19806ac6cee8552c6a269b735dd74f9593cd1ce0d90616532973001c6,
C1214474243-ASF,2709,2301,PUBLIC_CMR_GRANULE_METADATA_COUNT_OBSERVED,0,PUBLIC_NO_AREA_OR_TIME_FILTER_PAGE_SIZE_ZERO,False,False,False,reports/2026-10-09/cmr_availability_b46/raw/C1214474243-ASF.response,9de867c2a24b25ff512e89d49b2f7e9db5759e06ff87404e7bafded891075316,
C1243216659-ASF,2436,2359,PUBLIC_CMR_GRANULE_METADATA_COUNT_OBSERVED,0,PUBLIC_NO_AREA_OR_TIME_FILTER_PAGE_SIZE_ZERO,False,False,False,reports/2026-10-09/cmr_availability_b46/raw/C1243216659-ASF.response,ac001706863c0c5b57cb67cd797effb89447b8468a2afe66ae03ae6d8320ce18,
C1243129847-ASF,3570,2324,PUBLIC_CMR_GRANULE_METADATA_COUNT_OBSERVED,0,PUBLIC_NO_AREA_OR_TIME_FILTER_PAGE_SIZE_ZERO,False,False,False,reports/2026-10-09/cmr_availability_b46/raw/C1243129847-ASF.response,240e725457cd9cb6ce2799c390b26e2bec79051b0c77f302f726e7af4c66ca23,
C1214473367-ASF,2701,2296,PUBLIC_CMR_GRANULE_METADATA_COUNT_OBSERVED,0,PUBLIC_NO_AREA_OR_TIME_FILTER_PAGE_SIZE_ZERO,False,False,False,reports/2026-10-09/cmr_availability_b46/raw/C1214473367-ASF.response,bf87b1eb73923fafe08d7bd54994548c531eaddbe4dae7b09ea56eb365ef4d2c,
C1243268956-ASF,2415,2366,PUBLIC_CMR_GRANULE_METADATA_COUNT_OBSERVED,0,PUBLIC_NO_AREA_OR_TIME_FILTER_PAGE_SIZE_ZERO,False,False,False,reports/2026-10-09/cmr_availability_b46/raw/C1243268956-ASF.response,205fd78b9519429f67fd6254978eea6262f56fea3a019c8d6d401b4483934073,
C1243144528-ASF,3564,2326,PUBLIC_CMR_GRANULE_METADATA_COUNT_OBSERVED,0,PUBLIC_NO_AREA_OR_TIME_FILTER_PAGE_SIZE_ZERO,False,False,False,reports/2026-10-09/cmr_availability_b46/raw/C1243144528-ASF.response,5f630146305056647632da13b7872e12d6c7782958e93b17057a2ca606853469,
C1214473624-ASF,2836,2296,PUBLIC_CMR_GRANULE_METADATA_COUNT_OBSERVED,0,PUBLIC_NO_AREA_OR_TIME_FILTER_PAGE_SIZE_ZERO,False,False,False,reports/2026-10-09/cmr_availability_b46/raw/C1214473624-ASF.response,f836f1a214374cdd874187dbbd76b7d80581d01b5bd4b014b676c278fc0e063d,
C1243228612-ASF,2592,2366,PUBLIC_CMR_GRANULE_METADATA_COUNT_OBSERVED,0,PUBLIC_NO_AREA_OR_TIME_FILTER_PAGE_SIZE_ZERO,False,False,False,reports/2026-10-09/cmr_availability_b46/raw/C1243228612-ASF.response,7ad30966a8655cd3b696d840f155ab600bd09affa9f77ed246d6265e84239f10,
C1243136142-ASF,3731,2326,PUBLIC_CMR_GRANULE_METADATA_COUNT_OBSERVED,0,PUBLIC_NO_AREA_OR_TIME_FILTER_PAGE_SIZE_ZERO,False,False,False,reports/2026-10-09/cmr_availability_b46/raw/C1243136142-ASF.response,be9a4adc0181502c7aa23882ad3093f663fbb1b463c1637d19ef111d419fbfff,
C1214474435-ASF,2738,2296,PUBLIC_CMR_GRANULE_METADATA_COUNT_OBSERVED,0,PUBLIC_NO_AREA_OR_TIME_FILTER_PAGE_SIZE_ZERO,False,False,False,reports/2026-10-09/cmr_availability_b46/raw/C1214474435-ASF.response,9c065ddb4154ddd70809699725a8bc9e24c24961a6004df66a24a2b3bf608a9d,
C1243255360-ASF,2422,2366,PUBLIC_CMR_GRANULE_METADATA_COUNT_OBSERVED,0,PUBLIC_NO_AREA_OR_TIME_FILTER_PAGE_SIZE_ZERO,False,False,False,reports/2026-10-09/cmr_availability_b46/raw/C1243255360-ASF.response,e638e86365a6dba39612dbe084b34fd728dc61e8b39342d81be12394e984443b,
C1243140611-ASF,3537,2326,PUBLIC_CMR_GRANULE_METADATA_COUNT_OBSERVED,0,PUBLIC_NO_AREA_OR_TIME_FILTER_PAGE_SIZE_ZERO,False,False,False,reports/2026-10-09/cmr_availability_b46/raw/C1243140611-ASF.response,25699ddad8c54758e53e02129f1496296877986f8aea85dce772de81637e4a6e,
C1661710583-ASF,9,1924,PUBLIC_CMR_GRANULE_METADATA_COUNT_OBSERVED,0,PUBLIC_NO_AREA_OR_TIME_FILTER_PAGE_SIZE_ZERO,False,False,False,reports/2026-10-09/cmr_availability_b46/raw/C1661710583-ASF.response,bb0ab46e11cf8719aff045c49e560891d1d1ba439ff88ca09881f29038d0e495,
C1661710586-ASF,8,1923,PUBLIC_CMR_GRANULE_METADATA_COUNT_OBSERVED,0,PUBLIC_NO_AREA_OR_TIME_FILTER_PAGE_SIZE_ZERO,False,False,False,reports/2026-10-09/cmr_availability_b46/raw/C1661710586-ASF.response,63cd610c367647c5be37883f7de9fef262b9c1e6b382ec4d8b26494cbf2ab4f8,
C1661710588-ASF,8,1922,PUBLIC_CMR_GRANULE_METADATA_COUNT_OBSERVED,0,PUBLIC_NO_AREA_OR_TIME_FILTER_PAGE_SIZE_ZERO,False,False,False,reports/2026-10-09/cmr_availability_b46/raw/C1661710588-ASF.response,f1629ccd311486565bd9d14282e44346e8c2bf8e4b8fe14100d0f899de416a07,
C1661710590-ASF,8,1922,PUBLIC_CMR_GRANULE_METADATA_COUNT_OBSERVED,0,PUBLIC_NO_AREA_OR_TIME_FILTER_PAGE_SIZE_ZERO,False,False,False,reports/2026-10-09/cmr_availability_b46/raw/C1661710590-ASF.response,6dd04791a4387944913ce1021cb1da3efebf531da168a333df96cb8667afa3e5,
C1661710597-ASF,8,1825,PUBLIC_CMR_GRANULE_METADATA_COUNT_OBSERVED,0,PUBLIC_NO_AREA_OR_TIME_FILTER_PAGE_SIZE_ZERO,False,False,False,reports/2026-10-09/cmr_availability_b46/raw/C1661710597-ASF.response,8088078e44253d483841dd1b90a43d5e056f02e4ded9c5d2cb9afd257ab0f133,
C1661710600-ASF,8,1825,PUBLIC_CMR_GRANULE_METADATA_COUNT_OBSERVED,0,PUBLIC_NO_AREA_OR_TIME_FILTER_PAGE_SIZE_ZERO,False,False,False,reports/2026-10-09/cmr_availability_b46/raw/C1661710600-ASF.response,d69286171ea9d2d7f6bf2e5cf192a05e43ef4cb1fea396c0e743fcd1147a0d95,
C1661710603-ASF,8,1816,PUBLIC_CMR_GRANULE_METADATA_COUNT_OBSERVED,0,PUBLIC_NO_AREA_OR_TIME_FILTER_PAGE_SIZE_ZERO,False,False,False,reports/2026-10-09/cmr_availability_b46/raw/C1661710603-ASF.response,5b46f8b6f9f19361ae3351c3017789b64feec6a8af82b010c025dbc4691e3172,
C1661710604-ASF,8,1815,PUBLIC_CMR_GRANULE_METADATA_COUNT_OBSERVED,0,PUBLIC_NO_AREA_OR_TIME_FILTER_PAGE_SIZE_ZERO,False,False,False,reports/2026-10-09/cmr_availability_b46/raw/C1661710604-ASF.response,b01bf5cd8f708127d90b37900253f1325f90a3fa5a2f2a5d02beac5ea8a387ad,
C2450786986-ASF,4,2833836,PUBLIC_CMR_GRANULE_METADATA_COUNT_OBSERVED,0,PUBLIC_NO_AREA_OR_TIME_FILTER_PAGE_SIZE_ZERO,False,False,False,reports/2026-10-09/cmr_availability_b46/raw/C2450786986-ASF.response,759d2a0abf084d58394dee9b32e839e4eb2f5d73486bb75b54c6ce5739c3e1b9,
C4261555796-ASF,8,9765,PUBLIC_CMR_GRANULE_METADATA_COUNT_OBSERVED,0,PUBLIC_NO_AREA_OR_TIME_FILTER_PAGE_SIZE_ZERO,False,False,False,reports/2026-10-09/cmr_availability_b46/raw/C4261555796-ASF.response,67a380e69ee01224d6d0b8d8250e54c2768eb24632a8a74573a5bbfa6c72e407,
C4261689115-ASF,7,2816,PUBLIC_CMR_GRANULE_METADATA_COUNT_OBSERVED,0,PUBLIC_NO_AREA_OR_TIME_FILTER_PAGE_SIZE_ZERO,False,False,False,reports/2026-10-09/cmr_availability_b46/raw/C4261689115-ASF.response,3eac7e72c7ed27776680bfd71d4c6472027d6f04912a425e6b1c29c9294f138d,
