path,column_name,definition,owner_approval,current_fact_verification
Reference/tables/01_country_area/registry_country_area_iso3166_20261004_enhanced.csv,iso_entry_class,本地 ISO 條目範圍分類；條目存在不構成本批主權判定,PENDING,NOT_PERFORMED
Reference/tables/01_country_area/registry_country_area_iso3166_20261004_enhanced.csv,un_state_class,本地 UN 國家／地區分類標籤；須另核官方口徑與有效期,PENDING,NOT_PERFORMED
Reference/tables/01_country_area/registry_country_area_iso3166_20261004_enhanced.csv,sovereign_parent_or_association,本地上級或關聯政治實體描述，不直接推定單一主權或控制關係,PENDING,NOT_PERFORMED
Reference/tables/01_country_area/registry_country_area_iso3166_20261004_enhanced.csv,is_sovereign_monarchy,本地君主政體選入標記；布林值是本批歷史分類，非即時憲制認證,PENDING,NOT_PERFORMED
Reference/tables/01_country_area/registry_country_area_iso3166_20261004_enhanced.csv,head_of_state_holder,歷史資料記錄的元首姓名或共治姓名組合；不視為現任已核實,PENDING,NOT_PERFORMED
Reference/tables/01_country_area/registry_country_area_iso3166_20261004_enhanced.csv,head_of_state_title_en,歷史元首職銜英文表述；須與國別及任期合讀,PENDING,NOT_PERFORMED
Reference/tables/01_country_area/registry_country_area_iso3166_20261004_enhanced.csv,head_of_state_title_local,歷史元首職銜的本地語表述；不自動代表規範法律用語,PENDING,NOT_PERFORMED
Reference/tables/01_country_area/registry_country_area_iso3166_20261004_enhanced.csv,head_of_state_title_zh,歷史元首職銜中文譯名；翻譯不新增權限證據,PENDING,NOT_PERFORMED
Reference/tables/01_country_area/registry_country_area_iso3166_20261004_enhanced.csv,head_of_state_title_class,本地元首職銜分類，不等同於憲法權力類型,PENDING,NOT_PERFORMED
Reference/tables/01_country_area/registry_country_area_iso3166_20261004_enhanced.csv,monarchy_system,歷史君主政體描述；須另核憲制來源，不作能力排名,PENDING,NOT_PERFORMED
Reference/tables/01_country_area/registry_country_area_iso3166_20261004_enhanced.csv,formal_power_class,本地形式權力分類，非實際政治影響或軍事能力測量,PENDING,NOT_PERFORMED
Reference/tables/01_country_area/registry_country_area_iso3166_20261004_enhanced.csv,succession_type,歷史元首產生／繼承方式分類；須按適用制度與日期核查,PENDING,NOT_PERFORMED
Reference/tables/01_country_area/registry_country_area_iso3166_20261004_enhanced.csv,commander_in_chief_status,本地統帥權查核狀態或描述；職銜不自動推定指揮權限,PENDING,NOT_PERFORMED
Reference/tables/01_country_area/registry_country_area_iso3166_20261004_enhanced.csv,head_of_state_data_status,历史人物／職銜資料施工及核查狀態；帶日期 VERIFIED 不延續為今日認證,PENDING,NOT_PERFORMED
Reference/tables/01_country_area/registry_country_area_iso3166_20261004_enhanced.csv,head_of_state_source,歷史元首證據連結或待核來源說明；非本批取得原始響應的證明,PENDING,NOT_PERFORMED
Reference/tables/01_country_area/registry_country_area_iso3166_20261004_enhanced.csv,power_model_eligible,本地模型候選範圍標記；True 不核准訓練、不證明指標已齊備,PENDING,NOT_PERFORMED
Reference/tables/01_country_area/registry_country_area_iso3166_20261004_enhanced.csv,national_power_data_status,國家能力指標接入施工狀態，非實際能力分數,PENDING,NOT_PERFORMED
Reference/tables/01_country_area/registry_country_area_iso3166_20261004_enhanced.csv,verification_as_of,此版本聲稱的核查截止日期；不以本批執行日期覆寫,PENDING,NOT_PERFORMED
Reference/tables/03_governance_monarchies/registry_sovereign_monarchies_20261004.csv,country,歷史君主名錄的國家展示名稱；關聯以 ISO 鍵判定,PENDING,NOT_PERFORMED
Reference/tables/03_governance_monarchies/registry_sovereign_monarchies_20261004.csv,holder,歷史君主名錄的元首姓名或共治姓名組合，未在本批核實現任,PENDING,NOT_PERFORMED
Reference/tables/03_governance_monarchies/registry_sovereign_monarchies_20261004.csv,title_en,歷史君主名錄的英文職銜,PENDING,NOT_PERFORMED
Reference/tables/03_governance_monarchies/registry_sovereign_monarchies_20261004.csv,title_local,歷史君主名錄的本地語職銜,PENDING,NOT_PERFORMED
Reference/tables/03_governance_monarchies/registry_sovereign_monarchies_20261004.csv,title_zh,歷史君主名錄的中文譯名,PENDING,NOT_PERFORMED
Reference/tables/03_governance_monarchies/registry_sovereign_monarchies_20261004.csv,title_class,歷史君主名錄的職銜分類，不等同權力分類,PENDING,NOT_PERFORMED
Reference/tables/03_governance_monarchies/registry_sovereign_monarchies_20261004.csv,system,歷史君主名錄的政體描述，未在本批核實現行憲制,PENDING,NOT_PERFORMED
Reference/tables/03_governance_monarchies/registry_sovereign_monarchies_20261004.csv,formal_power_class,本地形式權力分類，非實際政治影響或軍事能力測量,PENDING,NOT_PERFORMED
Reference/tables/03_governance_monarchies/registry_sovereign_monarchies_20261004.csv,succession_type,歷史元首產生／繼承方式分類；須按適用制度與日期核查,PENDING,NOT_PERFORMED
Reference/tables/03_governance_monarchies/registry_sovereign_monarchies_20261004.csv,source,歷史君主名錄引用來源；連結不代表已核全文或現任,PENDING,NOT_PERFORMED
