path,rows,unique_registry_ids,counted_field,counts_json
reports/2026-10-04/cross_document_consistency/tables/u_review_batch02_adjudication.csv,154,True,final_status,"{""V"": 132, ""U"": 20, ""P"": 2}"
reports/2026-10-04/cross_document_consistency/tables/u_review_batch02_checks.csv,154,True,verdict,"{""REACHABLE_NAME_NOT_FOUND"": 10, ""FAILED"": 11, ""V_CONFIRMED"": 112, ""BLOCKED_MANUAL_REVIEW"": 21}"
reports/2026-10-04/cross_document_consistency/tables/u_review_batch03_adjudication.csv,15,True,final_status,"{""V"": 12, ""P"": 2, ""U"": 1}"
reports/2026-10-04/cross_document_consistency/tables/u_review_batch03_checks.csv,15,True,verdict,"{""V_CONFIRMED"": 10, ""BLOCKED_MANUAL_REVIEW"": 3, ""REACHABLE_NAME_NOT_FOUND"": 2}"
reports/2026-10-04/cross_document_consistency/tables/u_review_batch04_adjudication.csv,22,True,final_status,"{""V"": 17, ""U"": 4, ""P"": 1}"
reports/2026-10-04/cross_document_consistency/tables/u_review_batch04_checks.csv,19,True,verdict,"{""V_CONFIRMED"": 7, ""FAILED"": 8, ""BLOCKED_MANUAL_REVIEW"": 3, ""REACHABLE_NAME_NOT_FOUND"": 1}"
reports/2026-10-04/cross_document_consistency/tables/u_review_batch05_adjudication.csv,72,True,final_status,"{""V"": 65, ""U"": 5, ""P"": 2}"
reports/2026-10-04/cross_document_consistency/tables/u_review_batch05_checks.csv,72,True,verdict,"{""V_CONFIRMED"": 61, ""REACHABLE_NAME_NOT_FOUND"": 3, ""BLOCKED_MANUAL_REVIEW"": 3, ""FAILED"": 5}"
reports/2026-10-04/cross_document_consistency/tables/u_review_batch06_adjudication.csv,21,True,final_status,"{""V"": 5, ""P"": 6, ""U"": 10}"
reports/2026-10-04/cross_document_consistency/tables/v_candidate_adjudication.csv,56,True,final_status,"{""V"": 52, ""U"": 2, ""P"": 2}"
reports/2026-10-04/cross_document_consistency/tables/v_candidate_checks.csv,56,True,verdict,"{""V_CONFIRMED"": 39, ""BLOCKED_MANUAL_REVIEW"": 4, ""REACHABLE_NAME_NOT_FOUND"": 12, ""FAILED"": 1}"
