url,final_url,http_status,bytes_observed,truncated,sha256_observed,checked_on,category,page,entries
https://www.iosco.org/about/?subsection=membership&memid=1,https://www.iosco.org/about/?subsection=membership&memid=1,200,118632,False,8ce034c18a364f74ab434c1027861e058441b385b021b7d97faf8c096881c6cc,2026-10-08,ORDINARY,1,20
https://www.iosco.org/about/?orgID=0&subsection=membership&LISTTODISPLAY=membership&memid=1&subSection1=main&page=2,https://www.iosco.org/about/?orgID=0&subsection=membership&LISTTODISPLAY=membership&memid=1&subSection1=main&page=2,200,118830,False,4f8db7b8a9a312c001cbb752ca9e7ce0e7208ddbb2e3c96fcd16550e6747c84b,2026-10-08,ORDINARY,2,20
https://www.iosco.org/about/?orgID=0&subsection=membership&LISTTODISPLAY=membership&memid=1&subSection1=main&page=3,https://www.iosco.org/about/?orgID=0&subsection=membership&LISTTODISPLAY=membership&memid=1&subSection1=main&page=3,200,117214,False,5939d8dccabeda28b9aaa345e8b9a0aae165a77702cc15f787878ad63c3a8899,2026-10-08,ORDINARY,3,20
https://www.iosco.org/about/?orgID=0&subsection=membership&LISTTODISPLAY=membership&memid=1&subSection1=main&page=4,https://www.iosco.org/about/?orgID=0&subsection=membership&LISTTODISPLAY=membership&memid=1&subSection1=main&page=4,200,119192,False,8f9f2cb9f6f9147f2c1f9a69275524c02c4961ae0846c6971810b3d9ca567e65,2026-10-08,ORDINARY,4,20
https://www.iosco.org/about/?orgID=0&subsection=membership&LISTTODISPLAY=membership&memid=1&subSection1=main&page=5,https://www.iosco.org/about/?orgID=0&subsection=membership&LISTTODISPLAY=membership&memid=1&subSection1=main&page=5,200,118549,False,15694b926002863f21362689d1452ba8b47f062522664fefc7d8b972990d0df8,2026-10-08,ORDINARY,5,20
https://www.iosco.org/about/?orgID=0&subsection=membership&LISTTODISPLAY=membership&memid=1&subSection1=main&page=6,https://www.iosco.org/about/?orgID=0&subsection=membership&LISTTODISPLAY=membership&memid=1&subSection1=main&page=6,200,119375,False,726a8319692560883ceedf5f91e2ca1828990807b553ac1fcaed4ffccab16b39,2026-10-08,ORDINARY,6,20
https://www.iosco.org/about/?orgID=0&subsection=membership&LISTTODISPLAY=membership&memid=1&subSection1=main&page=7,https://www.iosco.org/about/?orgID=0&subsection=membership&LISTTODISPLAY=membership&memid=1&subSection1=main&page=7,200,102274,False,a7f2915bfa2180789e8266a8f0f0f2101298fab886f88a641805c54f9982248d,2026-10-08,ORDINARY,7,14
https://www.iosco.org/about/?subsection=membership&memid=2,https://www.iosco.org/about/?subsection=membership&memid=2,200,102734,False,66800ae53cb767d2285655036ad930c44024578b33810270e0bb2a0a968bf46b,2026-10-08,ASSOCIATE,1,20
https://www.iosco.org/about/?orgID=0&subsection=membership&LISTTODISPLAY=membership&memid=2&subSection1=main&page=2,https://www.iosco.org/about/?orgID=0&subsection=membership&LISTTODISPLAY=membership&memid=2&subSection1=main&page=2,200,89560,False,b8ddca691d0e356f62eadea1b017f7d83585029f87cd04348b239d89d5476659,2026-10-08,ASSOCIATE,2,14
https://www.iosco.org/about/?subsection=membership&memid=3,https://www.iosco.org/about/?subsection=membership&memid=3,200,109701,False,cdc25ae56f4ef511a9445fd13750337991650384c96c8e9cf7e1d184e9886585,2026-10-08,AFFILIATE,1,20
https://www.iosco.org/about/?orgID=0&subsection=membership&LISTTODISPLAY=membership&memid=3&subSection1=main&page=2,https://www.iosco.org/about/?orgID=0&subsection=membership&LISTTODISPLAY=membership&memid=3&subSection1=main&page=2,200,106938,False,21bfb9c3f43d5914cb30bc8b6b8808b77e696280c5ccc3e94bce1ae5f04b0b83,2026-10-08,AFFILIATE,2,20
https://www.iosco.org/about/?orgID=0&subsection=membership&LISTTODISPLAY=membership&memid=3&subSection1=main&page=3,https://www.iosco.org/about/?orgID=0&subsection=membership&LISTTODISPLAY=membership&memid=3&subSection1=main&page=3,200,105604,False,b2526f264dd9d8d1ee775c4afcea15e83d7d57b61c820962e4775e3b23071665,2026-10-08,AFFILIATE,3,20
https://www.iosco.org/about/?orgID=0&subsection=membership&LISTTODISPLAY=membership&memid=3&subSection1=main&page=4,https://www.iosco.org/about/?orgID=0&subsection=membership&LISTTODISPLAY=membership&memid=3&subSection1=main&page=4,200,102943,False,909b7cad4c75694ff17ed5b063a4fa6a2175ad295bb1b3f6629139a204c9ae42,2026-10-08,AFFILIATE,4,18
