iso_alpha2,name_en,MIC_rows,website_endpoints,listed_company_completeness,broker_completeness,currency_completeness,gap
AW,Aruba,0,0,UNKNOWN,UNKNOWN,UNKNOWN,NO_MIC_ROW_OBSERVED_NOT_PROOF_OF_NO_MARKET
AF,Afghanistan,0,0,UNKNOWN,UNKNOWN,UNKNOWN,NO_MIC_ROW_OBSERVED_NOT_PROOF_OF_NO_MARKET
AO,Angola,1,1,UNKNOWN,UNKNOWN,UNKNOWN,DIRECTORY_ENUMERATION_AND_REGULATOR_CROSSCHECK_PENDING
AI,Anguilla,0,0,UNKNOWN,UNKNOWN,UNKNOWN,NO_MIC_ROW_OBSERVED_NOT_PROOF_OF_NO_MARKET
AX,Åland Islands,0,0,UNKNOWN,UNKNOWN,UNKNOWN,NO_MIC_ROW_OBSERVED_NOT_PROOF_OF_NO_MARKET
AL,Albania,2,1,UNKNOWN,UNKNOWN,UNKNOWN,DIRECTORY_ENUMERATION_AND_REGULATOR_CROSSCHECK_PENDING
AD,Andorra,0,0,UNKNOWN,UNKNOWN,UNKNOWN,NO_MIC_ROW_OBSERVED_NOT_PROOF_OF_NO_MARKET
AE,United Arab Emirates,23,19,UNKNOWN,UNKNOWN,UNKNOWN,DIRECTORY_ENUMERATION_AND_REGULATOR_CROSSCHECK_PENDING
AR,Argentina,17,16,UNKNOWN,UNKNOWN,UNKNOWN,DIRECTORY_ENUMERATION_AND_REGULATOR_CROSSCHECK_PENDING
AM,Armenia,1,1,UNKNOWN,UNKNOWN,UNKNOWN,DIRECTORY_ENUMERATION_AND_REGULATOR_CROSSCHECK_PENDING
AS,American Samoa,0,0,UNKNOWN,UNKNOWN,UNKNOWN,NO_MIC_ROW_OBSERVED_NOT_PROOF_OF_NO_MARKET
AQ,Antarctica,0,0,UNKNOWN,UNKNOWN,UNKNOWN,NO_MIC_ROW_OBSERVED_NOT_PROOF_OF_NO_MARKET
TF,French Southern Territories,0,0,UNKNOWN,UNKNOWN,UNKNOWN,NO_MIC_ROW_OBSERVED_NOT_PROOF_OF_NO_MARKET
AG,Antigua and Barbuda,1,1,UNKNOWN,UNKNOWN,UNKNOWN,DIRECTORY_ENUMERATION_AND_REGULATOR_CROSSCHECK_PENDING
AU,Australia,48,26,UNKNOWN,UNKNOWN,UNKNOWN,DIRECTORY_ENUMERATION_AND_REGULATOR_CROSSCHECK_PENDING
AT,Austria,22,14,UNKNOWN,UNKNOWN,UNKNOWN,DIRECTORY_ENUMERATION_AND_REGULATOR_CROSSCHECK_PENDING
AZ,Azerbaijan,2,2,UNKNOWN,UNKNOWN,UNKNOWN,DIRECTORY_ENUMERATION_AND_REGULATOR_CROSSCHECK_PENDING
BI,Burundi,0,0,UNKNOWN,UNKNOWN,UNKNOWN,NO_MIC_ROW_OBSERVED_NOT_PROOF_OF_NO_MARKET
BE,Belgium,25,11,UNKNOWN,UNKNOWN,UNKNOWN,DIRECTORY_ENUMERATION_AND_REGULATOR_CROSSCHECK_PENDING
BJ,Benin,0,0,UNKNOWN,UNKNOWN,UNKNOWN,NO_MIC_ROW_OBSERVED_NOT_PROOF_OF_NO_MARKET
BQ,"Bonaire, Sint Eustatius and Saba",0,0,UNKNOWN,UNKNOWN,UNKNOWN,NO_MIC_ROW_OBSERVED_NOT_PROOF_OF_NO_MARKET
BF,Burkina Faso,0,0,UNKNOWN,UNKNOWN,UNKNOWN,NO_MIC_ROW_OBSERVED_NOT_PROOF_OF_NO_MARKET
BD,Bangladesh,2,2,UNKNOWN,UNKNOWN,UNKNOWN,DIRECTORY_ENUMERATION_AND_REGULATOR_CROSSCHECK_PENDING
BG,Bulgaria,17,9,UNKNOWN,UNKNOWN,UNKNOWN,DIRECTORY_ENUMERATION_AND_REGULATOR_CROSSCHECK_PENDING
BH,Bahrain,2,2,UNKNOWN,UNKNOWN,UNKNOWN,DIRECTORY_ENUMERATION_AND_REGULATOR_CROSSCHECK_PENDING
BS,Bahamas,1,1,UNKNOWN,UNKNOWN,UNKNOWN,DIRECTORY_ENUMERATION_AND_REGULATOR_CROSSCHECK_PENDING
BA,Bosnia and Herzegovina,3,2,UNKNOWN,UNKNOWN,UNKNOWN,DIRECTORY_ENUMERATION_AND_REGULATOR_CROSSCHECK_PENDING
BL,Saint Barthélemy,0,0,UNKNOWN,UNKNOWN,UNKNOWN,NO_MIC_ROW_OBSERVED_NOT_PROOF_OF_NO_MARKET
BY,Belarus,1,1,UNKNOWN,UNKNOWN,UNKNOWN,DIRECTORY_ENUMERATION_AND_REGULATOR_CROSSCHECK_PENDING
BZ,Belize,0,0,UNKNOWN,UNKNOWN,UNKNOWN,NO_MIC_ROW_OBSERVED_NOT_PROOF_OF_NO_MARKET
BM,Bermuda,3,3,UNKNOWN,UNKNOWN,UNKNOWN,DIRECTORY_ENUMERATION_AND_REGULATOR_CROSSCHECK_PENDING
BO,"Bolivia, Plurinational State of",1,1,UNKNOWN,UNKNOWN,UNKNOWN,DIRECTORY_ENUMERATION_AND_REGULATOR_CROSSCHECK_PENDING
BR,Brazil,13,5,UNKNOWN,UNKNOWN,UNKNOWN,DIRECTORY_ENUMERATION_AND_REGULATOR_CROSSCHECK_PENDING
BB,Barbados,3,1,UNKNOWN,UNKNOWN,UNKNOWN,DIRECTORY_ENUMERATION_AND_REGULATOR_CROSSCHECK_PENDING
BN,Brunei Darussalam,0,0,UNKNOWN,UNKNOWN,UNKNOWN,NO_MIC_ROW_OBSERVED_NOT_PROOF_OF_NO_MARKET
BT,Bhutan,0,0,UNKNOWN,UNKNOWN,UNKNOWN,NO_MIC_ROW_OBSERVED_NOT_PROOF_OF_NO_MARKET
BV,Bouvet Island,0,0,UNKNOWN,UNKNOWN,UNKNOWN,NO_MIC_ROW_OBSERVED_NOT_PROOF_OF_NO_MARKET
BW,Botswana,3,1,UNKNOWN,UNKNOWN,UNKNOWN,DIRECTORY_ENUMERATION_AND_REGULATOR_CROSSCHECK_PENDING
CF,Central African Republic,0,0,UNKNOWN,UNKNOWN,UNKNOWN,NO_MIC_ROW_OBSERVED_NOT_PROOF_OF_NO_MARKET
CA,Canada,45,24,UNKNOWN,UNKNOWN,UNKNOWN,DIRECTORY_ENUMERATION_AND_REGULATOR_CROSSCHECK_PENDING
CC,Cocos (Keeling) Islands,0,0,UNKNOWN,UNKNOWN,UNKNOWN,NO_MIC_ROW_OBSERVED_NOT_PROOF_OF_NO_MARKET
CH,Switzerland,48,25,UNKNOWN,UNKNOWN,UNKNOWN,DIRECTORY_ENUMERATION_AND_REGULATOR_CROSSCHECK_PENDING
CL,Chile,3,3,UNKNOWN,UNKNOWN,UNKNOWN,DIRECTORY_ENUMERATION_AND_REGULATOR_CROSSCHECK_PENDING
CN,China,18,14,UNKNOWN,UNKNOWN,UNKNOWN,DIRECTORY_ENUMERATION_AND_REGULATOR_CROSSCHECK_PENDING
CI,Côte d'Ivoire,2,1,UNKNOWN,UNKNOWN,UNKNOWN,DIRECTORY_ENUMERATION_AND_REGULATOR_CROSSCHECK_PENDING
CM,Cameroon,1,1,UNKNOWN,UNKNOWN,UNKNOWN,DIRECTORY_ENUMERATION_AND_REGULATOR_CROSSCHECK_PENDING
CD,"Congo, The Democratic Republic of the",0,0,UNKNOWN,UNKNOWN,UNKNOWN,NO_MIC_ROW_OBSERVED_NOT_PROOF_OF_NO_MARKET
CG,Congo,0,0,UNKNOWN,UNKNOWN,UNKNOWN,NO_MIC_ROW_OBSERVED_NOT_PROOF_OF_NO_MARKET
CK,Cook Islands,0,0,UNKNOWN,UNKNOWN,UNKNOWN,NO_MIC_ROW_OBSERVED_NOT_PROOF_OF_NO_MARKET
CO,Colombia,1,1,UNKNOWN,UNKNOWN,UNKNOWN,DIRECTORY_ENUMERATION_AND_REGULATOR_CROSSCHECK_PENDING
KM,Comoros,0,0,UNKNOWN,UNKNOWN,UNKNOWN,NO_MIC_ROW_OBSERVED_NOT_PROOF_OF_NO_MARKET
CV,Cabo Verde,1,1,UNKNOWN,UNKNOWN,UNKNOWN,DIRECTORY_ENUMERATION_AND_REGULATOR_CROSSCHECK_PENDING
CR,Costa Rica,1,1,UNKNOWN,UNKNOWN,UNKNOWN,DIRECTORY_ENUMERATION_AND_REGULATOR_CROSSCHECK_PENDING
CU,Cuba,0,0,UNKNOWN,UNKNOWN,UNKNOWN,NO_MIC_ROW_OBSERVED_NOT_PROOF_OF_NO_MARKET
CW,Curaçao,1,1,UNKNOWN,UNKNOWN,UNKNOWN,DIRECTORY_ENUMERATION_AND_REGULATOR_CROSSCHECK_PENDING
CX,Christmas Island,0,0,UNKNOWN,UNKNOWN,UNKNOWN,NO_MIC_ROW_OBSERVED_NOT_PROOF_OF_NO_MARKET
KY,Cayman Islands,1,1,UNKNOWN,UNKNOWN,UNKNOWN,DIRECTORY_ENUMERATION_AND_REGULATOR_CROSSCHECK_PENDING
CY,Cyprus,17,14,UNKNOWN,UNKNOWN,UNKNOWN,DIRECTORY_ENUMERATION_AND_REGULATOR_CROSSCHECK_PENDING
CZ,Czechia,22,14,UNKNOWN,UNKNOWN,UNKNOWN,DIRECTORY_ENUMERATION_AND_REGULATOR_CROSSCHECK_PENDING
DE,Germany,216,84,UNKNOWN,UNKNOWN,UNKNOWN,DIRECTORY_ENUMERATION_AND_REGULATOR_CROSSCHECK_PENDING
DJ,Djibouti,0,0,UNKNOWN,UNKNOWN,UNKNOWN,NO_MIC_ROW_OBSERVED_NOT_PROOF_OF_NO_MARKET
DM,Dominica,0,0,UNKNOWN,UNKNOWN,UNKNOWN,NO_MIC_ROW_OBSERVED_NOT_PROOF_OF_NO_MARKET
DK,Denmark,27,17,UNKNOWN,UNKNOWN,UNKNOWN,DIRECTORY_ENUMERATION_AND_REGULATOR_CROSSCHECK_PENDING
DO,Dominican Republic,2,2,UNKNOWN,UNKNOWN,UNKNOWN,DIRECTORY_ENUMERATION_AND_REGULATOR_CROSSCHECK_PENDING
DZ,Algeria,1,1,UNKNOWN,UNKNOWN,UNKNOWN,DIRECTORY_ENUMERATION_AND_REGULATOR_CROSSCHECK_PENDING
EC,Ecuador,2,2,UNKNOWN,UNKNOWN,UNKNOWN,DIRECTORY_ENUMERATION_AND_REGULATOR_CROSSCHECK_PENDING
EG,Egypt,2,2,UNKNOWN,UNKNOWN,UNKNOWN,DIRECTORY_ENUMERATION_AND_REGULATOR_CROSSCHECK_PENDING
ER,Eritrea,0,0,UNKNOWN,UNKNOWN,UNKNOWN,NO_MIC_ROW_OBSERVED_NOT_PROOF_OF_NO_MARKET
EH,Western Sahara,0,0,UNKNOWN,UNKNOWN,UNKNOWN,NO_MIC_ROW_OBSERVED_NOT_PROOF_OF_NO_MARKET
ES,Spain,64,40,UNKNOWN,UNKNOWN,UNKNOWN,DIRECTORY_ENUMERATION_AND_REGULATOR_CROSSCHECK_PENDING
EE,Estonia,6,3,UNKNOWN,UNKNOWN,UNKNOWN,DIRECTORY_ENUMERATION_AND_REGULATOR_CROSSCHECK_PENDING
ET,Ethiopia,0,0,UNKNOWN,UNKNOWN,UNKNOWN,NO_MIC_ROW_OBSERVED_NOT_PROOF_OF_NO_MARKET
FI,Finland,14,5,UNKNOWN,UNKNOWN,UNKNOWN,DIRECTORY_ENUMERATION_AND_REGULATOR_CROSSCHECK_PENDING
FJ,Fiji,1,1,UNKNOWN,UNKNOWN,UNKNOWN,DIRECTORY_ENUMERATION_AND_REGULATOR_CROSSCHECK_PENDING
FK,Falkland Islands (Malvinas),0,0,UNKNOWN,UNKNOWN,UNKNOWN,NO_MIC_ROW_OBSERVED_NOT_PROOF_OF_NO_MARKET
FR,France,108,54,UNKNOWN,UNKNOWN,UNKNOWN,DIRECTORY_ENUMERATION_AND_REGULATOR_CROSSCHECK_PENDING
FO,Faroe Islands,1,1,UNKNOWN,UNKNOWN,UNKNOWN,DIRECTORY_ENUMERATION_AND_REGULATOR_CROSSCHECK_PENDING
FM,"Micronesia, Federated States of",0,0,UNKNOWN,UNKNOWN,UNKNOWN,NO_MIC_ROW_OBSERVED_NOT_PROOF_OF_NO_MARKET
GA,Gabon,0,0,UNKNOWN,UNKNOWN,UNKNOWN,NO_MIC_ROW_OBSERVED_NOT_PROOF_OF_NO_MARKET
GB,United Kingdom,603,271,UNKNOWN,UNKNOWN,UNKNOWN,DIRECTORY_ENUMERATION_AND_REGULATOR_CROSSCHECK_PENDING
GE,Georgia,1,1,UNKNOWN,UNKNOWN,UNKNOWN,DIRECTORY_ENUMERATION_AND_REGULATOR_CROSSCHECK_PENDING
GG,Guernsey,1,1,UNKNOWN,UNKNOWN,UNKNOWN,DIRECTORY_ENUMERATION_AND_REGULATOR_CROSSCHECK_PENDING
GH,Ghana,1,1,UNKNOWN,UNKNOWN,UNKNOWN,DIRECTORY_ENUMERATION_AND_REGULATOR_CROSSCHECK_PENDING
GI,Gibraltar,3,2,UNKNOWN,UNKNOWN,UNKNOWN,DIRECTORY_ENUMERATION_AND_REGULATOR_CROSSCHECK_PENDING
GN,Guinea,0,0,UNKNOWN,UNKNOWN,UNKNOWN,NO_MIC_ROW_OBSERVED_NOT_PROOF_OF_NO_MARKET
GP,Guadeloupe,0,0,UNKNOWN,UNKNOWN,UNKNOWN,NO_MIC_ROW_OBSERVED_NOT_PROOF_OF_NO_MARKET
GM,Gambia,0,0,UNKNOWN,UNKNOWN,UNKNOWN,NO_MIC_ROW_OBSERVED_NOT_PROOF_OF_NO_MARKET
GW,Guinea-Bissau,0,0,UNKNOWN,UNKNOWN,UNKNOWN,NO_MIC_ROW_OBSERVED_NOT_PROOF_OF_NO_MARKET
GQ,Equatorial Guinea,0,0,UNKNOWN,UNKNOWN,UNKNOWN,NO_MIC_ROW_OBSERVED_NOT_PROOF_OF_NO_MARKET
GR,Greece,16,8,UNKNOWN,UNKNOWN,UNKNOWN,DIRECTORY_ENUMERATION_AND_REGULATOR_CROSSCHECK_PENDING
GD,Grenada,0,0,UNKNOWN,UNKNOWN,UNKNOWN,NO_MIC_ROW_OBSERVED_NOT_PROOF_OF_NO_MARKET
GL,Greenland,0,0,UNKNOWN,UNKNOWN,UNKNOWN,NO_MIC_ROW_OBSERVED_NOT_PROOF_OF_NO_MARKET
GT,Guatemala,1,1,UNKNOWN,UNKNOWN,UNKNOWN,DIRECTORY_ENUMERATION_AND_REGULATOR_CROSSCHECK_PENDING
GF,French Guiana,0,0,UNKNOWN,UNKNOWN,UNKNOWN,NO_MIC_ROW_OBSERVED_NOT_PROOF_OF_NO_MARKET
GU,Guam,0,0,UNKNOWN,UNKNOWN,UNKNOWN,NO_MIC_ROW_OBSERVED_NOT_PROOF_OF_NO_MARKET
GY,Guyana,1,1,UNKNOWN,UNKNOWN,UNKNOWN,DIRECTORY_ENUMERATION_AND_REGULATOR_CROSSCHECK_PENDING
HK,Hong Kong,36,23,UNKNOWN,UNKNOWN,UNKNOWN,DIRECTORY_ENUMERATION_AND_REGULATOR_CROSSCHECK_PENDING
HM,Heard Island and McDonald Islands,0,0,UNKNOWN,UNKNOWN,UNKNOWN,NO_MIC_ROW_OBSERVED_NOT_PROOF_OF_NO_MARKET
HN,Honduras,2,1,UNKNOWN,UNKNOWN,UNKNOWN,DIRECTORY_ENUMERATION_AND_REGULATOR_CROSSCHECK_PENDING
HR,Croatia,8,5,UNKNOWN,UNKNOWN,UNKNOWN,DIRECTORY_ENUMERATION_AND_REGULATOR_CROSSCHECK_PENDING
HT,Haiti,0,0,UNKNOWN,UNKNOWN,UNKNOWN,NO_MIC_ROW_OBSERVED_NOT_PROOF_OF_NO_MARKET
HU,Hungary,20,16,UNKNOWN,UNKNOWN,UNKNOWN,DIRECTORY_ENUMERATION_AND_REGULATOR_CROSSCHECK_PENDING
ID,Indonesia,7,4,UNKNOWN,UNKNOWN,UNKNOWN,DIRECTORY_ENUMERATION_AND_REGULATOR_CROSSCHECK_PENDING
IM,Isle of Man,0,0,UNKNOWN,UNKNOWN,UNKNOWN,NO_MIC_ROW_OBSERVED_NOT_PROOF_OF_NO_MARKET
IN,India,28,19,UNKNOWN,UNKNOWN,UNKNOWN,DIRECTORY_ENUMERATION_AND_REGULATOR_CROSSCHECK_PENDING
IO,British Indian Ocean Territory,0,0,UNKNOWN,UNKNOWN,UNKNOWN,NO_MIC_ROW_OBSERVED_NOT_PROOF_OF_NO_MARKET
IE,Ireland,63,33,UNKNOWN,UNKNOWN,UNKNOWN,DIRECTORY_ENUMERATION_AND_REGULATOR_CROSSCHECK_PENDING
IR,"Iran, Islamic Republic of",3,3,UNKNOWN,UNKNOWN,UNKNOWN,DIRECTORY_ENUMERATION_AND_REGULATOR_CROSSCHECK_PENDING
IQ,Iraq,1,1,UNKNOWN,UNKNOWN,UNKNOWN,DIRECTORY_ENUMERATION_AND_REGULATOR_CROSSCHECK_PENDING
IS,Iceland,7,1,UNKNOWN,UNKNOWN,UNKNOWN,DIRECTORY_ENUMERATION_AND_REGULATOR_CROSSCHECK_PENDING
IL,Israel,1,1,UNKNOWN,UNKNOWN,UNKNOWN,DIRECTORY_ENUMERATION_AND_REGULATOR_CROSSCHECK_PENDING
IT,Italy,66,23,UNKNOWN,UNKNOWN,UNKNOWN,DIRECTORY_ENUMERATION_AND_REGULATOR_CROSSCHECK_PENDING
JM,Jamaica,1,1,UNKNOWN,UNKNOWN,UNKNOWN,DIRECTORY_ENUMERATION_AND_REGULATOR_CROSSCHECK_PENDING
JE,Jersey,0,0,UNKNOWN,UNKNOWN,UNKNOWN,NO_MIC_ROW_OBSERVED_NOT_PROOF_OF_NO_MARKET
JO,Jordan,2,1,UNKNOWN,UNKNOWN,UNKNOWN,DIRECTORY_ENUMERATION_AND_REGULATOR_CROSSCHECK_PENDING
JP,Japan,89,39,UNKNOWN,UNKNOWN,UNKNOWN,DIRECTORY_ENUMERATION_AND_REGULATOR_CROSSCHECK_PENDING
KZ,Kazakhstan,5,5,UNKNOWN,UNKNOWN,UNKNOWN,DIRECTORY_ENUMERATION_AND_REGULATOR_CROSSCHECK_PENDING
KE,Kenya,1,1,UNKNOWN,UNKNOWN,UNKNOWN,DIRECTORY_ENUMERATION_AND_REGULATOR_CROSSCHECK_PENDING
KG,Kyrgyzstan,1,1,UNKNOWN,UNKNOWN,UNKNOWN,DIRECTORY_ENUMERATION_AND_REGULATOR_CROSSCHECK_PENDING
KH,Cambodia,1,1,UNKNOWN,UNKNOWN,UNKNOWN,DIRECTORY_ENUMERATION_AND_REGULATOR_CROSSCHECK_PENDING
KI,Kiribati,0,0,UNKNOWN,UNKNOWN,UNKNOWN,NO_MIC_ROW_OBSERVED_NOT_PROOF_OF_NO_MARKET
KN,Saint Kitts and Nevis,1,1,UNKNOWN,UNKNOWN,UNKNOWN,DIRECTORY_ENUMERATION_AND_REGULATOR_CROSSCHECK_PENDING
KR,"Korea, Republic of",11,5,UNKNOWN,UNKNOWN,UNKNOWN,DIRECTORY_ENUMERATION_AND_REGULATOR_CROSSCHECK_PENDING
KW,Kuwait,1,1,UNKNOWN,UNKNOWN,UNKNOWN,DIRECTORY_ENUMERATION_AND_REGULATOR_CROSSCHECK_PENDING
LA,Lao People's Democratic Republic,1,1,UNKNOWN,UNKNOWN,UNKNOWN,DIRECTORY_ENUMERATION_AND_REGULATOR_CROSSCHECK_PENDING
LB,Lebanon,1,1,UNKNOWN,UNKNOWN,UNKNOWN,DIRECTORY_ENUMERATION_AND_REGULATOR_CROSSCHECK_PENDING
LR,Liberia,0,0,UNKNOWN,UNKNOWN,UNKNOWN,NO_MIC_ROW_OBSERVED_NOT_PROOF_OF_NO_MARKET
LY,Libya,1,1,UNKNOWN,UNKNOWN,UNKNOWN,DIRECTORY_ENUMERATION_AND_REGULATOR_CROSSCHECK_PENDING
LC,Saint Lucia,0,0,UNKNOWN,UNKNOWN,UNKNOWN,NO_MIC_ROW_OBSERVED_NOT_PROOF_OF_NO_MARKET
LI,Liechtenstein,8,8,UNKNOWN,UNKNOWN,UNKNOWN,DIRECTORY_ENUMERATION_AND_REGULATOR_CROSSCHECK_PENDING
LK,Sri Lanka,1,1,UNKNOWN,UNKNOWN,UNKNOWN,DIRECTORY_ENUMERATION_AND_REGULATOR_CROSSCHECK_PENDING
LS,Lesotho,0,0,UNKNOWN,UNKNOWN,UNKNOWN,NO_MIC_ROW_OBSERVED_NOT_PROOF_OF_NO_MARKET
LT,Lithuania,9,6,UNKNOWN,UNKNOWN,UNKNOWN,DIRECTORY_ENUMERATION_AND_REGULATOR_CROSSCHECK_PENDING
LU,Luxembourg,20,14,UNKNOWN,UNKNOWN,UNKNOWN,DIRECTORY_ENUMERATION_AND_REGULATOR_CROSSCHECK_PENDING
LV,Latvia,3,2,UNKNOWN,UNKNOWN,UNKNOWN,DIRECTORY_ENUMERATION_AND_REGULATOR_CROSSCHECK_PENDING
MO,Macao,0,0,UNKNOWN,UNKNOWN,UNKNOWN,NO_MIC_ROW_OBSERVED_NOT_PROOF_OF_NO_MARKET
MF,Saint Martin (French part),0,0,UNKNOWN,UNKNOWN,UNKNOWN,NO_MIC_ROW_OBSERVED_NOT_PROOF_OF_NO_MARKET
MA,Morocco,2,1,UNKNOWN,UNKNOWN,UNKNOWN,DIRECTORY_ENUMERATION_AND_REGULATOR_CROSSCHECK_PENDING
MC,Monaco,0,0,UNKNOWN,UNKNOWN,UNKNOWN,NO_MIC_ROW_OBSERVED_NOT_PROOF_OF_NO_MARKET
MD,"Moldova, Republic of",1,1,UNKNOWN,UNKNOWN,UNKNOWN,DIRECTORY_ENUMERATION_AND_REGULATOR_CROSSCHECK_PENDING
MG,Madagascar,1,0,UNKNOWN,UNKNOWN,UNKNOWN,DIRECTORY_ENUMERATION_AND_REGULATOR_CROSSCHECK_PENDING
MV,Maldives,1,1,UNKNOWN,UNKNOWN,UNKNOWN,DIRECTORY_ENUMERATION_AND_REGULATOR_CROSSCHECK_PENDING
MX,Mexico,4,4,UNKNOWN,UNKNOWN,UNKNOWN,DIRECTORY_ENUMERATION_AND_REGULATOR_CROSSCHECK_PENDING
MH,Marshall Islands,0,0,UNKNOWN,UNKNOWN,UNKNOWN,NO_MIC_ROW_OBSERVED_NOT_PROOF_OF_NO_MARKET
MK,North Macedonia,1,1,UNKNOWN,UNKNOWN,UNKNOWN,DIRECTORY_ENUMERATION_AND_REGULATOR_CROSSCHECK_PENDING
ML,Mali,0,0,UNKNOWN,UNKNOWN,UNKNOWN,NO_MIC_ROW_OBSERVED_NOT_PROOF_OF_NO_MARKET
MT,Malta,8,7,UNKNOWN,UNKNOWN,UNKNOWN,DIRECTORY_ENUMERATION_AND_REGULATOR_CROSSCHECK_PENDING
MM,Myanmar,0,0,UNKNOWN,UNKNOWN,UNKNOWN,NO_MIC_ROW_OBSERVED_NOT_PROOF_OF_NO_MARKET
ME,Montenegro,2,2,UNKNOWN,UNKNOWN,UNKNOWN,DIRECTORY_ENUMERATION_AND_REGULATOR_CROSSCHECK_PENDING
MN,Mongolia,1,1,UNKNOWN,UNKNOWN,UNKNOWN,DIRECTORY_ENUMERATION_AND_REGULATOR_CROSSCHECK_PENDING
MP,Northern Mariana Islands,0,0,UNKNOWN,UNKNOWN,UNKNOWN,NO_MIC_ROW_OBSERVED_NOT_PROOF_OF_NO_MARKET
MZ,Mozambique,2,1,UNKNOWN,UNKNOWN,UNKNOWN,DIRECTORY_ENUMERATION_AND_REGULATOR_CROSSCHECK_PENDING
MR,Mauritania,0,0,UNKNOWN,UNKNOWN,UNKNOWN,NO_MIC_ROW_OBSERVED_NOT_PROOF_OF_NO_MARKET
MS,Montserrat,0,0,UNKNOWN,UNKNOWN,UNKNOWN,NO_MIC_ROW_OBSERVED_NOT_PROOF_OF_NO_MARKET
MQ,Martinique,0,0,UNKNOWN,UNKNOWN,UNKNOWN,NO_MIC_ROW_OBSERVED_NOT_PROOF_OF_NO_MARKET
MU,Mauritius,4,4,UNKNOWN,UNKNOWN,UNKNOWN,DIRECTORY_ENUMERATION_AND_REGULATOR_CROSSCHECK_PENDING
MW,Malawi,1,1,UNKNOWN,UNKNOWN,UNKNOWN,DIRECTORY_ENUMERATION_AND_REGULATOR_CROSSCHECK_PENDING
MY,Malaysia,5,3,UNKNOWN,UNKNOWN,UNKNOWN,DIRECTORY_ENUMERATION_AND_REGULATOR_CROSSCHECK_PENDING
YT,Mayotte,0,0,UNKNOWN,UNKNOWN,UNKNOWN,NO_MIC_ROW_OBSERVED_NOT_PROOF_OF_NO_MARKET
NA,Namibia,1,1,UNKNOWN,UNKNOWN,UNKNOWN,DIRECTORY_ENUMERATION_AND_REGULATOR_CROSSCHECK_PENDING
NC,New Caledonia,0,0,UNKNOWN,UNKNOWN,UNKNOWN,NO_MIC_ROW_OBSERVED_NOT_PROOF_OF_NO_MARKET
NE,Niger,0,0,UNKNOWN,UNKNOWN,UNKNOWN,NO_MIC_ROW_OBSERVED_NOT_PROOF_OF_NO_MARKET
NF,Norfolk Island,0,0,UNKNOWN,UNKNOWN,UNKNOWN,NO_MIC_ROW_OBSERVED_NOT_PROOF_OF_NO_MARKET
NG,Nigeria,2,2,UNKNOWN,UNKNOWN,UNKNOWN,DIRECTORY_ENUMERATION_AND_REGULATOR_CROSSCHECK_PENDING
NI,Nicaragua,1,1,UNKNOWN,UNKNOWN,UNKNOWN,DIRECTORY_ENUMERATION_AND_REGULATOR_CROSSCHECK_PENDING
NU,Niue,0,0,UNKNOWN,UNKNOWN,UNKNOWN,NO_MIC_ROW_OBSERVED_NOT_PROOF_OF_NO_MARKET
NL,Netherlands,123,63,UNKNOWN,UNKNOWN,UNKNOWN,DIRECTORY_ENUMERATION_AND_REGULATOR_CROSSCHECK_PENDING
NO,Norway,43,20,UNKNOWN,UNKNOWN,UNKNOWN,DIRECTORY_ENUMERATION_AND_REGULATOR_CROSSCHECK_PENDING
NP,Nepal,1,1,UNKNOWN,UNKNOWN,UNKNOWN,DIRECTORY_ENUMERATION_AND_REGULATOR_CROSSCHECK_PENDING
NR,Nauru,0,0,UNKNOWN,UNKNOWN,UNKNOWN,NO_MIC_ROW_OBSERVED_NOT_PROOF_OF_NO_MARKET
NZ,New Zealand,6,1,UNKNOWN,UNKNOWN,UNKNOWN,DIRECTORY_ENUMERATION_AND_REGULATOR_CROSSCHECK_PENDING
OM,Oman,3,1,UNKNOWN,UNKNOWN,UNKNOWN,DIRECTORY_ENUMERATION_AND_REGULATOR_CROSSCHECK_PENDING
PK,Pakistan,4,4,UNKNOWN,UNKNOWN,UNKNOWN,DIRECTORY_ENUMERATION_AND_REGULATOR_CROSSCHECK_PENDING
PA,Panama,1,1,UNKNOWN,UNKNOWN,UNKNOWN,DIRECTORY_ENUMERATION_AND_REGULATOR_CROSSCHECK_PENDING
PN,Pitcairn,0,0,UNKNOWN,UNKNOWN,UNKNOWN,NO_MIC_ROW_OBSERVED_NOT_PROOF_OF_NO_MARKET
PE,Peru,1,1,UNKNOWN,UNKNOWN,UNKNOWN,DIRECTORY_ENUMERATION_AND_REGULATOR_CROSSCHECK_PENDING
PH,Philippines,3,3,UNKNOWN,UNKNOWN,UNKNOWN,DIRECTORY_ENUMERATION_AND_REGULATOR_CROSSCHECK_PENDING
PW,Palau,0,0,UNKNOWN,UNKNOWN,UNKNOWN,NO_MIC_ROW_OBSERVED_NOT_PROOF_OF_NO_MARKET
PG,Papua New Guinea,1,1,UNKNOWN,UNKNOWN,UNKNOWN,DIRECTORY_ENUMERATION_AND_REGULATOR_CROSSCHECK_PENDING
PL,Poland,43,27,UNKNOWN,UNKNOWN,UNKNOWN,DIRECTORY_ENUMERATION_AND_REGULATOR_CROSSCHECK_PENDING
PR,Puerto Rico,0,0,UNKNOWN,UNKNOWN,UNKNOWN,NO_MIC_ROW_OBSERVED_NOT_PROOF_OF_NO_MARKET
KP,"Korea, Democratic People's Republic of",0,0,UNKNOWN,UNKNOWN,UNKNOWN,NO_MIC_ROW_OBSERVED_NOT_PROOF_OF_NO_MARKET
PT,Portugal,13,7,UNKNOWN,UNKNOWN,UNKNOWN,DIRECTORY_ENUMERATION_AND_REGULATOR_CROSSCHECK_PENDING
PY,Paraguay,1,1,UNKNOWN,UNKNOWN,UNKNOWN,DIRECTORY_ENUMERATION_AND_REGULATOR_CROSSCHECK_PENDING
PS,"Palestine, State of",1,1,UNKNOWN,UNKNOWN,UNKNOWN,DIRECTORY_ENUMERATION_AND_REGULATOR_CROSSCHECK_PENDING
PF,French Polynesia,0,0,UNKNOWN,UNKNOWN,UNKNOWN,NO_MIC_ROW_OBSERVED_NOT_PROOF_OF_NO_MARKET
QA,Qatar,1,1,UNKNOWN,UNKNOWN,UNKNOWN,DIRECTORY_ENUMERATION_AND_REGULATOR_CROSSCHECK_PENDING
RE,Réunion,0,0,UNKNOWN,UNKNOWN,UNKNOWN,NO_MIC_ROW_OBSERVED_NOT_PROOF_OF_NO_MARKET
RO,Romania,22,9,UNKNOWN,UNKNOWN,UNKNOWN,DIRECTORY_ENUMERATION_AND_REGULATOR_CROSSCHECK_PENDING
RU,Russian Federation,21,15,UNKNOWN,UNKNOWN,UNKNOWN,DIRECTORY_ENUMERATION_AND_REGULATOR_CROSSCHECK_PENDING
RW,Rwanda,2,1,UNKNOWN,UNKNOWN,UNKNOWN,DIRECTORY_ENUMERATION_AND_REGULATOR_CROSSCHECK_PENDING
SA,Saudi Arabia,2,2,UNKNOWN,UNKNOWN,UNKNOWN,DIRECTORY_ENUMERATION_AND_REGULATOR_CROSSCHECK_PENDING
SD,Sudan,1,1,UNKNOWN,UNKNOWN,UNKNOWN,DIRECTORY_ENUMERATION_AND_REGULATOR_CROSSCHECK_PENDING
SN,Senegal,0,0,UNKNOWN,UNKNOWN,UNKNOWN,NO_MIC_ROW_OBSERVED_NOT_PROOF_OF_NO_MARKET
SG,Singapore,49,30,UNKNOWN,UNKNOWN,UNKNOWN,DIRECTORY_ENUMERATION_AND_REGULATOR_CROSSCHECK_PENDING
GS,South Georgia and the South Sandwich Islands,0,0,UNKNOWN,UNKNOWN,UNKNOWN,NO_MIC_ROW_OBSERVED_NOT_PROOF_OF_NO_MARKET
SH,"Saint Helena, Ascension and Tristan da Cunha",0,0,UNKNOWN,UNKNOWN,UNKNOWN,NO_MIC_ROW_OBSERVED_NOT_PROOF_OF_NO_MARKET
SJ,Svalbard and Jan Mayen,0,0,UNKNOWN,UNKNOWN,UNKNOWN,NO_MIC_ROW_OBSERVED_NOT_PROOF_OF_NO_MARKET
SB,Solomon Islands,0,0,UNKNOWN,UNKNOWN,UNKNOWN,NO_MIC_ROW_OBSERVED_NOT_PROOF_OF_NO_MARKET
SL,Sierra Leone,0,0,UNKNOWN,UNKNOWN,UNKNOWN,NO_MIC_ROW_OBSERVED_NOT_PROOF_OF_NO_MARKET
SV,El Salvador,1,1,UNKNOWN,UNKNOWN,UNKNOWN,DIRECTORY_ENUMERATION_AND_REGULATOR_CROSSCHECK_PENDING
SM,San Marino,0,0,UNKNOWN,UNKNOWN,UNKNOWN,NO_MIC_ROW_OBSERVED_NOT_PROOF_OF_NO_MARKET
SO,Somalia,0,0,UNKNOWN,UNKNOWN,UNKNOWN,NO_MIC_ROW_OBSERVED_NOT_PROOF_OF_NO_MARKET
PM,Saint Pierre and Miquelon,0,0,UNKNOWN,UNKNOWN,UNKNOWN,NO_MIC_ROW_OBSERVED_NOT_PROOF_OF_NO_MARKET
RS,Serbia,1,1,UNKNOWN,UNKNOWN,UNKNOWN,DIRECTORY_ENUMERATION_AND_REGULATOR_CROSSCHECK_PENDING
SS,South Sudan,0,0,UNKNOWN,UNKNOWN,UNKNOWN,NO_MIC_ROW_OBSERVED_NOT_PROOF_OF_NO_MARKET
ST,Sao Tome and Principe,0,0,UNKNOWN,UNKNOWN,UNKNOWN,NO_MIC_ROW_OBSERVED_NOT_PROOF_OF_NO_MARKET
SR,Suriname,0,0,UNKNOWN,UNKNOWN,UNKNOWN,NO_MIC_ROW_OBSERVED_NOT_PROOF_OF_NO_MARKET
SK,Slovakia,6,4,UNKNOWN,UNKNOWN,UNKNOWN,DIRECTORY_ENUMERATION_AND_REGULATOR_CROSSCHECK_PENDING
SI,Slovenia,6,5,UNKNOWN,UNKNOWN,UNKNOWN,DIRECTORY_ENUMERATION_AND_REGULATOR_CROSSCHECK_PENDING
SE,Sweden,67,18,UNKNOWN,UNKNOWN,UNKNOWN,DIRECTORY_ENUMERATION_AND_REGULATOR_CROSSCHECK_PENDING
SZ,Eswatini,1,1,UNKNOWN,UNKNOWN,UNKNOWN,DIRECTORY_ENUMERATION_AND_REGULATOR_CROSSCHECK_PENDING
SX,Sint Maarten (Dutch part),0,0,UNKNOWN,UNKNOWN,UNKNOWN,NO_MIC_ROW_OBSERVED_NOT_PROOF_OF_NO_MARKET
SC,Seychelles,5,2,UNKNOWN,UNKNOWN,UNKNOWN,DIRECTORY_ENUMERATION_AND_REGULATOR_CROSSCHECK_PENDING
SY,Syrian Arab Republic,1,1,UNKNOWN,UNKNOWN,UNKNOWN,DIRECTORY_ENUMERATION_AND_REGULATOR_CROSSCHECK_PENDING
TC,Turks and Caicos Islands,0,0,UNKNOWN,UNKNOWN,UNKNOWN,NO_MIC_ROW_OBSERVED_NOT_PROOF_OF_NO_MARKET
TD,Chad,0,0,UNKNOWN,UNKNOWN,UNKNOWN,NO_MIC_ROW_OBSERVED_NOT_PROOF_OF_NO_MARKET
TG,Togo,0,0,UNKNOWN,UNKNOWN,UNKNOWN,NO_MIC_ROW_OBSERVED_NOT_PROOF_OF_NO_MARKET
TH,Thailand,6,4,UNKNOWN,UNKNOWN,UNKNOWN,DIRECTORY_ENUMERATION_AND_REGULATOR_CROSSCHECK_PENDING
TJ,Tajikistan,0,0,UNKNOWN,UNKNOWN,UNKNOWN,NO_MIC_ROW_OBSERVED_NOT_PROOF_OF_NO_MARKET
TK,Tokelau,0,0,UNKNOWN,UNKNOWN,UNKNOWN,NO_MIC_ROW_OBSERVED_NOT_PROOF_OF_NO_MARKET
TM,Turkmenistan,0,0,UNKNOWN,UNKNOWN,UNKNOWN,NO_MIC_ROW_OBSERVED_NOT_PROOF_OF_NO_MARKET
TL,Timor-Leste,0,0,UNKNOWN,UNKNOWN,UNKNOWN,NO_MIC_ROW_OBSERVED_NOT_PROOF_OF_NO_MARKET
TO,Tonga,0,0,UNKNOWN,UNKNOWN,UNKNOWN,NO_MIC_ROW_OBSERVED_NOT_PROOF_OF_NO_MARKET
TT,Trinidad and Tobago,1,0,UNKNOWN,UNKNOWN,UNKNOWN,DIRECTORY_ENUMERATION_AND_REGULATOR_CROSSCHECK_PENDING
TN,Tunisia,2,1,UNKNOWN,UNKNOWN,UNKNOWN,DIRECTORY_ENUMERATION_AND_REGULATOR_CROSSCHECK_PENDING
TR,Türkiye,13,5,UNKNOWN,UNKNOWN,UNKNOWN,DIRECTORY_ENUMERATION_AND_REGULATOR_CROSSCHECK_PENDING
TV,Tuvalu,0,0,UNKNOWN,UNKNOWN,UNKNOWN,NO_MIC_ROW_OBSERVED_NOT_PROOF_OF_NO_MARKET
TW,"Taiwan, Province of China",7,5,UNKNOWN,UNKNOWN,UNKNOWN,DIRECTORY_ENUMERATION_AND_REGULATOR_CROSSCHECK_PENDING
TZ,"Tanzania, United Republic of",1,1,UNKNOWN,UNKNOWN,UNKNOWN,DIRECTORY_ENUMERATION_AND_REGULATOR_CROSSCHECK_PENDING
UG,Uganda,2,2,UNKNOWN,UNKNOWN,UNKNOWN,DIRECTORY_ENUMERATION_AND_REGULATOR_CROSSCHECK_PENDING
UA,Ukraine,16,12,UNKNOWN,UNKNOWN,UNKNOWN,DIRECTORY_ENUMERATION_AND_REGULATOR_CROSSCHECK_PENDING
UM,United States Minor Outlying Islands,0,0,UNKNOWN,UNKNOWN,UNKNOWN,NO_MIC_ROW_OBSERVED_NOT_PROOF_OF_NO_MARKET
UY,Uruguay,3,3,UNKNOWN,UNKNOWN,UNKNOWN,DIRECTORY_ENUMERATION_AND_REGULATOR_CROSSCHECK_PENDING
US,United States,504,252,UNKNOWN,UNKNOWN,UNKNOWN,DIRECTORY_ENUMERATION_AND_REGULATOR_CROSSCHECK_PENDING
UZ,Uzbekistan,5,2,UNKNOWN,UNKNOWN,UNKNOWN,DIRECTORY_ENUMERATION_AND_REGULATOR_CROSSCHECK_PENDING
VA,Holy See (Vatican City State),0,0,UNKNOWN,UNKNOWN,UNKNOWN,NO_MIC_ROW_OBSERVED_NOT_PROOF_OF_NO_MARKET
VC,Saint Vincent and the Grenadines,1,1,UNKNOWN,UNKNOWN,UNKNOWN,DIRECTORY_ENUMERATION_AND_REGULATOR_CROSSCHECK_PENDING
VE,"Venezuela, Bolivarian Republic of",2,1,UNKNOWN,UNKNOWN,UNKNOWN,DIRECTORY_ENUMERATION_AND_REGULATOR_CROSSCHECK_PENDING
VG,"Virgin Islands, British",2,2,UNKNOWN,UNKNOWN,UNKNOWN,DIRECTORY_ENUMERATION_AND_REGULATOR_CROSSCHECK_PENDING
VI,"Virgin Islands, U.S.",0,0,UNKNOWN,UNKNOWN,UNKNOWN,NO_MIC_ROW_OBSERVED_NOT_PROOF_OF_NO_MARKET
VN,Viet Nam,4,2,UNKNOWN,UNKNOWN,UNKNOWN,DIRECTORY_ENUMERATION_AND_REGULATOR_CROSSCHECK_PENDING
VU,Vanuatu,2,1,UNKNOWN,UNKNOWN,UNKNOWN,DIRECTORY_ENUMERATION_AND_REGULATOR_CROSSCHECK_PENDING
WF,Wallis and Futuna,0,0,UNKNOWN,UNKNOWN,UNKNOWN,NO_MIC_ROW_OBSERVED_NOT_PROOF_OF_NO_MARKET
WS,Samoa,0,0,UNKNOWN,UNKNOWN,UNKNOWN,NO_MIC_ROW_OBSERVED_NOT_PROOF_OF_NO_MARKET
YE,Yemen,0,0,UNKNOWN,UNKNOWN,UNKNOWN,NO_MIC_ROW_OBSERVED_NOT_PROOF_OF_NO_MARKET
ZA,South Africa,17,10,UNKNOWN,UNKNOWN,UNKNOWN,DIRECTORY_ENUMERATION_AND_REGULATOR_CROSSCHECK_PENDING
ZM,Zambia,1,1,UNKNOWN,UNKNOWN,UNKNOWN,DIRECTORY_ENUMERATION_AND_REGULATOR_CROSSCHECK_PENDING
ZW,Zimbabwe,2,2,UNKNOWN,UNKNOWN,UNKNOWN,DIRECTORY_ENUMERATION_AND_REGULATOR_CROSSCHECK_PENDING
