url,checked_on,requested_url,http_status,final_url,content_type,acquisition,truncated,file,bytes,sha256,parse_status,business_role_review,content_verified,completeness
https://guyanastockexchangeinc.com/gse/sec/media/BDH.xlsx,2026-10-08,https://guyanastockexchangeinc.com/gse/sec/media/BDH.xlsx,200,https://guyanastockexchangeinc.com/gse/sec/media/BDH.xlsx,application/vnd.openxmlformats,DIRECT_OBSERVED_LINK,False,reports/2026-10-08/global_directory_followup_b21/downloads/49ac914f1c92d811b8af.response,21221,e10c6cd931f12eac4757b4ae8bdf1916eb74aee122a16e15718d77542d0cb4c7,,INDIVIDUAL_SECURITY_HISTORICAL_TRADES,BODY_HASH_ONLY_SEMANTICS_PENDING,UNKNOWN
https://otc.nfmf.no/public/news/10037_2.xls,2026-10-08,https://otc.nfmf.no/public/news/10037_2.xls,200,https://otc.nfmf.no/public/news/10037_2.xls,application/vnd.ms-excel,DIRECT_OBSERVED_LINK,False,reports/2026-10-08/global_directory_followup_b21/downloads/016d7183456c90b93562.response,40960,1704e1e02d5004dcb700708fdb5cf9280b926606be34289ab398717b6a456725,,HISTORICAL_COMPANY_FINANCIAL_WORKBOOK,BODY_HASH_ONLY_SEMANTICS_PENDING,UNKNOWN
https://otc.nfmf.no/public/news/10510.xls,2026-10-08,https://otc.nfmf.no/public/news/10510.xls,200,https://otc.nfmf.no/public/news/10510.xls,application/vnd.ms-excel,DIRECT_OBSERVED_LINK,False,reports/2026-10-08/global_directory_followup_b21/downloads/7ee12f00b3ac8178a3e9.response,55296,438b53b20a0d3f525dc0711bf89af635ace7be08a06387a43b2703470de3815a,,HISTORICAL_COMPANY_FINANCIAL_WORKBOOK,BODY_HASH_ONLY_SEMANTICS_PENDING,UNKNOWN
https://otc.nfmf.no/public/news/10511_2.xls,2026-10-08,https://otc.nfmf.no/public/news/10511_2.xls,200,https://otc.nfmf.no/public/news/10511_2.xls,application/vnd.ms-excel,DIRECT_OBSERVED_LINK,False,reports/2026-10-08/global_directory_followup_b21/downloads/59a03fe8d190c5b0bbb8.response,55296,438b53b20a0d3f525dc0711bf89af635ace7be08a06387a43b2703470de3815a,,HISTORICAL_COMPANY_FINANCIAL_WORKBOOK,BODY_HASH_ONLY_SEMANTICS_PENDING,UNKNOWN
https://otc.nfmf.no/public/news/10729_2.xls,2026-10-08,https://otc.nfmf.no/public/news/10729_2.xls,200,https://otc.nfmf.no/public/news/10729_2.xls,application/vnd.ms-excel,DIRECT_OBSERVED_LINK,False,reports/2026-10-08/global_directory_followup_b21/downloads/f2d1fda5d7aa2bbbe2c3.response,98816,1fb3c43adda84e93cc0ba1b7add3255c3b13df6706dae04a8bec111cf967ca18,,HISTORICAL_COMPANY_FINANCIAL_WORKBOOK,BODY_HASH_ONLY_SEMANTICS_PENDING,UNKNOWN
https://otc.nfmf.no/public/news/7173.xls,2026-10-08,https://otc.nfmf.no/public/news/7173.xls,200,https://otc.nfmf.no/public/news/7173.xls,application/vnd.ms-excel,DIRECT_OBSERVED_LINK,False,reports/2026-10-08/global_directory_followup_b21/downloads/08f44e143035488664d6.response,48128,e99bd28845b25533f8cc8a683395142388f32856dac85b54969807edb179f1df,,HISTORICAL_COMPANY_FINANCIAL_WORKBOOK,BODY_HASH_ONLY_SEMANTICS_PENDING,UNKNOWN
https://otc.nfmf.no/public/news/7553.xls,2026-10-08,https://otc.nfmf.no/public/news/7553.xls,200,https://otc.nfmf.no/public/news/7553.xls,application/vnd.ms-excel,DIRECT_OBSERVED_LINK,False,reports/2026-10-08/global_directory_followup_b21/downloads/9e96c6206ce20cb3c4ec.response,39424,5a7df531c1b3ec62999e154fd9ed1776082a679995455049797872ec5ed3246c,,HISTORICAL_COMPANY_FINANCIAL_WORKBOOK,BODY_HASH_ONLY_SEMANTICS_PENDING,UNKNOWN
https://otc.nfmf.no/public/news/8122_2.xls,2026-10-08,https://otc.nfmf.no/public/news/8122_2.xls,200,https://otc.nfmf.no/public/news/8122_2.xls,application/vnd.ms-excel,DIRECT_OBSERVED_LINK,False,reports/2026-10-08/global_directory_followup_b21/downloads/ff461a4147d4cc8d279b.response,50176,868171ad4024c0e4e4a70a33636e4a31654dcf111b4793581abb8081d493426d,,HISTORICAL_COMPANY_FINANCIAL_WORKBOOK,BODY_HASH_ONLY_SEMANTICS_PENDING,UNKNOWN
https://otc.nfmf.no/public/news/8469_2.xls,2026-10-08,https://otc.nfmf.no/public/news/8469_2.xls,200,https://otc.nfmf.no/public/news/8469_2.xls,application/vnd.ms-excel,DIRECT_OBSERVED_LINK,False,reports/2026-10-08/global_directory_followup_b21/downloads/a1e40627d8f669d5a33c.response,22528,4ca7dd25718509869239535a7beab717d27cd30643f6a77e66785bbea1b12344,,HISTORICAL_COMPANY_FINANCIAL_WORKBOOK,BODY_HASH_ONLY_SEMANTICS_PENDING,UNKNOWN
https://otc.nfmf.no/public/news/9035_2.xls,2026-10-08,https://otc.nfmf.no/public/news/9035_2.xls,200,https://otc.nfmf.no/public/news/9035_2.xls,application/vnd.ms-excel,DIRECT_OBSERVED_LINK,False,reports/2026-10-08/global_directory_followup_b21/downloads/9c58f1d9eae9d3d32a87.response,51712,fe503840c252181a3c57a6186ea9b94c7f7dd40fa5bbb83f9db25e3870ac26d3,,HISTORICAL_COMPANY_FINANCIAL_WORKBOOK,BODY_HASH_ONLY_SEMANTICS_PENDING,UNKNOWN
https://otc.nfmf.no/public/news/9474_2.xls,2026-10-08,https://otc.nfmf.no/public/news/9474_2.xls,200,https://otc.nfmf.no/public/news/9474_2.xls,application/vnd.ms-excel,DIRECT_OBSERVED_LINK,False,reports/2026-10-08/global_directory_followup_b21/downloads/e98747d5269cd1d5a374.response,44032,f437e8d8d93692beb35f4cd230045f08506e7b4fddf48e9ef90a6318a75e22c1,,HISTORICAL_COMPANY_FINANCIAL_WORKBOOK,BODY_HASH_ONLY_SEMANTICS_PENDING,UNKNOWN
https://otc.nfmf.no/public/news/9871_2.xls,2026-10-08,https://otc.nfmf.no/public/news/9871_2.xls,200,https://otc.nfmf.no/public/news/9871_2.xls,application/vnd.ms-excel,DIRECT_OBSERVED_LINK,False,reports/2026-10-08/global_directory_followup_b21/downloads/f4e466f13bb90a73f9d6.response,50176,d699c2edf039a52ea1b91bb44b5a23f23bf54d56936bd37d53ac744e2953275b,,HISTORICAL_COMPANY_FINANCIAL_WORKBOOK,BODY_HASH_ONLY_SEMANTICS_PENDING,UNKNOWN
https://www.bdcb.gov.bn/docs/amlcft/inforeporting/UN_Consolidated_List_of_Designated_Individuals_and_Entities_06Aug2026.xlsx,2026-10-08,,200,,,REUSE_PRIOR_HASH_VERIFIED,False,reports/2026-10-08/global_directory_content_b07/downloads/e7885d2e35c9d2ff8c00.response,365319,03778d232bd995d73d14d96403b3028823aafc80b023fce8d85dc4a041c3d30d,,HISTORICAL_DESIGNATED_INDIVIDUALS_AND_ENTITIES_NOT_LICENSEES,BODY_HASH_ONLY_SEMANTICS_PENDING,UNKNOWN
https://www.esma.europa.eu/sites/default/files/2026-05/ESGRR_Master_Application_Template.xlsx,2026-10-08,https://www.esma.europa.eu/sites/default/files/2026-05/ESGRR_Master_Application_Template.xlsx,200,https://www.esma.europa.eu/sites/default/files/2026-05/ESGRR_Master_Application_Template.xlsx,application/vnd.openxmlformats-officedocument.spreadsheetml.sheet,DIRECT_OBSERVED_LINK,False,reports/2026-10-08/global_directory_followup_b21/downloads/26037ec89ffa0746727d.response,66473,7e95c25edddf034bcbe37d6f905b6d48816c74c92df18cc4e34e96fd85c12b04,,SOURCE_FILE_SCOPE_REVIEW,BODY_HASH_ONLY_SEMANTICS_PENDING,UNKNOWN
https://www.esma.europa.eu/sites/default/files/2026-05/Temporary_Regime_Notification.xlsx,2026-10-08,https://www.esma.europa.eu/sites/default/files/2026-05/Temporary_Regime_Notification.xlsx,200,https://www.esma.europa.eu/sites/default/files/2026-05/Temporary_Regime_Notification.xlsx,application/vnd.openxmlformats-officedocument.spreadsheetml.sheet,DIRECT_OBSERVED_LINK,False,reports/2026-10-08/global_directory_followup_b21/downloads/aee8ae8ce9e8f57adaca.response,24101,a425238f49669c9053d582988e672e416a43ffe5ea19743dec7e4d791b53483e,,SOURCE_FILE_SCOPE_REVIEW,BODY_HASH_ONLY_SEMANTICS_PENDING,UNKNOWN
https://www.hkex.com.hk/-/media/HKEX-Market/Products/Listed-Derivatives/Equity-Index/MSCI-Index/Marketing/MSCI-Product-List.xlsx,2026-10-08,https://www.hkex.com.hk/-/media/HKEX-Market/Products/Listed-Derivatives/Equity-Index/MSCI-Index/Marketing/MSCI-Product-List.xlsx,200,https://www.hkex.com.hk/-/media/HKEX-Market/Products/Listed-Derivatives/Equity-Index/MSCI-Index/Marketing/MSCI-Product-List.xlsx,application/vnd.openxmlformats-officedocument.spreadsheetml.sheet,DIRECT_OBSERVED_LINK,False,reports/2026-10-08/global_directory_followup_b21/downloads/c0c0c013e563f62a0ca7.response,26115,048f310e71b4a169d42f7672f6ecb358697900b9f3121e800b657fb620e00aa1,,SOURCE_FILE_SCOPE_REVIEW,BODY_HASH_ONLY_SEMANTICS_PENDING,UNKNOWN
https://www.hkex.com.hk/eng/market/rm/rm_dcrm/riskdata/margin_hkcc/HKCC_Margin_Levels_Eng.xlsx,2026-10-08,,200,,,REUSE_PRIOR_HASH_VERIFIED,False,reports/2026-10-08/global_directory_followup_b15/downloads/8abc909d1bf5819c65c3.response,86722,2326e0ac7a328e09e744505015663ffefa06ee5d52e9bf7a927649aea68ed139,,SOURCE_FILE_SCOPE_REVIEW,BODY_HASH_ONLY_SEMANTICS_PENDING,UNKNOWN
https://www.hkex.com.hk/eng/market/rm/rm_dcrm/riskdata/margin_hkcc/Previous_HKCC_Margin_Levels_Eng.zip,2026-10-08,,200,,,REUSE_PRIOR_HASH_VERIFIED,True,reports/2026-10-08/global_directory_followup_b15/downloads/bb80b06d632bef8a758f.response,20000001,42871d1196e56043b024e92c9949333d098771e6a43cc7f433cfd14d63eca394,BODY_LIMIT_PENDING,SOURCE_FILE_SCOPE_REVIEW,BODY_HASH_ONLY_SEMANTICS_PENDING,UNKNOWN
https://www.miaxglobal.com/sites/default/files/alert-files/MIAX_PEARL_Equities_Symbol_Rollout_10.23.2020.xlsx,2026-10-08,https://www.miaxglobal.com/sites/default/files/alert-files/MIAX_PEARL_Equities_Symbol_Rollout_10.23.2020.xlsx,200,https://www.miaxglobal.com/sites/default/files/alert-files/MIAX_PEARL_Equities_Symbol_Rollout_10.23.2020.xlsx,application/vnd.openxmlformats-officedocument.spreadsheetml.sheet,DIRECT_OBSERVED_LINK,False,reports/2026-10-08/global_directory_followup_b21/downloads/ebd27be2e4606877924a.response,8602,0df543403cec0ca04892d298a855c6767c47e70213029118ebcf2309a8215a07,,SOURCE_FILE_SCOPE_REVIEW,BODY_HASH_ONLY_SEMANTICS_PENDING,UNKNOWN
https://www.miaxglobal.com/sites/default/files/alert-files/MIAX_PEARL_Equities_Symbol_Rollout_List_10092020.xlsx,2026-10-08,https://www.miaxglobal.com/sites/default/files/alert-files/MIAX_PEARL_Equities_Symbol_Rollout_List_10092020.xlsx,200,https://www.miaxglobal.com/sites/default/files/alert-files/MIAX_PEARL_Equities_Symbol_Rollout_List_10092020.xlsx,application/vnd.openxmlformats-officedocument.spreadsheetml.sheet,DIRECT_OBSERVED_LINK,False,reports/2026-10-08/global_directory_followup_b21/downloads/354342e020e108d8d1fb.response,20883,7a9fac4158ce77c27b68021db3ab660466802c2a75d2518e05dac877ce8477ba,,SOURCE_FILE_SCOPE_REVIEW,BODY_HASH_ONLY_SEMANTICS_PENDING,UNKNOWN
https://www.miaxglobal.com/sites/default/files/alert-files/MIAX_PEARL_Equities_Symbol_Rollout_List_10162020.xlsx,2026-10-08,https://www.miaxglobal.com/sites/default/files/alert-files/MIAX_PEARL_Equities_Symbol_Rollout_List_10162020.xlsx,200,https://www.miaxglobal.com/sites/default/files/alert-files/MIAX_PEARL_Equities_Symbol_Rollout_List_10162020.xlsx,application/vnd.openxmlformats-officedocument.spreadsheetml.sheet,DIRECT_OBSERVED_LINK,False,reports/2026-10-08/global_directory_followup_b21/downloads/f2e00a1c2c027cfed36c.response,24125,3016cd98e3d99a1b10b1cf342666f31aedc75a2316d1254fcdbe78b7549adbc0,,SOURCE_FILE_SCOPE_REVIEW,BODY_HASH_ONLY_SEMANTICS_PENDING,UNKNOWN
https://www.miaxglobal.com/sites/default/files/alert-files/MIAX_PEARL_Equities_Symbol_Rollout_List_10232020.xlsx,2026-10-08,https://www.miaxglobal.com/sites/default/files/alert-files/MIAX_PEARL_Equities_Symbol_Rollout_List_10232020.xlsx,200,https://www.miaxglobal.com/sites/default/files/alert-files/MIAX_PEARL_Equities_Symbol_Rollout_List_10232020.xlsx,application/vnd.openxmlformats-officedocument.spreadsheetml.sheet,DIRECT_OBSERVED_LINK,False,reports/2026-10-08/global_directory_followup_b21/downloads/c96f4398140a46e0d0b2.response,26431,7606ed37b1f2ad9d3e8a05ac643481c044d53bcc4ddb0069b4f8fe44cc65af40,,SOURCE_FILE_SCOPE_REVIEW,BODY_HASH_ONLY_SEMANTICS_PENDING,UNKNOWN
https://www.miaxglobal.com/sites/default/files/alert-files/MIAX_PEARL_Equities_Symbol_Rollout_List_10302020.xlsx,2026-10-08,https://www.miaxglobal.com/sites/default/files/alert-files/MIAX_PEARL_Equities_Symbol_Rollout_List_10302020.xlsx,200,https://www.miaxglobal.com/sites/default/files/alert-files/MIAX_PEARL_Equities_Symbol_Rollout_List_10302020.xlsx,application/vnd.openxmlformats-officedocument.spreadsheetml.sheet,DIRECT_OBSERVED_LINK,False,reports/2026-10-08/global_directory_followup_b21/downloads/5bbb417295c2a4b265c8.response,203564,6411190d582ec95962613d46f8b90248776d464a45aa62eedc06f908f36e7f47,,SOURCE_FILE_SCOPE_REVIEW,BODY_HASH_ONLY_SEMANTICS_PENDING,UNKNOWN
https://www.miaxglobal.com/sites/default/files/alert-files/MIAX_PEARL_Equities_Symbol_Rollout_List_10302020_Final.xlsx,2026-10-08,https://www.miaxglobal.com/sites/default/files/alert-files/MIAX_PEARL_Equities_Symbol_Rollout_List_10302020_Final.xlsx,200,https://www.miaxglobal.com/sites/default/files/alert-files/MIAX_PEARL_Equities_Symbol_Rollout_List_10302020_Final.xlsx,application/vnd.openxmlformats-officedocument.spreadsheetml.sheet,DIRECT_OBSERVED_LINK,False,reports/2026-10-08/global_directory_followup_b21/downloads/17ce0ec4194f0e4a7187.response,205016,1252f0c541b09f28f3145839082c39ff0e903a13da98c2e60f15e305de24e133,,SOURCE_FILE_SCOPE_REVIEW,BODY_HASH_ONLY_SEMANTICS_PENDING,UNKNOWN
https://www.miaxglobal.com/sites/default/files/alert-files/Symbol_Rollout_List_10.16.2020.xlsx,2026-10-08,https://www.miaxglobal.com/sites/default/files/alert-files/Symbol_Rollout_List_10.16.2020.xlsx,200,https://www.miaxglobal.com/sites/default/files/alert-files/Symbol_Rollout_List_10.16.2020.xlsx,application/vnd.openxmlformats-officedocument.spreadsheetml.sheet,DIRECT_OBSERVED_LINK,False,reports/2026-10-08/global_directory_followup_b21/downloads/05bade9093bb7a4e52c7.response,11101,6dcf0af8bae519919284ca8ceaab824c10272416aa96419783b91250e042bbda,,SOURCE_FILE_SCOPE_REVIEW,BODY_HASH_ONLY_SEMANTICS_PENDING,UNKNOWN
https://www.psx.com.pk/psx/themes/psx/uploads/Acquisition_of_Shares_13-05_.2025.xlsx,2026-10-08,,200,,,REUSE_PRIOR_HASH_VERIFIED,False,reports/2026-10-08/global_directory_content_b05/downloads/0153ea87ebe49179c94c.response,40423,5963347e9aa7d0bb523fb0a51d7e9b299d94fa140eddee442910e3f8537e9582,,SOURCE_FILE_SCOPE_REVIEW,BODY_HASH_ONLY_SEMANTICS_PENDING,UNKNOWN
https://www.psx.com.pk/psx/themes/psx/uploads/List-of-Online-Brokers-13-8-24.zip,2026-10-08,,,,,REUSE_PRIOR_HASH_VERIFIED,False,reports/2026-10-08/global_directory_content_b05/downloads/693a609315ef7d3292e2.response,21548,3ee7f9138d7b09656118fd3e239176215fa9ae80ebb7ab1b7b669f0acd30741c,,HISTORICAL_ONLINE_ACCOUNT_OPENING_BROKER_SUBSET,BODY_HASH_ONLY_SEMANTICS_PENDING,UNKNOWN
