source_url,table,physical_source_rows,headers_json,structured_records,role,all_rows_preserved
https://www.bsx.com/listed-securities?CoStatus%5B0%5D=1&page=21,1,11,"[""Name"", ""Currency"", ""Type""]",10,DIRECTORY_RECORD_REVIEW,True
https://www.xtb.com/int/company-news?page=14,1,18,"[""Cookie name"", ""Description""]",0,NO_ENTITY_PROJECTION_HEADER_OR_CONTENT_REVIEW,True
https://www.xtb.com/int/company-news?page=14,2,20,"[""Cookie name"", ""Description""]",0,NO_ENTITY_PROJECTION_HEADER_OR_CONTENT_REVIEW,True
https://www.xtb.com/int/company-news?page=14,3,21,"[""Cookie name"", ""Description""]",0,NO_ENTITY_PROJECTION_HEADER_OR_CONTENT_REVIEW,True
https://www.xtb.com/int/company-news?page=14,4,7,"[""Cookie name"", ""Description""]",0,NO_ENTITY_PROJECTION_HEADER_OR_CONTENT_REVIEW,True
https://www.bsx.com/listed-securities?CoStatus%5B0%5D=1&page=22,1,11,"[""Name"", ""Currency"", ""Type""]",10,DIRECTORY_RECORD_REVIEW,True
https://www.cdcp.sk/cdcpweb/info-o-cp/j-s-a-register-akcionarov/?pageno=18,1,3,"[""ISIN"", """"]",0,NO_ENTITY_PROJECTION_HEADER_OR_CONTENT_REVIEW,True
https://www.cdcp.sk/cdcpweb/info-o-cp/j-s-a-register-akcionarov/?pageno=18,2,11,"[""ISIN"", ""IČO"", ""Názov emitenta"", """", """"]",0,NO_ENTITY_PROJECTION_HEADER_OR_CONTENT_REVIEW,True
https://www.xtb.com/int/company-news?page=15,1,7,"[""Rollovers""]",0,NO_ENTITY_PROJECTION_HEADER_OR_CONTENT_REVIEW,True
https://www.xtb.com/int/company-news?page=15,2,3,"[""Dividends""]",0,NO_ENTITY_PROJECTION_HEADER_OR_CONTENT_REVIEW,True
https://www.xtb.com/int/company-news?page=15,3,3,"[""Holidays (change in trading hours - CEST time)""]",0,NO_ENTITY_PROJECTION_HEADER_OR_CONTENT_REVIEW,True
https://www.xtb.com/int/company-news?page=15,4,3,"[""Dividends""]",0,NO_ENTITY_PROJECTION_HEADER_OR_CONTENT_REVIEW,True
https://www.xtb.com/int/company-news?page=15,5,3,"[""Holidays (change in trading hours - CEST time)""]",0,NO_ENTITY_PROJECTION_HEADER_OR_CONTENT_REVIEW,True
https://www.xtb.com/int/company-news?page=15,6,18,"[""Cookie name"", ""Description""]",0,NO_ENTITY_PROJECTION_HEADER_OR_CONTENT_REVIEW,True
https://www.xtb.com/int/company-news?page=15,7,20,"[""Cookie name"", ""Description""]",0,NO_ENTITY_PROJECTION_HEADER_OR_CONTENT_REVIEW,True
https://www.xtb.com/int/company-news?page=15,8,21,"[""Cookie name"", ""Description""]",0,NO_ENTITY_PROJECTION_HEADER_OR_CONTENT_REVIEW,True
https://www.xtb.com/int/company-news?page=15,9,7,"[""Cookie name"", ""Description""]",0,NO_ENTITY_PROJECTION_HEADER_OR_CONTENT_REVIEW,True
https://www.bsx.com/listed-securities?CoStatus%5B0%5D=1&page=23,1,11,"[""Name"", ""Currency"", ""Type""]",10,DIRECTORY_RECORD_REVIEW,True
https://www.xtb.com/int/company-news?page=518,1,18,"[""Cookie name"", ""Description""]",0,NO_ENTITY_PROJECTION_HEADER_OR_CONTENT_REVIEW,True
https://www.xtb.com/int/company-news?page=518,2,20,"[""Cookie name"", ""Description""]",0,NO_ENTITY_PROJECTION_HEADER_OR_CONTENT_REVIEW,True
https://www.xtb.com/int/company-news?page=518,3,21,"[""Cookie name"", ""Description""]",0,NO_ENTITY_PROJECTION_HEADER_OR_CONTENT_REVIEW,True
https://www.xtb.com/int/company-news?page=518,4,7,"[""Cookie name"", ""Description""]",0,NO_ENTITY_PROJECTION_HEADER_OR_CONTENT_REVIEW,True
https://www.cdcp.sk/cdcpweb/info-o-cp/j-s-a-register-akcionarov/?pageno=60,1,3,"[""ISIN"", """"]",0,NO_ENTITY_PROJECTION_HEADER_OR_CONTENT_REVIEW,True
https://www.cdcp.sk/cdcpweb/info-o-cp/j-s-a-register-akcionarov/?pageno=60,2,11,"[""ISIN"", ""IČO"", ""Názov emitenta"", """", """"]",0,NO_ENTITY_PROJECTION_HEADER_OR_CONTENT_REVIEW,True
https://www.bsx.com/listed-securities?CoStatus%5B0%5D=1&page=24,1,11,"[""Name"", ""Currency"", ""Type""]",10,DIRECTORY_RECORD_REVIEW,True
https://www.cdcp.sk/cdcpweb/info-o-cp/j-s-a-register-akcionarov/?pageno=61,1,3,"[""ISIN"", """"]",0,NO_ENTITY_PROJECTION_HEADER_OR_CONTENT_REVIEW,True
https://www.cdcp.sk/cdcpweb/info-o-cp/j-s-a-register-akcionarov/?pageno=61,2,11,"[""ISIN"", ""IČO"", ""Názov emitenta"", """", """"]",0,NO_ENTITY_PROJECTION_HEADER_OR_CONTENT_REVIEW,True
https://www.xtb.com/int/company-news?page=517,1,18,"[""Cookie name"", ""Description""]",0,NO_ENTITY_PROJECTION_HEADER_OR_CONTENT_REVIEW,True
https://www.xtb.com/int/company-news?page=517,2,20,"[""Cookie name"", ""Description""]",0,NO_ENTITY_PROJECTION_HEADER_OR_CONTENT_REVIEW,True
https://www.xtb.com/int/company-news?page=517,3,21,"[""Cookie name"", ""Description""]",0,NO_ENTITY_PROJECTION_HEADER_OR_CONTENT_REVIEW,True
https://www.xtb.com/int/company-news?page=517,4,7,"[""Cookie name"", ""Description""]",0,NO_ENTITY_PROJECTION_HEADER_OR_CONTENT_REVIEW,True
https://www.bsx.com/listed-securities?CoStatus%5B0%5D=1&page=98,1,11,"[""Name"", ""Currency"", ""Type""]",10,DIRECTORY_RECORD_REVIEW,True
https://www.cdcp.sk/cdcpweb/info-o-cp/j-s-a-register-akcionarov/?pageno=19,1,3,"[""ISIN"", """"]",0,NO_ENTITY_PROJECTION_HEADER_OR_CONTENT_REVIEW,True
https://www.cdcp.sk/cdcpweb/info-o-cp/j-s-a-register-akcionarov/?pageno=19,2,11,"[""ISIN"", ""IČO"", ""Názov emitenta"", """", """"]",0,NO_ENTITY_PROJECTION_HEADER_OR_CONTENT_REVIEW,True
https://www.bsx.com/listed-securities?CoStatus%5B0%5D=1&page=95,1,11,"[""Name"", ""Currency"", ""Type""]",10,DIRECTORY_RECORD_REVIEW,True
https://www.bsx.com/listed-securities?CoStatus%5B0%5D=1&page=96,1,11,"[""Name"", ""Currency"", ""Type""]",10,DIRECTORY_RECORD_REVIEW,True
https://www.bsx.com/listed-securities?CoStatus%5B0%5D=1&page=97,1,11,"[""Name"", ""Currency"", ""Type""]",10,DIRECTORY_RECORD_REVIEW,True
