key	status	url	verified_scope
McKinsey	V	https://www.mckinsey.com/industries/public-sector/how-we-help-clients	官网公共部门咨询定位
BCG	V	https://www.bcg.com/industries/public-sector/overview	官网公共部门战略服务定位
Kearney	V	https://www.kearney.com/service/global-business-policy-council/about	GBPC 战略前瞻定位
Tony Blair	V	https://institute.global/what-we-do/helping-governments-deliver/centre-ai	CentreAI 政府工具链定位；不验证政策效果
PEMANDU	V	https://pemandu.org/	官网列战略工作坊、Lab、PMO 与交付服务
Palantir	V	https://www.palantir.com/docs/foundry/platform-overview/aip-capabilities	官方 AIP 与业务运行连接能力定位
中科闻歌	P	https://decitron.wenge.com/	检索见产品页；正文受验证页面限制，未充分核验规格
Quantexa	V	https://www.quantexa.com/platform/decision-intelligence-platform/	现行决策智能产品定位
Hogan	V	https://www.hoganassessments.com/	测评与人才发展定位；量化效果仅为厂商声明
Korn Ferry	V	https://www.kornferry.com/capabilities/assessment-succession	评估与继任服务定位
i2 Group	V	https://i2group.com/hubfs/Products/Analysis-Studio-and-Analysis-Hub.pdf?hsLang=en	官方产品组合列 Analyst’s Notebook
Maltego	V	https://www.maltego.com/	图分析与调查平台定位
Babel Street	V	https://www.babelstreet.com/	风险、身份与供应商分析定位
Altrata	V	https://altrata.com/	官网组织与人物数据服务；未核所有并列品牌归属
Kroll	V	https://www.kroll.com/en	金融与风险咨询定位
Eurasia Group	V	https://www.eurasiagroup.net/	现行机构官网；具体项目与价格未核
Control Risks	V	https://www.controlrisks.com/	现行全球风险咨询定位
EIU	V	https://www.eiu.com/n/	国别、经营与金融风险产品定位
RANE	V	https://www.ranenetwork.com/	企业地缘、安全、网络与合规风险情报定位
Maplecroft	V	https://www.maplecroft.com/	风险数据与咨询定位；集团归属未核
GeoQuant	P	https://www.fitchsolutions.com/bmi/geo-risk-signals	旧 URL 跳转 Geo Risk Signals；完整规格与品牌变更待核
FiscalNote	V	https://fiscalnote.com/	公共事务与政府关系软件定位；Threat Lens 归属待核
International Futures	V	https://korbel.du.edu/pardee/use-ifs/	免费浏览与下载、条件情景定位；本轮未实跑
BlackRock Aladdin	V	https://www.blackrock.com/aladdin	组合管理与风险平台定位
Decidim	V	https://decidim.org/	自由开源公众参与平台定位
Polis	P	https://pol.is/	页面未提取到充分正文；本轮不升级能力核验
Metaculus	V	https://www.metaculus.com/	群体预测与专业服务定位
Good Judgment	V	https://goodjudgment.com/	专业概率预测服务定位
AnyLogic	P	https://www.anylogic.com/	抓取 403；不能以访问失败推断产品不存在
Receptiviti	V	https://docs.receptiviti.com/overview/	官方语言心理分析文档；个体预测效度未验
Humantic AI	V	https://api.humantic.ai/	官方画像 API；预测效度未验
MASA	P	https://www.masa-group.biz/sword/	页面读取失败；现售状态待核
Sift Stack	V	https://www.siftstack.com/about/faq	独立公司由前 SpaceX 工程师创办；不是 SpaceX 自研产品
SpaceX / Starlink	P	https://x.ai/news/xai-joins-spacex	核实 2026-02-02 收购 xAI；未核全部集团与上市数字
Hugging Face	P	https://blogs.nvidia.co.jp/blog/nvidia-to-acquire-hugging-face/	官方宣布收购计划；不等同已交割
Oxford Analytica	P	https://www.oxan.com/	原网址跳转 Dow Jones 页面，目标页读取失败；现行定位与归属待核
Oxford Economics	V	https://www.oxfordeconomics.com/	官网经济预测、模型与咨询定位
北森	V	https://www.beisen.com/	官网人才测评、招聘与人力管理定位
Crystal	V	https://www.crystalknows.com/	现行 AI 沟通／辅导平台；画像效度未验
