path,sha256
Reference/tables/10_global_technology_iso249_20261006_b04/registry_country_entity_relations.csv,8238ac709f23dd4c7bc8e529038c10bec0b60dde277fffe450f805ba72a9749f
Reference/tables/10_global_technology_iso249_20261006_b04/registry_country_technology_coverage.csv,76f6563ac1c1892ad72597dc56bcc5e1f4b392b8f40a4c99205d5854b7d97474
Reference/tables/10_global_technology_iso249_20261006_b04/registry_global_claims.csv,7494e6e2064d7ee25d9a4514b7c62b980b6ab069ab21f18ffea2d593d91c821c
Reference/tables/10_global_technology_iso249_20261006_b04/registry_global_organizations.csv,4f8ed43da97e6aabac4c3c550625ffcd1fd87688b61131290c56785e00df8b4e
Reference/tables/10_global_technology_iso249_20261006_b04/registry_global_sources.csv,37fc0bd8c65b2b075a5c49ffaec5202d523e21fae50189ac3c69c1e25dcc4b62
Reference/tables/10_global_technology_iso249_20261006_b04/registry_neurotechnology_global.csv,68759bafbd7b59bda5c6c19110b9cabace445f51377cd1ea8785bd669e2753a9
Reference/tables/10_global_technology_iso249_20261006_b04/registry_technology_lifecycle_events.csv,dccbfb53ae30c9d3206163dd57b7b0220ee61573f7c994783daf3c914529ae56
Reference/tables/10_global_technology_iso249_20261006_b04/registry_technology_metrics.csv,322e2b56ffbf9341239e1b1e83699e9d4a8c040b7106fbd034a49a5b53bee4f9
Reference/tables/10_global_technology_iso249_20261006_b04/registry_technology_products_tools.csv,64383446f3b6d099a08d6f7e0b9501a7afa78031a02dc0066a0302b58e0e413a
Reference/tables/11_official_evidence_20261007_b01/baseline_missing_source_review.csv,1fe96a23b5f0a0ada7e4c08937c8021d31f9fa24e84340a97adde4160ddb8db3
Reference/tables/11_official_evidence_20261007_b01/registry_supplemental_claims.csv,9b73dfb8d292a49316d046071e7eaeb6324dc02f75347d6169f58c56429556b1
Reference/tables/11_official_evidence_20261007_b01/registry_supplemental_sources.csv,774a65a0c20332cece474ca75e85dcb9be87bb7955b3c6ba942954c9ee500875
Reference/tables/11_official_evidence_20261007_b01/registry_supplemental_technology_descriptions.csv,9dca7fd99b209e74e1fb22f2b2597c20de0b193128bbefaf67af8221b10d7fcc
