iso_alpha2,name_en,search_state,broad_queries_completed,retry_count,search_lead_count,editorial_entity_candidate_count,candidate_public_descriptions_verified,country_relation_verified_count,country_frontier_capability_state,N0_N7_level,research_completion_state,query,provider,searched_on
AW,Aruba,SEARCH_COMPLETED,1,0,4,0,0,0,UNKNOWN,UNKNOWN,BROAD_DISCOVERY_ONLY_ENTITY_AND_SECTOR_REVIEW_INCOMPLETE,"""Aruba"" science research institute advanced technology artificial intelligence official",TAVILY,2026-10-06
AF,Afghanistan,SEARCH_COMPLETED,1,0,0,0,0,0,UNKNOWN,UNKNOWN,BROAD_DISCOVERY_ONLY_ENTITY_AND_SECTOR_REVIEW_INCOMPLETE,"""Afghanistan"" science research institute advanced technology artificial intelligence official",TAVILY,2026-10-06
AO,Angola,SEARCH_COMPLETED,1,0,4,0,0,0,UNKNOWN,UNKNOWN,BROAD_DISCOVERY_ONLY_ENTITY_AND_SECTOR_REVIEW_INCOMPLETE,"""Angola"" science research institute advanced technology artificial intelligence official",TAVILY,2026-10-06
AI,Anguilla,SEARCH_COMPLETED,1,0,0,0,0,0,UNKNOWN,UNKNOWN,BROAD_DISCOVERY_ONLY_ENTITY_AND_SECTOR_REVIEW_INCOMPLETE,"""Anguilla"" science research institute advanced technology artificial intelligence official",TAVILY,2026-10-06
AX,Åland Islands,SEARCH_COMPLETED,1,0,4,0,0,0,UNKNOWN,UNKNOWN,BROAD_DISCOVERY_ONLY_ENTITY_AND_SECTOR_REVIEW_INCOMPLETE,"""Åland Islands"" science research institute advanced technology artificial intelligence official",TAVILY,2026-10-06
AL,Albania,SEARCH_COMPLETED,1,0,4,0,0,0,UNKNOWN,UNKNOWN,BROAD_DISCOVERY_ONLY_ENTITY_AND_SECTOR_REVIEW_INCOMPLETE,"""Albania"" science research institute advanced technology artificial intelligence official",TAVILY,2026-10-06
AD,Andorra,SEARCH_COMPLETED,1,0,0,0,0,0,UNKNOWN,UNKNOWN,BROAD_DISCOVERY_ONLY_ENTITY_AND_SECTOR_REVIEW_INCOMPLETE,"""Andorra"" science research institute advanced technology artificial intelligence official",TAVILY,2026-10-06
AE,United Arab Emirates,SEARCH_COMPLETED,1,0,4,2,2,0,UNKNOWN,UNKNOWN,BROAD_DISCOVERY_ONLY_ENTITY_AND_SECTOR_REVIEW_INCOMPLETE,"""United Arab Emirates"" science research institute advanced technology artificial intelligence official",TAVILY,2026-10-06
AR,Argentina,SEARCH_COMPLETED,1,0,4,1,1,0,UNKNOWN,UNKNOWN,BROAD_DISCOVERY_ONLY_ENTITY_AND_SECTOR_REVIEW_INCOMPLETE,"""Argentina"" science research institute advanced technology artificial intelligence official",TAVILY,2026-10-06
AM,Armenia,SEARCH_COMPLETED,1,0,0,0,0,0,UNKNOWN,UNKNOWN,BROAD_DISCOVERY_ONLY_ENTITY_AND_SECTOR_REVIEW_INCOMPLETE,"""Armenia"" science research institute advanced technology artificial intelligence official",TAVILY,2026-10-06
AS,American Samoa,SEARCH_COMPLETED,1,0,4,0,0,0,UNKNOWN,UNKNOWN,BROAD_DISCOVERY_ONLY_ENTITY_AND_SECTOR_REVIEW_INCOMPLETE,"""American Samoa"" science research institute advanced technology artificial intelligence official",TAVILY,2026-10-06
AQ,Antarctica,SEARCH_COMPLETED,1,0,4,0,0,0,UNKNOWN,UNKNOWN,BROAD_DISCOVERY_ONLY_ENTITY_AND_SECTOR_REVIEW_INCOMPLETE,"""Antarctica"" science research institute advanced technology artificial intelligence official",TAVILY,2026-10-06
TF,French Southern Territories,SEARCH_COMPLETED,1,0,0,0,0,0,UNKNOWN,UNKNOWN,BROAD_DISCOVERY_ONLY_ENTITY_AND_SECTOR_REVIEW_INCOMPLETE,"""French Southern Territories"" science research institute advanced technology artificial intelligence official",TAVILY,2026-10-06
AG,Antigua and Barbuda,SEARCH_COMPLETED,1,0,4,0,0,0,UNKNOWN,UNKNOWN,BROAD_DISCOVERY_ONLY_ENTITY_AND_SECTOR_REVIEW_INCOMPLETE,"""Antigua and Barbuda"" science research institute advanced technology artificial intelligence official",TAVILY,2026-10-06
AU,Australia,SEARCH_COMPLETED,1,0,4,2,2,1,UNKNOWN,UNKNOWN,BROAD_DISCOVERY_ONLY_ENTITY_AND_SECTOR_REVIEW_INCOMPLETE,"""Australia"" science research institute advanced technology artificial intelligence official",TAVILY,2026-10-06
AT,Austria,SEARCH_COMPLETED,1,0,4,1,1,0,UNKNOWN,UNKNOWN,BROAD_DISCOVERY_ONLY_ENTITY_AND_SECTOR_REVIEW_INCOMPLETE,"""Austria"" science research institute advanced technology artificial intelligence official",TAVILY,2026-10-06
AZ,Azerbaijan,SEARCH_COMPLETED,1,0,4,0,0,0,UNKNOWN,UNKNOWN,BROAD_DISCOVERY_ONLY_ENTITY_AND_SECTOR_REVIEW_INCOMPLETE,"""Azerbaijan"" science research institute advanced technology artificial intelligence official",TAVILY,2026-10-06
BI,Burundi,SEARCH_COMPLETED,1,0,0,0,0,0,UNKNOWN,UNKNOWN,BROAD_DISCOVERY_ONLY_ENTITY_AND_SECTOR_REVIEW_INCOMPLETE,"""Burundi"" science research institute advanced technology artificial intelligence official",TAVILY,2026-10-06
BE,Belgium,SEARCH_COMPLETED,1,0,4,1,1,0,UNKNOWN,UNKNOWN,BROAD_DISCOVERY_ONLY_ENTITY_AND_SECTOR_REVIEW_INCOMPLETE,"""Belgium"" science research institute advanced technology artificial intelligence official",TAVILY,2026-10-06
BJ,Benin,SEARCH_COMPLETED,1,0,4,0,0,0,UNKNOWN,UNKNOWN,BROAD_DISCOVERY_ONLY_ENTITY_AND_SECTOR_REVIEW_INCOMPLETE,"""Benin"" science research institute advanced technology artificial intelligence official",TAVILY,2026-10-06
BQ,"Bonaire, Sint Eustatius and Saba",SEARCH_COMPLETED,1,0,4,0,0,0,UNKNOWN,UNKNOWN,BROAD_DISCOVERY_ONLY_ENTITY_AND_SECTOR_REVIEW_INCOMPLETE,"""Bonaire, Sint Eustatius and Saba"" science research institute advanced technology artificial intelligence official",TAVILY,2026-10-06
BF,Burkina Faso,SEARCH_COMPLETED,1,0,4,0,0,0,UNKNOWN,UNKNOWN,BROAD_DISCOVERY_ONLY_ENTITY_AND_SECTOR_REVIEW_INCOMPLETE,"""Burkina Faso"" science research institute advanced technology artificial intelligence official",TAVILY,2026-10-06
BD,Bangladesh,SEARCH_COMPLETED,1,0,4,0,0,0,UNKNOWN,UNKNOWN,BROAD_DISCOVERY_ONLY_ENTITY_AND_SECTOR_REVIEW_INCOMPLETE,"""Bangladesh"" science research institute advanced technology artificial intelligence official",TAVILY,2026-10-06
BG,Bulgaria,SEARCH_COMPLETED,1,0,0,1,1,0,UNKNOWN,UNKNOWN,BROAD_DISCOVERY_ONLY_ENTITY_AND_SECTOR_REVIEW_INCOMPLETE,"""Bulgaria"" science research institute advanced technology artificial intelligence official",TAVILY,2026-10-06
BH,Bahrain,SEARCH_COMPLETED,1,0,4,0,0,0,UNKNOWN,UNKNOWN,BROAD_DISCOVERY_ONLY_ENTITY_AND_SECTOR_REVIEW_INCOMPLETE,"""Bahrain"" science research institute advanced technology artificial intelligence official",TAVILY,2026-10-06
BS,Bahamas,SEARCH_COMPLETED,1,0,4,0,0,0,UNKNOWN,UNKNOWN,BROAD_DISCOVERY_ONLY_ENTITY_AND_SECTOR_REVIEW_INCOMPLETE,"""Bahamas"" science research institute advanced technology artificial intelligence official",TAVILY,2026-10-06
BA,Bosnia and Herzegovina,SEARCH_COMPLETED,1,0,4,0,0,0,UNKNOWN,UNKNOWN,BROAD_DISCOVERY_ONLY_ENTITY_AND_SECTOR_REVIEW_INCOMPLETE,"""Bosnia and Herzegovina"" science research institute advanced technology artificial intelligence official",TAVILY,2026-10-06
BL,Saint Barthélemy,SEARCH_COMPLETED,1,0,4,0,0,0,UNKNOWN,UNKNOWN,BROAD_DISCOVERY_ONLY_ENTITY_AND_SECTOR_REVIEW_INCOMPLETE,"""Saint Barthélemy"" science research institute advanced technology artificial intelligence official",TAVILY,2026-10-06
BY,Belarus,SEARCH_COMPLETED,1,0,0,0,0,0,UNKNOWN,UNKNOWN,BROAD_DISCOVERY_ONLY_ENTITY_AND_SECTOR_REVIEW_INCOMPLETE,"""Belarus"" science research institute advanced technology artificial intelligence official",TAVILY,2026-10-06
BZ,Belize,SEARCH_COMPLETED,1,1,4,0,0,0,UNKNOWN,UNKNOWN,BROAD_DISCOVERY_ONLY_ENTITY_AND_SECTOR_REVIEW_INCOMPLETE,"""Belize"" science research institute advanced technology artificial intelligence official",WEB,2026-10-06
BM,Bermuda,SEARCH_COMPLETED,1,0,4,0,0,0,UNKNOWN,UNKNOWN,BROAD_DISCOVERY_ONLY_ENTITY_AND_SECTOR_REVIEW_INCOMPLETE,"""Bermuda"" science research institute advanced technology artificial intelligence official",TAVILY,2026-10-06
BO,"Bolivia, Plurinational State of",SEARCH_COMPLETED,1,0,4,0,0,0,UNKNOWN,UNKNOWN,BROAD_DISCOVERY_ONLY_ENTITY_AND_SECTOR_REVIEW_INCOMPLETE,"""Bolivia"" science research institute advanced technology artificial intelligence official",TAVILY,2026-10-06
BR,Brazil,SEARCH_COMPLETED,1,1,4,3,2,0,UNKNOWN,UNKNOWN,BROAD_DISCOVERY_ONLY_ENTITY_AND_SECTOR_REVIEW_INCOMPLETE,"""Brazil"" science research institute advanced technology artificial intelligence official",WEB,2026-10-06
BB,Barbados,SEARCH_COMPLETED,1,0,0,0,0,0,UNKNOWN,UNKNOWN,BROAD_DISCOVERY_ONLY_ENTITY_AND_SECTOR_REVIEW_INCOMPLETE,"""Barbados"" science research institute advanced technology artificial intelligence official",TAVILY,2026-10-06
BN,Brunei Darussalam,SEARCH_COMPLETED,1,0,0,0,0,0,UNKNOWN,UNKNOWN,BROAD_DISCOVERY_ONLY_ENTITY_AND_SECTOR_REVIEW_INCOMPLETE,"""Brunei Darussalam"" science research institute advanced technology artificial intelligence official",TAVILY,2026-10-06
BT,Bhutan,SEARCH_COMPLETED,1,0,4,0,0,0,UNKNOWN,UNKNOWN,BROAD_DISCOVERY_ONLY_ENTITY_AND_SECTOR_REVIEW_INCOMPLETE,"""Bhutan"" science research institute advanced technology artificial intelligence official",TAVILY,2026-10-06
BV,Bouvet Island,SEARCH_COMPLETED,1,0,0,0,0,0,UNKNOWN,UNKNOWN,BROAD_DISCOVERY_ONLY_ENTITY_AND_SECTOR_REVIEW_INCOMPLETE,"""Bouvet Island"" science research institute advanced technology artificial intelligence official",TAVILY,2026-10-06
BW,Botswana,SEARCH_COMPLETED,1,0,4,0,0,0,UNKNOWN,UNKNOWN,BROAD_DISCOVERY_ONLY_ENTITY_AND_SECTOR_REVIEW_INCOMPLETE,"""Botswana"" science research institute advanced technology artificial intelligence official",TAVILY,2026-10-06
CF,Central African Republic,SEARCH_COMPLETED,1,0,4,0,0,0,UNKNOWN,UNKNOWN,BROAD_DISCOVERY_ONLY_ENTITY_AND_SECTOR_REVIEW_INCOMPLETE,"""Central African Republic"" science research institute advanced technology artificial intelligence official",TAVILY,2026-10-06
CA,Canada,SEARCH_COMPLETED,1,1,4,7,5,0,UNKNOWN,UNKNOWN,BROAD_DISCOVERY_ONLY_ENTITY_AND_SECTOR_REVIEW_INCOMPLETE,"""Canada"" science research institute advanced technology artificial intelligence official",WEB,2026-10-06
CC,Cocos (Keeling) Islands,SEARCH_COMPLETED,1,0,4,0,0,0,UNKNOWN,UNKNOWN,BROAD_DISCOVERY_ONLY_ENTITY_AND_SECTOR_REVIEW_INCOMPLETE,Cocos (Keeling) Islands official science technology research institute artificial intelligence,WEB,2026-10-06
CH,Switzerland,SEARCH_COMPLETED,1,0,4,2,2,0,UNKNOWN,UNKNOWN,BROAD_DISCOVERY_ONLY_ENTITY_AND_SECTOR_REVIEW_INCOMPLETE,Switzerland official science technology research institute artificial intelligence,WEB,2026-10-06
CL,Chile,SEARCH_COMPLETED,1,0,4,1,1,0,UNKNOWN,UNKNOWN,BROAD_DISCOVERY_ONLY_ENTITY_AND_SECTOR_REVIEW_INCOMPLETE,Chile official science technology research institute artificial intelligence,WEB,2026-10-06
CN,China,SEARCH_COMPLETED,1,0,4,17,5,0,UNKNOWN,UNKNOWN,BROAD_DISCOVERY_ONLY_ENTITY_AND_SECTOR_REVIEW_INCOMPLETE,China official science technology research institute artificial intelligence,WEB,2026-10-06
CI,Côte d'Ivoire,SEARCH_COMPLETED,1,0,4,0,0,0,UNKNOWN,UNKNOWN,BROAD_DISCOVERY_ONLY_ENTITY_AND_SECTOR_REVIEW_INCOMPLETE,Côte d'Ivoire official science technology research institute artificial intelligence,WEB,2026-10-06
CM,Cameroon,SEARCH_COMPLETED,1,0,4,0,0,0,UNKNOWN,UNKNOWN,BROAD_DISCOVERY_ONLY_ENTITY_AND_SECTOR_REVIEW_INCOMPLETE,Cameroon official science technology research institute artificial intelligence,WEB,2026-10-06
CD,"Congo, The Democratic Republic of the",SEARCH_COMPLETED,1,0,4,0,0,0,UNKNOWN,UNKNOWN,BROAD_DISCOVERY_ONLY_ENTITY_AND_SECTOR_REVIEW_INCOMPLETE,Democratic Republic of the Congo official science technology research institute artificial intelligence,WEB,2026-10-06
CG,Congo,SEARCH_COMPLETED,1,0,4,0,0,0,UNKNOWN,UNKNOWN,BROAD_DISCOVERY_ONLY_ENTITY_AND_SECTOR_REVIEW_INCOMPLETE,Republic of the Congo official science technology research institute artificial intelligence,WEB,2026-10-06
CK,Cook Islands,SEARCH_COMPLETED,1,0,4,0,0,0,UNKNOWN,UNKNOWN,BROAD_DISCOVERY_ONLY_ENTITY_AND_SECTOR_REVIEW_INCOMPLETE,Cook Islands official science technology research institute artificial intelligence,WEB,2026-10-06
CO,Colombia,SEARCH_COMPLETED,1,0,4,1,1,0,UNKNOWN,UNKNOWN,BROAD_DISCOVERY_ONLY_ENTITY_AND_SECTOR_REVIEW_INCOMPLETE,Colombia official science technology research institute artificial intelligence,WEB,2026-10-06
KM,Comoros,SEARCH_COMPLETED,1,0,4,0,0,0,UNKNOWN,UNKNOWN,BROAD_DISCOVERY_ONLY_ENTITY_AND_SECTOR_REVIEW_INCOMPLETE,Comoros official science technology research institute artificial intelligence,WEB,2026-10-06
CV,Cabo Verde,SEARCH_COMPLETED,1,0,4,0,0,0,UNKNOWN,UNKNOWN,BROAD_DISCOVERY_ONLY_ENTITY_AND_SECTOR_REVIEW_INCOMPLETE,Cabo Verde official science technology research institute artificial intelligence,WEB,2026-10-06
CR,Costa Rica,SEARCH_COMPLETED,1,0,4,1,1,0,UNKNOWN,UNKNOWN,BROAD_DISCOVERY_ONLY_ENTITY_AND_SECTOR_REVIEW_INCOMPLETE,Costa Rica official science technology research institute artificial intelligence,WEB,2026-10-06
CU,Cuba,SEARCH_COMPLETED,1,0,4,0,0,0,UNKNOWN,UNKNOWN,BROAD_DISCOVERY_ONLY_ENTITY_AND_SECTOR_REVIEW_INCOMPLETE,Cuba official science technology research institute artificial intelligence,WEB,2026-10-06
CW,Curaçao,SEARCH_COMPLETED,1,0,4,0,0,0,UNKNOWN,UNKNOWN,BROAD_DISCOVERY_ONLY_ENTITY_AND_SECTOR_REVIEW_INCOMPLETE,Curaçao official science technology research institute artificial intelligence,WEB,2026-10-06
CX,Christmas Island,SEARCH_COMPLETED,1,0,4,0,0,0,UNKNOWN,UNKNOWN,BROAD_DISCOVERY_ONLY_ENTITY_AND_SECTOR_REVIEW_INCOMPLETE,Christmas Island official science technology research institute artificial intelligence,WEB,2026-10-06
KY,Cayman Islands,SEARCH_COMPLETED,1,0,4,0,0,0,UNKNOWN,UNKNOWN,BROAD_DISCOVERY_ONLY_ENTITY_AND_SECTOR_REVIEW_INCOMPLETE,Cayman Islands official science technology research institute artificial intelligence,WEB,2026-10-06
CY,Cyprus,SEARCH_COMPLETED,1,0,4,1,0,0,UNKNOWN,UNKNOWN,BROAD_DISCOVERY_ONLY_ENTITY_AND_SECTOR_REVIEW_INCOMPLETE,Cyprus official science technology research institute artificial intelligence,WEB,2026-10-06
CZ,Czechia,SEARCH_COMPLETED,1,0,4,0,0,0,UNKNOWN,UNKNOWN,BROAD_DISCOVERY_ONLY_ENTITY_AND_SECTOR_REVIEW_INCOMPLETE,Czechia official science technology research institute artificial intelligence,WEB,2026-10-06
DE,Germany,SEARCH_COMPLETED,1,0,4,15,7,0,UNKNOWN,UNKNOWN,BROAD_DISCOVERY_ONLY_ENTITY_AND_SECTOR_REVIEW_INCOMPLETE,Germany official science technology research institute artificial intelligence,WEB,2026-10-06
DJ,Djibouti,SEARCH_COMPLETED,1,0,4,0,0,0,UNKNOWN,UNKNOWN,BROAD_DISCOVERY_ONLY_ENTITY_AND_SECTOR_REVIEW_INCOMPLETE,Djibouti official science technology research institute artificial intelligence,WEB,2026-10-06
DM,Dominica,SEARCH_COMPLETED,1,0,4,0,0,0,UNKNOWN,UNKNOWN,BROAD_DISCOVERY_ONLY_ENTITY_AND_SECTOR_REVIEW_INCOMPLETE,Dominica official science technology research institute artificial intelligence,WEB,2026-10-06
DK,Denmark,SEARCH_COMPLETED,1,0,4,1,1,0,UNKNOWN,UNKNOWN,BROAD_DISCOVERY_ONLY_ENTITY_AND_SECTOR_REVIEW_INCOMPLETE,Denmark official science technology research institute artificial intelligence,WEB,2026-10-06
DO,Dominican Republic,SEARCH_COMPLETED,1,0,4,0,0,0,UNKNOWN,UNKNOWN,BROAD_DISCOVERY_ONLY_ENTITY_AND_SECTOR_REVIEW_INCOMPLETE,Dominican Republic official science technology research institute artificial intelligence,WEB,2026-10-06
DZ,Algeria,SEARCH_COMPLETED,1,0,4,0,0,0,UNKNOWN,UNKNOWN,BROAD_DISCOVERY_ONLY_ENTITY_AND_SECTOR_REVIEW_INCOMPLETE,Algeria official science technology research institute artificial intelligence,WEB,2026-10-06
EC,Ecuador,SEARCH_COMPLETED,1,0,4,0,0,0,UNKNOWN,UNKNOWN,BROAD_DISCOVERY_ONLY_ENTITY_AND_SECTOR_REVIEW_INCOMPLETE,Ecuador official science technology research institute artificial intelligence,WEB,2026-10-06
EG,Egypt,SEARCH_COMPLETED,1,0,4,1,1,0,UNKNOWN,UNKNOWN,BROAD_DISCOVERY_ONLY_ENTITY_AND_SECTOR_REVIEW_INCOMPLETE,Egypt official science technology research institute artificial intelligence,WEB,2026-10-06
ER,Eritrea,SEARCH_COMPLETED,1,0,4,0,0,0,UNKNOWN,UNKNOWN,BROAD_DISCOVERY_ONLY_ENTITY_AND_SECTOR_REVIEW_INCOMPLETE,Eritrea official science technology research institute artificial intelligence,WEB,2026-10-06
EH,Western Sahara,SEARCH_COMPLETED,1,0,4,0,0,0,UNKNOWN,UNKNOWN,BROAD_DISCOVERY_ONLY_ENTITY_AND_SECTOR_REVIEW_INCOMPLETE,Western Sahara official science technology research institute artificial intelligence,WEB,2026-10-06
ES,Spain,SEARCH_COMPLETED,1,0,4,3,3,0,UNKNOWN,UNKNOWN,BROAD_DISCOVERY_ONLY_ENTITY_AND_SECTOR_REVIEW_INCOMPLETE,Spain official science technology research institute artificial intelligence,WEB,2026-10-06
EE,Estonia,SEARCH_COMPLETED,1,0,4,1,1,0,UNKNOWN,UNKNOWN,BROAD_DISCOVERY_ONLY_ENTITY_AND_SECTOR_REVIEW_INCOMPLETE,Estonia official science technology research institute artificial intelligence,WEB,2026-10-06
ET,Ethiopia,SEARCH_COMPLETED,1,0,4,0,0,0,UNKNOWN,UNKNOWN,BROAD_DISCOVERY_ONLY_ENTITY_AND_SECTOR_REVIEW_INCOMPLETE,Ethiopia official science technology research institute artificial intelligence,WEB,2026-10-06
FI,Finland,SEARCH_COMPLETED,1,0,4,3,3,0,UNKNOWN,UNKNOWN,BROAD_DISCOVERY_ONLY_ENTITY_AND_SECTOR_REVIEW_INCOMPLETE,Finland official science technology research institute artificial intelligence,WEB,2026-10-06
FJ,Fiji,SEARCH_COMPLETED,1,0,4,0,0,0,UNKNOWN,UNKNOWN,BROAD_DISCOVERY_ONLY_ENTITY_AND_SECTOR_REVIEW_INCOMPLETE,Fiji official science technology research institute artificial intelligence,WEB,2026-10-06
FK,Falkland Islands (Malvinas),SEARCH_COMPLETED,1,0,4,0,0,0,UNKNOWN,UNKNOWN,BROAD_DISCOVERY_ONLY_ENTITY_AND_SECTOR_REVIEW_INCOMPLETE,Falkland Islands (Malvinas) official science technology research institute artificial intelligence,WEB,2026-10-06
FR,France,SEARCH_COMPLETED,1,0,4,15,11,0,UNKNOWN,UNKNOWN,BROAD_DISCOVERY_ONLY_ENTITY_AND_SECTOR_REVIEW_INCOMPLETE,France official science technology research institute artificial intelligence,WEB,2026-10-06
FO,Faroe Islands,SEARCH_COMPLETED,1,0,4,0,0,0,UNKNOWN,UNKNOWN,BROAD_DISCOVERY_ONLY_ENTITY_AND_SECTOR_REVIEW_INCOMPLETE,Faroe Islands official science technology research institute artificial intelligence,WEB,2026-10-06
FM,"Micronesia, Federated States of",SEARCH_COMPLETED,1,0,4,0,0,0,UNKNOWN,UNKNOWN,BROAD_DISCOVERY_ONLY_ENTITY_AND_SECTOR_REVIEW_INCOMPLETE,Federated States of Micronesia official science technology research institute artificial intelligence,WEB,2026-10-06
GA,Gabon,SEARCH_COMPLETED,1,0,4,0,0,0,UNKNOWN,UNKNOWN,BROAD_DISCOVERY_ONLY_ENTITY_AND_SECTOR_REVIEW_INCOMPLETE,Gabon official science technology research institute artificial intelligence,WEB,2026-10-06
GB,United Kingdom,SEARCH_COMPLETED,1,0,4,14,9,0,UNKNOWN,UNKNOWN,BROAD_DISCOVERY_ONLY_ENTITY_AND_SECTOR_REVIEW_INCOMPLETE,United Kingdom official science technology research institute artificial intelligence,WEB,2026-10-06
GE,Georgia,SEARCH_COMPLETED,1,0,4,0,0,0,UNKNOWN,UNKNOWN,BROAD_DISCOVERY_ONLY_ENTITY_AND_SECTOR_REVIEW_INCOMPLETE,Georgia official science technology research institute artificial intelligence,WEB,2026-10-06
GG,Guernsey,SEARCH_COMPLETED,1,0,4,0,0,0,UNKNOWN,UNKNOWN,BROAD_DISCOVERY_ONLY_ENTITY_AND_SECTOR_REVIEW_INCOMPLETE,Guernsey official science technology research institute artificial intelligence,WEB,2026-10-06
GH,Ghana,SEARCH_COMPLETED,1,0,4,0,0,0,UNKNOWN,UNKNOWN,BROAD_DISCOVERY_ONLY_ENTITY_AND_SECTOR_REVIEW_INCOMPLETE,Ghana official science technology research institute artificial intelligence,WEB,2026-10-06
GI,Gibraltar,SEARCH_COMPLETED,1,0,4,0,0,0,UNKNOWN,UNKNOWN,BROAD_DISCOVERY_ONLY_ENTITY_AND_SECTOR_REVIEW_INCOMPLETE,Gibraltar official science technology research institute artificial intelligence,WEB,2026-10-06
GN,Guinea,SEARCH_COMPLETED,1,0,4,0,0,0,UNKNOWN,UNKNOWN,BROAD_DISCOVERY_ONLY_ENTITY_AND_SECTOR_REVIEW_INCOMPLETE,Guinea official science technology research institute artificial intelligence,WEB,2026-10-06
GP,Guadeloupe,SEARCH_COMPLETED,1,0,4,0,0,0,UNKNOWN,UNKNOWN,BROAD_DISCOVERY_ONLY_ENTITY_AND_SECTOR_REVIEW_INCOMPLETE,Guadeloupe official science technology research institute artificial intelligence,WEB,2026-10-06
GM,Gambia,SEARCH_COMPLETED,1,0,4,0,0,0,UNKNOWN,UNKNOWN,BROAD_DISCOVERY_ONLY_ENTITY_AND_SECTOR_REVIEW_INCOMPLETE,Gambia official science technology research institute artificial intelligence,WEB,2026-10-06
GW,Guinea-Bissau,SEARCH_COMPLETED,1,0,4,0,0,0,UNKNOWN,UNKNOWN,BROAD_DISCOVERY_ONLY_ENTITY_AND_SECTOR_REVIEW_INCOMPLETE,Guinea-Bissau official science technology research institute artificial intelligence,WEB,2026-10-06
GQ,Equatorial Guinea,SEARCH_COMPLETED,1,0,4,0,0,0,UNKNOWN,UNKNOWN,BROAD_DISCOVERY_ONLY_ENTITY_AND_SECTOR_REVIEW_INCOMPLETE,Equatorial Guinea official science technology research institute artificial intelligence,WEB,2026-10-06
GR,Greece,SEARCH_COMPLETED,1,0,4,2,0,0,UNKNOWN,UNKNOWN,BROAD_DISCOVERY_ONLY_ENTITY_AND_SECTOR_REVIEW_INCOMPLETE,Greece official science technology research institute artificial intelligence,WEB,2026-10-06
GD,Grenada,SEARCH_COMPLETED,1,0,4,0,0,0,UNKNOWN,UNKNOWN,BROAD_DISCOVERY_ONLY_ENTITY_AND_SECTOR_REVIEW_INCOMPLETE,Grenada official science technology research institute artificial intelligence,WEB,2026-10-06
GL,Greenland,SEARCH_COMPLETED,1,0,4,0,0,0,UNKNOWN,UNKNOWN,BROAD_DISCOVERY_ONLY_ENTITY_AND_SECTOR_REVIEW_INCOMPLETE,Greenland official science technology research institute artificial intelligence,WEB,2026-10-06
GT,Guatemala,SEARCH_COMPLETED,1,0,4,0,0,0,UNKNOWN,UNKNOWN,BROAD_DISCOVERY_ONLY_ENTITY_AND_SECTOR_REVIEW_INCOMPLETE,Guatemala official science technology research institute artificial intelligence,WEB,2026-10-06
GF,French Guiana,SEARCH_COMPLETED,1,0,4,0,0,0,UNKNOWN,UNKNOWN,BROAD_DISCOVERY_ONLY_ENTITY_AND_SECTOR_REVIEW_INCOMPLETE,French Guiana official science technology research institute artificial intelligence,WEB,2026-10-06
GU,Guam,SEARCH_COMPLETED,1,0,4,0,0,0,UNKNOWN,UNKNOWN,BROAD_DISCOVERY_ONLY_ENTITY_AND_SECTOR_REVIEW_INCOMPLETE,Guam official science technology research institute artificial intelligence,WEB,2026-10-06
GY,Guyana,SEARCH_COMPLETED,1,0,4,0,0,0,UNKNOWN,UNKNOWN,BROAD_DISCOVERY_ONLY_ENTITY_AND_SECTOR_REVIEW_INCOMPLETE,Guyana official science technology research institute artificial intelligence,WEB,2026-10-06
HK,Hong Kong,SEARCH_COMPLETED,1,0,4,0,0,0,UNKNOWN,UNKNOWN,BROAD_DISCOVERY_ONLY_ENTITY_AND_SECTOR_REVIEW_INCOMPLETE,Hong Kong official science technology research institute artificial intelligence,WEB,2026-10-06
HM,Heard Island and McDonald Islands,SEARCH_COMPLETED,1,0,4,0,0,0,UNKNOWN,UNKNOWN,BROAD_DISCOVERY_ONLY_ENTITY_AND_SECTOR_REVIEW_INCOMPLETE,Heard Island and McDonald Islands official science technology research institute artificial intelligence,WEB,2026-10-06
HN,Honduras,SEARCH_COMPLETED,1,0,4,0,0,0,UNKNOWN,UNKNOWN,BROAD_DISCOVERY_ONLY_ENTITY_AND_SECTOR_REVIEW_INCOMPLETE,Honduras official science technology research institute artificial intelligence,WEB,2026-10-06
HR,Croatia,SEARCH_COMPLETED,1,0,4,0,0,0,UNKNOWN,UNKNOWN,BROAD_DISCOVERY_ONLY_ENTITY_AND_SECTOR_REVIEW_INCOMPLETE,Croatia official science technology research institute artificial intelligence,WEB,2026-10-06
HT,Haiti,SEARCH_COMPLETED,1,0,4,0,0,0,UNKNOWN,UNKNOWN,BROAD_DISCOVERY_ONLY_ENTITY_AND_SECTOR_REVIEW_INCOMPLETE,Haiti official science technology research institute artificial intelligence,WEB,2026-10-06
HU,Hungary,SEARCH_COMPLETED,1,0,4,1,1,0,UNKNOWN,UNKNOWN,BROAD_DISCOVERY_ONLY_ENTITY_AND_SECTOR_REVIEW_INCOMPLETE,Hungary official science technology research institute artificial intelligence,WEB,2026-10-06
ID,Indonesia,SEARCH_COMPLETED,1,0,4,1,0,0,UNKNOWN,UNKNOWN,BROAD_DISCOVERY_ONLY_ENTITY_AND_SECTOR_REVIEW_INCOMPLETE,Indonesia official science technology research institute artificial intelligence,WEB,2026-10-06
IM,Isle of Man,SEARCH_COMPLETED,1,0,4,0,0,0,UNKNOWN,UNKNOWN,BROAD_DISCOVERY_ONLY_ENTITY_AND_SECTOR_REVIEW_INCOMPLETE,Isle of Man official science technology research institute artificial intelligence,WEB,2026-10-06
IN,India,SEARCH_COMPLETED,1,0,4,1,1,0,UNKNOWN,UNKNOWN,BROAD_DISCOVERY_ONLY_ENTITY_AND_SECTOR_REVIEW_INCOMPLETE,India official science technology research institute artificial intelligence,WEB,2026-10-06
IO,British Indian Ocean Territory,SEARCH_COMPLETED,1,0,4,0,0,0,UNKNOWN,UNKNOWN,BROAD_DISCOVERY_ONLY_ENTITY_AND_SECTOR_REVIEW_INCOMPLETE,British Indian Ocean Territory official science technology research institute artificial intelligence,WEB,2026-10-06
IE,Ireland,SEARCH_COMPLETED,1,0,4,0,0,0,UNKNOWN,UNKNOWN,BROAD_DISCOVERY_ONLY_ENTITY_AND_SECTOR_REVIEW_INCOMPLETE,Ireland official science technology research institute artificial intelligence,WEB,2026-10-06
IR,"Iran, Islamic Republic of",SEARCH_COMPLETED,1,0,4,0,0,0,UNKNOWN,UNKNOWN,BROAD_DISCOVERY_ONLY_ENTITY_AND_SECTOR_REVIEW_INCOMPLETE,Iran official science technology research institute artificial intelligence,WEB,2026-10-06
IQ,Iraq,SEARCH_COMPLETED,1,0,4,0,0,0,UNKNOWN,UNKNOWN,BROAD_DISCOVERY_ONLY_ENTITY_AND_SECTOR_REVIEW_INCOMPLETE,Iraq official science technology research institute artificial intelligence,WEB,2026-10-06
IS,Iceland,SEARCH_COMPLETED,1,0,4,1,1,0,UNKNOWN,UNKNOWN,BROAD_DISCOVERY_ONLY_ENTITY_AND_SECTOR_REVIEW_INCOMPLETE,Iceland official science technology research institute artificial intelligence,WEB,2026-10-06
IL,Israel,SEARCH_COMPLETED,1,0,4,4,3,0,UNKNOWN,UNKNOWN,BROAD_DISCOVERY_ONLY_ENTITY_AND_SECTOR_REVIEW_INCOMPLETE,Israel official science technology research institute artificial intelligence,WEB,2026-10-06
IT,Italy,SEARCH_COMPLETED,1,0,4,2,2,0,UNKNOWN,UNKNOWN,BROAD_DISCOVERY_ONLY_ENTITY_AND_SECTOR_REVIEW_INCOMPLETE,Italy official science technology research institute artificial intelligence,WEB,2026-10-06
JM,Jamaica,SEARCH_COMPLETED,1,0,4,0,0,0,UNKNOWN,UNKNOWN,BROAD_DISCOVERY_ONLY_ENTITY_AND_SECTOR_REVIEW_INCOMPLETE,Jamaica official science technology research institute artificial intelligence,WEB,2026-10-06
JE,Jersey,SEARCH_COMPLETED,1,0,4,0,0,0,UNKNOWN,UNKNOWN,BROAD_DISCOVERY_ONLY_ENTITY_AND_SECTOR_REVIEW_INCOMPLETE,Jersey official science technology research institute artificial intelligence,WEB,2026-10-06
JO,Jordan,SEARCH_COMPLETED,1,0,4,0,0,0,UNKNOWN,UNKNOWN,BROAD_DISCOVERY_ONLY_ENTITY_AND_SECTOR_REVIEW_INCOMPLETE,Jordan official science technology research institute artificial intelligence,WEB,2026-10-06
JP,Japan,SEARCH_COMPLETED,1,0,4,5,4,0,UNKNOWN,UNKNOWN,BROAD_DISCOVERY_ONLY_ENTITY_AND_SECTOR_REVIEW_INCOMPLETE,Japan official science technology research institute artificial intelligence,WEB,2026-10-06
KZ,Kazakhstan,SEARCH_COMPLETED,1,0,4,1,1,0,UNKNOWN,UNKNOWN,BROAD_DISCOVERY_ONLY_ENTITY_AND_SECTOR_REVIEW_INCOMPLETE,Kazakhstan official science technology research institute artificial intelligence,WEB,2026-10-06
KE,Kenya,SEARCH_COMPLETED,1,0,4,0,0,0,UNKNOWN,UNKNOWN,BROAD_DISCOVERY_ONLY_ENTITY_AND_SECTOR_REVIEW_INCOMPLETE,Kenya official science technology research institute artificial intelligence,WEB,2026-10-06
KG,Kyrgyzstan,SEARCH_COMPLETED,1,0,4,0,0,0,UNKNOWN,UNKNOWN,BROAD_DISCOVERY_ONLY_ENTITY_AND_SECTOR_REVIEW_INCOMPLETE,Kyrgyzstan official science technology research institute artificial intelligence,WEB,2026-10-06
KH,Cambodia,SEARCH_COMPLETED,1,0,4,0,0,0,UNKNOWN,UNKNOWN,BROAD_DISCOVERY_ONLY_ENTITY_AND_SECTOR_REVIEW_INCOMPLETE,Cambodia official science technology research institute artificial intelligence,WEB,2026-10-06
KI,Kiribati,SEARCH_COMPLETED,1,0,4,0,0,0,UNKNOWN,UNKNOWN,BROAD_DISCOVERY_ONLY_ENTITY_AND_SECTOR_REVIEW_INCOMPLETE,Kiribati official science technology research institute artificial intelligence,WEB,2026-10-06
KN,Saint Kitts and Nevis,SEARCH_COMPLETED,1,0,4,0,0,0,UNKNOWN,UNKNOWN,BROAD_DISCOVERY_ONLY_ENTITY_AND_SECTOR_REVIEW_INCOMPLETE,Saint Kitts and Nevis official science technology research institute artificial intelligence,WEB,2026-10-06
KR,"Korea, Republic of",SEARCH_COMPLETED,1,0,4,4,2,0,UNKNOWN,UNKNOWN,BROAD_DISCOVERY_ONLY_ENTITY_AND_SECTOR_REVIEW_INCOMPLETE,South Korea official science technology research institute artificial intelligence,WEB,2026-10-06
KW,Kuwait,SEARCH_COMPLETED,1,0,4,0,0,0,UNKNOWN,UNKNOWN,BROAD_DISCOVERY_ONLY_ENTITY_AND_SECTOR_REVIEW_INCOMPLETE,Kuwait official science technology research institute artificial intelligence,WEB,2026-10-06
LA,Lao People's Democratic Republic,SEARCH_COMPLETED,1,0,4,0,0,0,UNKNOWN,UNKNOWN,BROAD_DISCOVERY_ONLY_ENTITY_AND_SECTOR_REVIEW_INCOMPLETE,Laos official science technology research institute artificial intelligence,WEB,2026-10-06
LB,Lebanon,SEARCH_COMPLETED,1,0,4,0,0,0,UNKNOWN,UNKNOWN,BROAD_DISCOVERY_ONLY_ENTITY_AND_SECTOR_REVIEW_INCOMPLETE,Lebanon official science technology research institute artificial intelligence,WEB,2026-10-06
LR,Liberia,SEARCH_COMPLETED,1,0,4,0,0,0,UNKNOWN,UNKNOWN,BROAD_DISCOVERY_ONLY_ENTITY_AND_SECTOR_REVIEW_INCOMPLETE,Liberia official science technology research institute artificial intelligence,WEB,2026-10-06
LY,Libya,SEARCH_COMPLETED,1,0,4,0,0,0,UNKNOWN,UNKNOWN,BROAD_DISCOVERY_ONLY_ENTITY_AND_SECTOR_REVIEW_INCOMPLETE,Libya official science technology research institute artificial intelligence,WEB,2026-10-06
LC,Saint Lucia,SEARCH_COMPLETED,1,0,4,0,0,0,UNKNOWN,UNKNOWN,BROAD_DISCOVERY_ONLY_ENTITY_AND_SECTOR_REVIEW_INCOMPLETE,Saint Lucia official science technology research institute artificial intelligence,WEB,2026-10-06
LI,Liechtenstein,SEARCH_COMPLETED,1,0,4,0,0,0,UNKNOWN,UNKNOWN,BROAD_DISCOVERY_ONLY_ENTITY_AND_SECTOR_REVIEW_INCOMPLETE,Liechtenstein official science technology research institute artificial intelligence,WEB,2026-10-06
LK,Sri Lanka,SEARCH_COMPLETED,1,0,4,0,0,0,UNKNOWN,UNKNOWN,BROAD_DISCOVERY_ONLY_ENTITY_AND_SECTOR_REVIEW_INCOMPLETE,Sri Lanka official science technology research institute artificial intelligence,WEB,2026-10-06
LS,Lesotho,SEARCH_COMPLETED,1,0,4,0,0,0,UNKNOWN,UNKNOWN,BROAD_DISCOVERY_ONLY_ENTITY_AND_SECTOR_REVIEW_INCOMPLETE,Lesotho official science technology research institute artificial intelligence,WEB,2026-10-06
LT,Lithuania,SEARCH_COMPLETED,1,0,4,1,1,0,UNKNOWN,UNKNOWN,BROAD_DISCOVERY_ONLY_ENTITY_AND_SECTOR_REVIEW_INCOMPLETE,Lithuania official science technology research institute artificial intelligence,WEB,2026-10-06
LU,Luxembourg,SEARCH_COMPLETED,1,0,4,1,0,0,UNKNOWN,UNKNOWN,BROAD_DISCOVERY_ONLY_ENTITY_AND_SECTOR_REVIEW_INCOMPLETE,Luxembourg official science technology research institute artificial intelligence,WEB,2026-10-06
LV,Latvia,SEARCH_COMPLETED,1,0,4,0,0,0,UNKNOWN,UNKNOWN,BROAD_DISCOVERY_ONLY_ENTITY_AND_SECTOR_REVIEW_INCOMPLETE,Latvia official science technology research institute artificial intelligence,WEB,2026-10-06
MO,Macao,SEARCH_COMPLETED,1,0,4,0,0,0,UNKNOWN,UNKNOWN,BROAD_DISCOVERY_ONLY_ENTITY_AND_SECTOR_REVIEW_INCOMPLETE,Macao official science technology research institute artificial intelligence,WEB,2026-10-06
MF,Saint Martin (French part),SEARCH_COMPLETED,1,0,4,0,0,0,UNKNOWN,UNKNOWN,BROAD_DISCOVERY_ONLY_ENTITY_AND_SECTOR_REVIEW_INCOMPLETE,Saint Martin (French part) official science technology research institute artificial intelligence,WEB,2026-10-06
MA,Morocco,SEARCH_COMPLETED,1,0,4,0,0,0,UNKNOWN,UNKNOWN,BROAD_DISCOVERY_ONLY_ENTITY_AND_SECTOR_REVIEW_INCOMPLETE,Morocco official science technology research institute artificial intelligence,WEB,2026-10-06
MC,Monaco,SEARCH_COMPLETED,1,0,4,0,0,0,UNKNOWN,UNKNOWN,BROAD_DISCOVERY_ONLY_ENTITY_AND_SECTOR_REVIEW_INCOMPLETE,Monaco official science technology research institute artificial intelligence,WEB,2026-10-06
MD,"Moldova, Republic of",SEARCH_COMPLETED,1,0,4,0,0,0,UNKNOWN,UNKNOWN,BROAD_DISCOVERY_ONLY_ENTITY_AND_SECTOR_REVIEW_INCOMPLETE,Moldova official science technology research institute artificial intelligence,WEB,2026-10-06
MG,Madagascar,SEARCH_COMPLETED,1,0,4,0,0,0,UNKNOWN,UNKNOWN,BROAD_DISCOVERY_ONLY_ENTITY_AND_SECTOR_REVIEW_INCOMPLETE,Madagascar official science technology research institute artificial intelligence,WEB,2026-10-06
MV,Maldives,SEARCH_COMPLETED,1,0,4,0,0,0,UNKNOWN,UNKNOWN,BROAD_DISCOVERY_ONLY_ENTITY_AND_SECTOR_REVIEW_INCOMPLETE,Maldives official science technology research institute artificial intelligence,WEB,2026-10-06
MX,Mexico,SEARCH_COMPLETED,1,0,4,0,0,0,UNKNOWN,UNKNOWN,BROAD_DISCOVERY_ONLY_ENTITY_AND_SECTOR_REVIEW_INCOMPLETE,Mexico official science technology research institute artificial intelligence,WEB,2026-10-06
MH,Marshall Islands,SEARCH_COMPLETED,1,0,4,0,0,0,UNKNOWN,UNKNOWN,BROAD_DISCOVERY_ONLY_ENTITY_AND_SECTOR_REVIEW_INCOMPLETE,Marshall Islands official science technology research institute artificial intelligence,WEB,2026-10-06
MK,North Macedonia,SEARCH_COMPLETED,1,0,4,0,0,0,UNKNOWN,UNKNOWN,BROAD_DISCOVERY_ONLY_ENTITY_AND_SECTOR_REVIEW_INCOMPLETE,North Macedonia official science technology research institute artificial intelligence,WEB,2026-10-06
ML,Mali,SEARCH_COMPLETED,1,0,4,0,0,0,UNKNOWN,UNKNOWN,BROAD_DISCOVERY_ONLY_ENTITY_AND_SECTOR_REVIEW_INCOMPLETE,Mali official science technology research institute artificial intelligence,WEB,2026-10-06
MT,Malta,SEARCH_COMPLETED,1,0,4,0,0,0,UNKNOWN,UNKNOWN,BROAD_DISCOVERY_ONLY_ENTITY_AND_SECTOR_REVIEW_INCOMPLETE,Malta official science technology research institute artificial intelligence,WEB,2026-10-06
MM,Myanmar,SEARCH_COMPLETED,1,0,4,0,0,0,UNKNOWN,UNKNOWN,BROAD_DISCOVERY_ONLY_ENTITY_AND_SECTOR_REVIEW_INCOMPLETE,Myanmar official science technology research institute artificial intelligence,WEB,2026-10-06
ME,Montenegro,SEARCH_COMPLETED,1,0,4,0,0,0,UNKNOWN,UNKNOWN,BROAD_DISCOVERY_ONLY_ENTITY_AND_SECTOR_REVIEW_INCOMPLETE,Montenegro official science technology research institute artificial intelligence,WEB,2026-10-06
MN,Mongolia,SEARCH_COMPLETED,1,0,4,0,0,0,UNKNOWN,UNKNOWN,BROAD_DISCOVERY_ONLY_ENTITY_AND_SECTOR_REVIEW_INCOMPLETE,Mongolia official science technology research institute artificial intelligence,WEB,2026-10-06
MP,Northern Mariana Islands,SEARCH_COMPLETED,1,0,4,0,0,0,UNKNOWN,UNKNOWN,BROAD_DISCOVERY_ONLY_ENTITY_AND_SECTOR_REVIEW_INCOMPLETE,Northern Mariana Islands official science technology research institute artificial intelligence,WEB,2026-10-06
MZ,Mozambique,SEARCH_COMPLETED,1,0,4,0,0,0,UNKNOWN,UNKNOWN,BROAD_DISCOVERY_ONLY_ENTITY_AND_SECTOR_REVIEW_INCOMPLETE,Mozambique official science technology research institute artificial intelligence,WEB,2026-10-06
MR,Mauritania,SEARCH_COMPLETED,1,0,4,0,0,0,UNKNOWN,UNKNOWN,BROAD_DISCOVERY_ONLY_ENTITY_AND_SECTOR_REVIEW_INCOMPLETE,Mauritania official science technology research institute artificial intelligence,WEB,2026-10-06
MS,Montserrat,SEARCH_COMPLETED,1,0,4,0,0,0,UNKNOWN,UNKNOWN,BROAD_DISCOVERY_ONLY_ENTITY_AND_SECTOR_REVIEW_INCOMPLETE,Montserrat official science technology research institute artificial intelligence,WEB,2026-10-06
MQ,Martinique,SEARCH_COMPLETED,1,0,4,0,0,0,UNKNOWN,UNKNOWN,BROAD_DISCOVERY_ONLY_ENTITY_AND_SECTOR_REVIEW_INCOMPLETE,Martinique official science technology research institute artificial intelligence,WEB,2026-10-06
MU,Mauritius,SEARCH_COMPLETED,1,0,4,0,0,0,UNKNOWN,UNKNOWN,BROAD_DISCOVERY_ONLY_ENTITY_AND_SECTOR_REVIEW_INCOMPLETE,Mauritius official science technology research institute artificial intelligence,WEB,2026-10-06
MW,Malawi,SEARCH_COMPLETED,1,0,4,0,0,0,UNKNOWN,UNKNOWN,BROAD_DISCOVERY_ONLY_ENTITY_AND_SECTOR_REVIEW_INCOMPLETE,Malawi official science technology research institute artificial intelligence,WEB,2026-10-06
MY,Malaysia,SEARCH_COMPLETED,1,0,4,1,1,0,UNKNOWN,UNKNOWN,BROAD_DISCOVERY_ONLY_ENTITY_AND_SECTOR_REVIEW_INCOMPLETE,Malaysia official science technology research institute artificial intelligence,WEB,2026-10-06
YT,Mayotte,SEARCH_COMPLETED,1,0,4,0,0,0,UNKNOWN,UNKNOWN,BROAD_DISCOVERY_ONLY_ENTITY_AND_SECTOR_REVIEW_INCOMPLETE,Mayotte official science technology research institute artificial intelligence,WEB,2026-10-06
NA,Namibia,SEARCH_COMPLETED,1,0,4,0,0,0,UNKNOWN,UNKNOWN,BROAD_DISCOVERY_ONLY_ENTITY_AND_SECTOR_REVIEW_INCOMPLETE,Namibia official science technology research institute artificial intelligence,WEB,2026-10-06
NC,New Caledonia,SEARCH_COMPLETED,1,0,4,0,0,0,UNKNOWN,UNKNOWN,BROAD_DISCOVERY_ONLY_ENTITY_AND_SECTOR_REVIEW_INCOMPLETE,New Caledonia official science technology research institute artificial intelligence,WEB,2026-10-06
NE,Niger,SEARCH_COMPLETED,1,0,4,0,0,0,UNKNOWN,UNKNOWN,BROAD_DISCOVERY_ONLY_ENTITY_AND_SECTOR_REVIEW_INCOMPLETE,Niger official science technology research institute artificial intelligence,WEB,2026-10-06
NF,Norfolk Island,SEARCH_COMPLETED,1,0,4,0,0,0,UNKNOWN,UNKNOWN,BROAD_DISCOVERY_ONLY_ENTITY_AND_SECTOR_REVIEW_INCOMPLETE,Norfolk Island official science technology research institute artificial intelligence,WEB,2026-10-06
NG,Nigeria,SEARCH_COMPLETED,1,0,4,1,0,0,UNKNOWN,UNKNOWN,BROAD_DISCOVERY_ONLY_ENTITY_AND_SECTOR_REVIEW_INCOMPLETE,Nigeria official science technology research institute artificial intelligence,WEB,2026-10-06
NI,Nicaragua,SEARCH_COMPLETED,1,0,4,0,0,0,UNKNOWN,UNKNOWN,BROAD_DISCOVERY_ONLY_ENTITY_AND_SECTOR_REVIEW_INCOMPLETE,Nicaragua official science technology research institute artificial intelligence,WEB,2026-10-06
NU,Niue,SEARCH_COMPLETED,1,0,4,0,0,0,UNKNOWN,UNKNOWN,BROAD_DISCOVERY_ONLY_ENTITY_AND_SECTOR_REVIEW_INCOMPLETE,Niue official science technology research institute artificial intelligence,WEB,2026-10-06
NL,Netherlands,SEARCH_COMPLETED,1,0,4,4,3,0,UNKNOWN,UNKNOWN,BROAD_DISCOVERY_ONLY_ENTITY_AND_SECTOR_REVIEW_INCOMPLETE,Netherlands official science technology research institute artificial intelligence,WEB,2026-10-06
NO,Norway,SEARCH_COMPLETED,1,0,4,1,1,0,UNKNOWN,UNKNOWN,BROAD_DISCOVERY_ONLY_ENTITY_AND_SECTOR_REVIEW_INCOMPLETE,Norway official science technology research institute artificial intelligence,WEB,2026-10-06
NP,Nepal,SEARCH_COMPLETED,1,0,4,0,0,0,UNKNOWN,UNKNOWN,BROAD_DISCOVERY_ONLY_ENTITY_AND_SECTOR_REVIEW_INCOMPLETE,Nepal official science technology research institute artificial intelligence,WEB,2026-10-06
NR,Nauru,SEARCH_COMPLETED,1,0,4,0,0,0,UNKNOWN,UNKNOWN,BROAD_DISCOVERY_ONLY_ENTITY_AND_SECTOR_REVIEW_INCOMPLETE,Nauru official science technology research institute artificial intelligence,WEB,2026-10-06
NZ,New Zealand,SEARCH_COMPLETED,1,0,4,1,0,0,UNKNOWN,UNKNOWN,BROAD_DISCOVERY_ONLY_ENTITY_AND_SECTOR_REVIEW_INCOMPLETE,New Zealand official science technology research institute artificial intelligence,WEB,2026-10-06
OM,Oman,SEARCH_COMPLETED,1,0,4,0,0,0,UNKNOWN,UNKNOWN,BROAD_DISCOVERY_ONLY_ENTITY_AND_SECTOR_REVIEW_INCOMPLETE,Oman official science technology research institute artificial intelligence,WEB,2026-10-06
PK,Pakistan,SEARCH_COMPLETED,1,0,4,1,1,0,UNKNOWN,UNKNOWN,BROAD_DISCOVERY_ONLY_ENTITY_AND_SECTOR_REVIEW_INCOMPLETE,Pakistan official science technology research institute artificial intelligence,WEB,2026-10-06
PA,Panama,SEARCH_COMPLETED,1,0,4,0,0,0,UNKNOWN,UNKNOWN,BROAD_DISCOVERY_ONLY_ENTITY_AND_SECTOR_REVIEW_INCOMPLETE,Panama official science technology research institute artificial intelligence,WEB,2026-10-06
PN,Pitcairn,SEARCH_COMPLETED,1,0,4,0,0,0,UNKNOWN,UNKNOWN,BROAD_DISCOVERY_ONLY_ENTITY_AND_SECTOR_REVIEW_INCOMPLETE,Pitcairn official science technology research institute artificial intelligence,WEB,2026-10-06
PE,Peru,SEARCH_COMPLETED,1,0,4,0,0,0,UNKNOWN,UNKNOWN,BROAD_DISCOVERY_ONLY_ENTITY_AND_SECTOR_REVIEW_INCOMPLETE,Peru official science technology research institute artificial intelligence,WEB,2026-10-06
PH,Philippines,SEARCH_COMPLETED,1,0,4,1,1,0,UNKNOWN,UNKNOWN,BROAD_DISCOVERY_ONLY_ENTITY_AND_SECTOR_REVIEW_INCOMPLETE,Philippines official science technology research institute artificial intelligence,WEB,2026-10-06
PW,Palau,SEARCH_COMPLETED,1,0,4,0,0,0,UNKNOWN,UNKNOWN,BROAD_DISCOVERY_ONLY_ENTITY_AND_SECTOR_REVIEW_INCOMPLETE,Palau official science technology research institute artificial intelligence,WEB,2026-10-06
PG,Papua New Guinea,SEARCH_COMPLETED,1,0,4,0,0,0,UNKNOWN,UNKNOWN,BROAD_DISCOVERY_ONLY_ENTITY_AND_SECTOR_REVIEW_INCOMPLETE,Papua New Guinea official science technology research institute artificial intelligence,WEB,2026-10-06
PL,Poland,SEARCH_COMPLETED,1,0,4,1,1,0,UNKNOWN,UNKNOWN,BROAD_DISCOVERY_ONLY_ENTITY_AND_SECTOR_REVIEW_INCOMPLETE,Poland official science technology research institute artificial intelligence,WEB,2026-10-06
PR,Puerto Rico,SEARCH_COMPLETED,1,0,4,0,0,0,UNKNOWN,UNKNOWN,BROAD_DISCOVERY_ONLY_ENTITY_AND_SECTOR_REVIEW_INCOMPLETE,Puerto Rico official science technology research institute artificial intelligence,WEB,2026-10-06
KP,"Korea, Democratic People's Republic of",SEARCH_COMPLETED,1,0,4,0,0,0,UNKNOWN,UNKNOWN,BROAD_DISCOVERY_ONLY_ENTITY_AND_SECTOR_REVIEW_INCOMPLETE,North Korea official science technology research institute artificial intelligence,WEB,2026-10-06
PT,Portugal,SEARCH_COMPLETED,1,0,4,1,1,0,UNKNOWN,UNKNOWN,BROAD_DISCOVERY_ONLY_ENTITY_AND_SECTOR_REVIEW_INCOMPLETE,Portugal official science technology research institute artificial intelligence,WEB,2026-10-06
PY,Paraguay,SEARCH_COMPLETED,1,0,4,0,0,0,UNKNOWN,UNKNOWN,BROAD_DISCOVERY_ONLY_ENTITY_AND_SECTOR_REVIEW_INCOMPLETE,Paraguay official science technology research institute artificial intelligence,WEB,2026-10-06
PS,"Palestine, State of",SEARCH_COMPLETED,1,0,4,0,0,0,UNKNOWN,UNKNOWN,BROAD_DISCOVERY_ONLY_ENTITY_AND_SECTOR_REVIEW_INCOMPLETE,Palestine official science technology research institute artificial intelligence,WEB,2026-10-06
PF,French Polynesia,SEARCH_COMPLETED,1,0,4,0,0,0,UNKNOWN,UNKNOWN,BROAD_DISCOVERY_ONLY_ENTITY_AND_SECTOR_REVIEW_INCOMPLETE,French Polynesia official science technology research institute artificial intelligence,WEB,2026-10-06
QA,Qatar,SEARCH_COMPLETED,1,0,4,1,0,0,UNKNOWN,UNKNOWN,BROAD_DISCOVERY_ONLY_ENTITY_AND_SECTOR_REVIEW_INCOMPLETE,Qatar official science technology research institute artificial intelligence,WEB,2026-10-06
RE,Réunion,SEARCH_COMPLETED,1,0,4,0,0,0,UNKNOWN,UNKNOWN,BROAD_DISCOVERY_ONLY_ENTITY_AND_SECTOR_REVIEW_INCOMPLETE,Réunion official science technology research institute artificial intelligence,WEB,2026-10-06
RO,Romania,SEARCH_COMPLETED,1,0,4,1,1,0,UNKNOWN,UNKNOWN,BROAD_DISCOVERY_ONLY_ENTITY_AND_SECTOR_REVIEW_INCOMPLETE,Romania official science technology research institute artificial intelligence,WEB,2026-10-06
RU,Russian Federation,SEARCH_COMPLETED,1,0,4,2,0,0,UNKNOWN,UNKNOWN,BROAD_DISCOVERY_ONLY_ENTITY_AND_SECTOR_REVIEW_INCOMPLETE,Russia official science technology research institute artificial intelligence,WEB,2026-10-06
RW,Rwanda,SEARCH_COMPLETED,1,0,4,1,1,0,UNKNOWN,UNKNOWN,BROAD_DISCOVERY_ONLY_ENTITY_AND_SECTOR_REVIEW_INCOMPLETE,Rwanda official science technology research institute artificial intelligence,WEB,2026-10-06
SA,Saudi Arabia,SEARCH_COMPLETED,1,0,4,2,1,0,UNKNOWN,UNKNOWN,BROAD_DISCOVERY_ONLY_ENTITY_AND_SECTOR_REVIEW_INCOMPLETE,Saudi Arabia official science technology research institute artificial intelligence,WEB,2026-10-06
SD,Sudan,SEARCH_COMPLETED,1,0,4,0,0,0,UNKNOWN,UNKNOWN,BROAD_DISCOVERY_ONLY_ENTITY_AND_SECTOR_REVIEW_INCOMPLETE,Sudan official science technology research institute artificial intelligence,WEB,2026-10-06
SN,Senegal,SEARCH_COMPLETED,1,0,4,0,0,0,UNKNOWN,UNKNOWN,BROAD_DISCOVERY_ONLY_ENTITY_AND_SECTOR_REVIEW_INCOMPLETE,Senegal official science technology research institute artificial intelligence,WEB,2026-10-06
SG,Singapore,SEARCH_COMPLETED,1,0,4,3,0,0,UNKNOWN,UNKNOWN,BROAD_DISCOVERY_ONLY_ENTITY_AND_SECTOR_REVIEW_INCOMPLETE,Singapore official science technology research institute artificial intelligence,WEB,2026-10-06
GS,South Georgia and the South Sandwich Islands,SEARCH_COMPLETED,1,0,4,0,0,0,UNKNOWN,UNKNOWN,BROAD_DISCOVERY_ONLY_ENTITY_AND_SECTOR_REVIEW_INCOMPLETE,South Georgia and the South Sandwich Islands official science technology research institute artificial intelligence,WEB,2026-10-06
SH,"Saint Helena, Ascension and Tristan da Cunha",SEARCH_COMPLETED,1,0,4,0,0,0,UNKNOWN,UNKNOWN,BROAD_DISCOVERY_ONLY_ENTITY_AND_SECTOR_REVIEW_INCOMPLETE,"Saint Helena, Ascension and Tristan da Cunha official science technology research institute artificial intelligence",WEB,2026-10-06
SJ,Svalbard and Jan Mayen,SEARCH_COMPLETED,1,0,4,0,0,0,UNKNOWN,UNKNOWN,BROAD_DISCOVERY_ONLY_ENTITY_AND_SECTOR_REVIEW_INCOMPLETE,Svalbard and Jan Mayen official science technology research institute artificial intelligence,WEB,2026-10-06
SB,Solomon Islands,SEARCH_COMPLETED,1,0,4,0,0,0,UNKNOWN,UNKNOWN,BROAD_DISCOVERY_ONLY_ENTITY_AND_SECTOR_REVIEW_INCOMPLETE,Solomon Islands official science technology research institute artificial intelligence,WEB,2026-10-06
SL,Sierra Leone,SEARCH_COMPLETED,1,0,4,0,0,0,UNKNOWN,UNKNOWN,BROAD_DISCOVERY_ONLY_ENTITY_AND_SECTOR_REVIEW_INCOMPLETE,Sierra Leone official science technology research institute artificial intelligence,WEB,2026-10-06
SV,El Salvador,SEARCH_COMPLETED,1,0,4,0,0,0,UNKNOWN,UNKNOWN,BROAD_DISCOVERY_ONLY_ENTITY_AND_SECTOR_REVIEW_INCOMPLETE,El Salvador official science technology research institute artificial intelligence,WEB,2026-10-06
SM,San Marino,SEARCH_COMPLETED,1,0,4,0,0,0,UNKNOWN,UNKNOWN,BROAD_DISCOVERY_ONLY_ENTITY_AND_SECTOR_REVIEW_INCOMPLETE,San Marino official science technology research institute artificial intelligence,WEB,2026-10-06
SO,Somalia,SEARCH_COMPLETED,1,0,4,0,0,0,UNKNOWN,UNKNOWN,BROAD_DISCOVERY_ONLY_ENTITY_AND_SECTOR_REVIEW_INCOMPLETE,Somalia official science technology research institute artificial intelligence,WEB,2026-10-06
PM,Saint Pierre and Miquelon,SEARCH_COMPLETED,1,0,4,0,0,0,UNKNOWN,UNKNOWN,BROAD_DISCOVERY_ONLY_ENTITY_AND_SECTOR_REVIEW_INCOMPLETE,Saint Pierre and Miquelon official science technology research institute artificial intelligence,WEB,2026-10-06
RS,Serbia,SEARCH_COMPLETED,1,0,4,1,1,0,UNKNOWN,UNKNOWN,BROAD_DISCOVERY_ONLY_ENTITY_AND_SECTOR_REVIEW_INCOMPLETE,Serbia official science technology research institute artificial intelligence,WEB,2026-10-06
SS,South Sudan,SEARCH_COMPLETED,1,0,4,0,0,0,UNKNOWN,UNKNOWN,BROAD_DISCOVERY_ONLY_ENTITY_AND_SECTOR_REVIEW_INCOMPLETE,South Sudan official science technology research institute artificial intelligence,WEB,2026-10-06
ST,Sao Tome and Principe,SEARCH_COMPLETED,1,0,4,0,0,0,UNKNOWN,UNKNOWN,BROAD_DISCOVERY_ONLY_ENTITY_AND_SECTOR_REVIEW_INCOMPLETE,Sao Tome and Principe official science technology research institute artificial intelligence,WEB,2026-10-06
SR,Suriname,SEARCH_COMPLETED,1,0,4,0,0,0,UNKNOWN,UNKNOWN,BROAD_DISCOVERY_ONLY_ENTITY_AND_SECTOR_REVIEW_INCOMPLETE,Suriname official science technology research institute artificial intelligence,WEB,2026-10-06
SK,Slovakia,SEARCH_COMPLETED,1,0,4,1,1,0,UNKNOWN,UNKNOWN,BROAD_DISCOVERY_ONLY_ENTITY_AND_SECTOR_REVIEW_INCOMPLETE,Slovakia official science technology research institute artificial intelligence,WEB,2026-10-06
SI,Slovenia,SEARCH_COMPLETED,1,0,4,1,1,0,UNKNOWN,UNKNOWN,BROAD_DISCOVERY_ONLY_ENTITY_AND_SECTOR_REVIEW_INCOMPLETE,Slovenia official science technology research institute artificial intelligence,WEB,2026-10-06
SE,Sweden,SEARCH_COMPLETED,1,0,4,4,2,0,UNKNOWN,UNKNOWN,BROAD_DISCOVERY_ONLY_ENTITY_AND_SECTOR_REVIEW_INCOMPLETE,Sweden official science technology research institute artificial intelligence,WEB,2026-10-06
SZ,Eswatini,SEARCH_COMPLETED,1,0,4,0,0,0,UNKNOWN,UNKNOWN,BROAD_DISCOVERY_ONLY_ENTITY_AND_SECTOR_REVIEW_INCOMPLETE,Eswatini official science technology research institute artificial intelligence,WEB,2026-10-06
SX,Sint Maarten (Dutch part),SEARCH_COMPLETED,1,0,4,0,0,0,UNKNOWN,UNKNOWN,BROAD_DISCOVERY_ONLY_ENTITY_AND_SECTOR_REVIEW_INCOMPLETE,Sint Maarten (Dutch part) official science technology research institute artificial intelligence,WEB,2026-10-06
SC,Seychelles,SEARCH_COMPLETED,1,0,4,0,0,0,UNKNOWN,UNKNOWN,BROAD_DISCOVERY_ONLY_ENTITY_AND_SECTOR_REVIEW_INCOMPLETE,Seychelles official science technology research institute artificial intelligence,WEB,2026-10-06
SY,Syrian Arab Republic,SEARCH_COMPLETED,1,0,4,0,0,0,UNKNOWN,UNKNOWN,BROAD_DISCOVERY_ONLY_ENTITY_AND_SECTOR_REVIEW_INCOMPLETE,Syrian Arab Republic official science technology research institute artificial intelligence,WEB,2026-10-06
TC,Turks and Caicos Islands,SEARCH_COMPLETED,1,0,4,0,0,0,UNKNOWN,UNKNOWN,BROAD_DISCOVERY_ONLY_ENTITY_AND_SECTOR_REVIEW_INCOMPLETE,Turks and Caicos Islands official science technology research institute artificial intelligence,WEB,2026-10-06
TD,Chad,SEARCH_COMPLETED,1,0,4,0,0,0,UNKNOWN,UNKNOWN,BROAD_DISCOVERY_ONLY_ENTITY_AND_SECTOR_REVIEW_INCOMPLETE,Chad official science technology research institute artificial intelligence,WEB,2026-10-06
TG,Togo,SEARCH_COMPLETED,1,0,4,0,0,0,UNKNOWN,UNKNOWN,BROAD_DISCOVERY_ONLY_ENTITY_AND_SECTOR_REVIEW_INCOMPLETE,Togo official science technology research institute artificial intelligence,WEB,2026-10-06
TH,Thailand,SEARCH_COMPLETED,1,0,4,1,0,0,UNKNOWN,UNKNOWN,BROAD_DISCOVERY_ONLY_ENTITY_AND_SECTOR_REVIEW_INCOMPLETE,Thailand official science technology research institute artificial intelligence,WEB,2026-10-06
TJ,Tajikistan,SEARCH_COMPLETED,1,0,4,0,0,0,UNKNOWN,UNKNOWN,BROAD_DISCOVERY_ONLY_ENTITY_AND_SECTOR_REVIEW_INCOMPLETE,Tajikistan official science technology research institute artificial intelligence,WEB,2026-10-06
TK,Tokelau,SEARCH_COMPLETED,1,0,4,0,0,0,UNKNOWN,UNKNOWN,BROAD_DISCOVERY_ONLY_ENTITY_AND_SECTOR_REVIEW_INCOMPLETE,Tokelau official science technology research institute artificial intelligence,WEB,2026-10-06
TM,Turkmenistan,SEARCH_COMPLETED,1,0,4,0,0,0,UNKNOWN,UNKNOWN,BROAD_DISCOVERY_ONLY_ENTITY_AND_SECTOR_REVIEW_INCOMPLETE,Turkmenistan official science technology research institute artificial intelligence,WEB,2026-10-06
TL,Timor-Leste,SEARCH_COMPLETED,1,0,4,0,0,0,UNKNOWN,UNKNOWN,BROAD_DISCOVERY_ONLY_ENTITY_AND_SECTOR_REVIEW_INCOMPLETE,Timor-Leste official science technology research institute artificial intelligence,WEB,2026-10-06
TO,Tonga,SEARCH_COMPLETED,1,0,4,0,0,0,UNKNOWN,UNKNOWN,BROAD_DISCOVERY_ONLY_ENTITY_AND_SECTOR_REVIEW_INCOMPLETE,Tonga official science technology research institute artificial intelligence,WEB,2026-10-06
TT,Trinidad and Tobago,SEARCH_COMPLETED,1,0,4,0,0,0,UNKNOWN,UNKNOWN,BROAD_DISCOVERY_ONLY_ENTITY_AND_SECTOR_REVIEW_INCOMPLETE,Trinidad and Tobago official science technology research institute artificial intelligence,WEB,2026-10-06
TN,Tunisia,SEARCH_COMPLETED,1,0,4,0,0,0,UNKNOWN,UNKNOWN,BROAD_DISCOVERY_ONLY_ENTITY_AND_SECTOR_REVIEW_INCOMPLETE,Tunisia official science technology research institute artificial intelligence,WEB,2026-10-06
TR,Türkiye,SEARCH_COMPLETED,1,0,4,1,1,0,UNKNOWN,UNKNOWN,BROAD_DISCOVERY_ONLY_ENTITY_AND_SECTOR_REVIEW_INCOMPLETE,Türkiye official science technology research institute artificial intelligence,WEB,2026-10-06
TV,Tuvalu,SEARCH_COMPLETED,1,0,4,0,0,0,UNKNOWN,UNKNOWN,BROAD_DISCOVERY_ONLY_ENTITY_AND_SECTOR_REVIEW_INCOMPLETE,Tuvalu official science technology research institute artificial intelligence,WEB,2026-10-06
TW,"Taiwan, Province of China",SEARCH_COMPLETED,1,0,4,6,1,0,UNKNOWN,UNKNOWN,BROAD_DISCOVERY_ONLY_ENTITY_AND_SECTOR_REVIEW_INCOMPLETE,Taiwan official science technology research institute artificial intelligence,WEB,2026-10-06
TZ,"Tanzania, United Republic of",SEARCH_COMPLETED,1,0,4,0,0,0,UNKNOWN,UNKNOWN,BROAD_DISCOVERY_ONLY_ENTITY_AND_SECTOR_REVIEW_INCOMPLETE,Tanzania official science technology research institute artificial intelligence,WEB,2026-10-06
UG,Uganda,SEARCH_COMPLETED,1,0,4,0,0,0,UNKNOWN,UNKNOWN,BROAD_DISCOVERY_ONLY_ENTITY_AND_SECTOR_REVIEW_INCOMPLETE,Uganda official science technology research institute artificial intelligence,WEB,2026-10-06
UA,Ukraine,SEARCH_COMPLETED,1,0,4,2,1,0,UNKNOWN,UNKNOWN,BROAD_DISCOVERY_ONLY_ENTITY_AND_SECTOR_REVIEW_INCOMPLETE,Ukraine official science technology research institute artificial intelligence,WEB,2026-10-06
UM,United States Minor Outlying Islands,SEARCH_COMPLETED,1,0,4,0,0,0,UNKNOWN,UNKNOWN,BROAD_DISCOVERY_ONLY_ENTITY_AND_SECTOR_REVIEW_INCOMPLETE,United States Minor Outlying Islands official science technology research institute artificial intelligence,WEB,2026-10-06
UY,Uruguay,SEARCH_COMPLETED,1,0,4,1,1,0,UNKNOWN,UNKNOWN,BROAD_DISCOVERY_ONLY_ENTITY_AND_SECTOR_REVIEW_INCOMPLETE,Uruguay official science technology research institute artificial intelligence,WEB,2026-10-06
US,United States,SEARCH_COMPLETED,1,0,4,111,58,1,UNKNOWN,UNKNOWN,BROAD_DISCOVERY_ONLY_ENTITY_AND_SECTOR_REVIEW_INCOMPLETE,United States official science technology research institute artificial intelligence,WEB,2026-10-06
UZ,Uzbekistan,SEARCH_COMPLETED,1,0,4,0,0,0,UNKNOWN,UNKNOWN,BROAD_DISCOVERY_ONLY_ENTITY_AND_SECTOR_REVIEW_INCOMPLETE,Uzbekistan official science technology research institute artificial intelligence,WEB,2026-10-06
VA,Holy See (Vatican City State),SEARCH_COMPLETED,1,0,4,0,0,0,UNKNOWN,UNKNOWN,BROAD_DISCOVERY_ONLY_ENTITY_AND_SECTOR_REVIEW_INCOMPLETE,Holy See (Vatican City State) official science technology research institute artificial intelligence,WEB,2026-10-06
VC,Saint Vincent and the Grenadines,SEARCH_COMPLETED,1,0,4,0,0,0,UNKNOWN,UNKNOWN,BROAD_DISCOVERY_ONLY_ENTITY_AND_SECTOR_REVIEW_INCOMPLETE,Saint Vincent and the Grenadines official science technology research institute artificial intelligence,WEB,2026-10-06
VE,"Venezuela, Bolivarian Republic of",SEARCH_COMPLETED,1,0,4,0,0,0,UNKNOWN,UNKNOWN,BROAD_DISCOVERY_ONLY_ENTITY_AND_SECTOR_REVIEW_INCOMPLETE,Venezuela official science technology research institute artificial intelligence,WEB,2026-10-06
VG,"Virgin Islands, British",SEARCH_COMPLETED,1,0,4,0,0,0,UNKNOWN,UNKNOWN,BROAD_DISCOVERY_ONLY_ENTITY_AND_SECTOR_REVIEW_INCOMPLETE,"Virgin Islands, British official science technology research institute artificial intelligence",WEB,2026-10-06
VI,"Virgin Islands, U.S.",SEARCH_COMPLETED,1,0,4,0,0,0,UNKNOWN,UNKNOWN,BROAD_DISCOVERY_ONLY_ENTITY_AND_SECTOR_REVIEW_INCOMPLETE,"Virgin Islands, U.S. official science technology research institute artificial intelligence",WEB,2026-10-06
VN,Viet Nam,SEARCH_COMPLETED,1,0,4,1,1,0,UNKNOWN,UNKNOWN,BROAD_DISCOVERY_ONLY_ENTITY_AND_SECTOR_REVIEW_INCOMPLETE,Vietnam official science technology research institute artificial intelligence,WEB,2026-10-06
VU,Vanuatu,SEARCH_COMPLETED,1,0,4,0,0,0,UNKNOWN,UNKNOWN,BROAD_DISCOVERY_ONLY_ENTITY_AND_SECTOR_REVIEW_INCOMPLETE,Vanuatu official science technology research institute artificial intelligence,WEB,2026-10-06
WF,Wallis and Futuna,SEARCH_COMPLETED,1,0,4,0,0,0,UNKNOWN,UNKNOWN,BROAD_DISCOVERY_ONLY_ENTITY_AND_SECTOR_REVIEW_INCOMPLETE,Wallis and Futuna official science technology research institute artificial intelligence,WEB,2026-10-06
WS,Samoa,SEARCH_COMPLETED,1,0,4,0,0,0,UNKNOWN,UNKNOWN,BROAD_DISCOVERY_ONLY_ENTITY_AND_SECTOR_REVIEW_INCOMPLETE,Samoa official science technology research institute artificial intelligence,WEB,2026-10-06
YE,Yemen,SEARCH_COMPLETED,1,0,4,0,0,0,UNKNOWN,UNKNOWN,BROAD_DISCOVERY_ONLY_ENTITY_AND_SECTOR_REVIEW_INCOMPLETE,Yemen official science technology research institute artificial intelligence,WEB,2026-10-06
ZA,South Africa,SEARCH_COMPLETED,1,0,4,2,2,0,UNKNOWN,UNKNOWN,BROAD_DISCOVERY_ONLY_ENTITY_AND_SECTOR_REVIEW_INCOMPLETE,South Africa official science technology research institute artificial intelligence,WEB,2026-10-06
ZM,Zambia,SEARCH_COMPLETED,1,0,4,0,0,0,UNKNOWN,UNKNOWN,BROAD_DISCOVERY_ONLY_ENTITY_AND_SECTOR_REVIEW_INCOMPLETE,Zambia official science technology research institute artificial intelligence,WEB,2026-10-06
ZW,Zimbabwe,SEARCH_COMPLETED,1,0,4,0,0,0,UNKNOWN,UNKNOWN,BROAD_DISCOVERY_ONLY_ENTITY_AND_SECTOR_REVIEW_INCOMPLETE,Zimbabwe official science technology research institute artificial intelligence,WEB,2026-10-06
