TABLE_SCHEMA,TABLE_NAME,TABLE_TYPE
ods_mariadb_2b,ods_a168_RedPacketSetup,BASE TABLE
ods_mariadb_2b,ods_a168_RedPacketSetup_setting,BASE TABLE
ods_mariadb_2b,ods_a168_RedPacket_No,BASE TABLE
ods_mariadb_2b,ods_a168_RedPacket_Order,BASE TABLE
ods_mariadb_2b,ods_a168_SMR_log,BASE TABLE
ods_mariadb_2b,ods_a168_age_login,BASE TABLE
ods_mariadb_2b,ods_a168_age_sub_login,BASE TABLE
ods_mariadb_2b,ods_a168_agent,BASE TABLE
ods_mariadb_2b,ods_a168_agent_bak20250610,BASE TABLE
ods_mariadb_2b,ods_a168_agent_dtl,BASE TABLE
ods_mariadb_2b,ods_a168_agent_dtl_test,BASE TABLE
ods_mariadb_2b,ods_a168_agent_elec,BASE TABLE
ods_mariadb_2b,ods_a168_agent_partner_gamelist,BASE TABLE
ods_mariadb_2b,ods_a168_agent_permissionrole,BASE TABLE
ods_mariadb_2b,ods_a168_agent_sub,BASE TABLE
ods_mariadb_2b,ods_a168_agent_test,BASE TABLE
ods_mariadb_2b,ods_a168_agents_LoginPass,BASE TABLE
ods_mariadb_2b,ods_a168_aggregate_setting,BASE TABLE
ods_mariadb_2b,ods_a168_aggregate_token,BASE TABLE
ods_mariadb_2b,ods_a168_aggregate_transaction,BASE TABLE
ods_mariadb_2b,ods_a168_aisetting,BASE TABLE
ods_mariadb_2b,ods_a168_alarmMessage,BASE TABLE
ods_mariadb_2b,ods_a168_alertMessage,BASE TABLE
ods_mariadb_2b,ods_a168_alert_ip_setting,BASE TABLE
ods_mariadb_2b,ods_a168_apiurl,BASE TABLE
ods_mariadb_2b,ods_a168_ban_bet_area,BASE TABLE
ods_mariadb_2b,ods_a168_bet,BASE TABLE
ods_mariadb_2b,ods_a168_bet01,BASE TABLE
ods_mariadb_2b,ods_a168_bet02,BASE TABLE
ods_mariadb_2b,ods_a168_bet_No,BASE TABLE
ods_mariadb_2b,ods_a168_bet_limit_default,BASE TABLE
ods_mariadb_2b,ods_a168_bet_partner,BASE TABLE
ods_mariadb_2b,ods_a168_betchange_log,BASE TABLE
ods_mariadb_2b,ods_a168_category,BASE TABLE
ods_mariadb_2b,ods_a168_categoryLevel,BASE TABLE
ods_mariadb_2b,ods_a168_change_log,BASE TABLE
ods_mariadb_2b,ods_a168_close_tip_list,BASE TABLE
ods_mariadb_2b,ods_a168_control,BASE TABLE
ods_mariadb_2b,ods_a168_control_login,BASE TABLE
ods_mariadb_2b,ods_a168_conversion,BASE TABLE
ods_mariadb_2b,ods_a168_ctl_rto,BASE TABLE
ods_mariadb_2b,ods_a168_currency,BASE TABLE
ods_mariadb_2b,ods_a168_dailyreport,BASE TABLE
ods_mariadb_2b,ods_a168_dailyreport2,BASE TABLE
ods_mariadb_2b,ods_a168_dailyreport_member,BASE TABLE
ods_mariadb_2b,ods_a168_dailyreport_table,BASE TABLE
ods_mariadb_2b,ods_a168_dailyreport_usercount,BASE TABLE
ods_mariadb_2b,ods_a168_emp_login,BASE TABLE
ods_mariadb_2b,ods_a168_employee,BASE TABLE
ods_mariadb_2b,ods_a168_func_counter,BASE TABLE
ods_mariadb_2b,ods_a168_game_No,BASE TABLE
ods_mariadb_2b,ods_a168_game_callwebapi,BASE TABLE
ods_mariadb_2b,ods_a168_game_demoipsetting,BASE TABLE
ods_mariadb_2b,ods_a168_game_info,BASE TABLE
ods_mariadb_2b,ods_a168_game_info_verify,BASE TABLE
ods_mariadb_2b,ods_a168_game_log,BASE TABLE
ods_mariadb_2b,ods_a168_game_parame,BASE TABLE
ods_mariadb_2b,ods_a168_game_result,BASE TABLE
ods_mariadb_2b,ods_a168_game_statistics,BASE TABLE
ods_mariadb_2b,ods_a168_game_tip,BASE TABLE
ods_mariadb_2b,ods_a168_game_transfer,BASE TABLE
ods_mariadb_2b,ods_a168_game_type,BASE TABLE
ods_mariadb_2b,ods_a168_in_out_m,BASE TABLE
ods_mariadb_2b,ods_a168_in_out_m_chip,BASE TABLE
ods_mariadb_2b,ods_a168_ipblacklist,BASE TABLE
ods_mariadb_2b,ods_a168_iphistory,BASE TABLE
ods_mariadb_2b,ods_a168_jackpot,BASE TABLE
ods_mariadb_2b,ods_a168_keyserver_command,BASE TABLE
ods_mariadb_2b,ods_a168_log_age_cash_change,BASE TABLE
ods_mariadb_2b,ods_a168_log_mem_change,BASE TABLE
ods_mariadb_2b,ods_a168_log_realtimebet,BASE TABLE
ods_mariadb_2b,ods_a168_mem_login,BASE TABLE
ods_mariadb_2b,ods_a168_member,BASE TABLE
ods_mariadb_2b,ods_a168_member_category,BASE TABLE
ods_mariadb_2b,ods_a168_member_click_counter,BASE TABLE
ods_mariadb_2b,ods_a168_member_dtl,BASE TABLE
ods_mariadb_2b,ods_a168_member_explosion_setting,BASE TABLE
ods_mariadb_2b,ods_a168_member_odds,BASE TABLE
ods_mariadb_2b,ods_a168_member_partner_account,BASE TABLE
ods_mariadb_2b,ods_a168_member_partner_gamelist,BASE TABLE
ods_mariadb_2b,ods_a168_member_url,BASE TABLE
ods_mariadb_2b,ods_a168_news,BASE TABLE
ods_mariadb_2b,ods_a168_odds_default,BASE TABLE
ods_mariadb_2b,ods_a168_opengame_log,BASE TABLE
ods_mariadb_2b,ods_a168_orderslist,BASE TABLE
ods_mariadb_2b,ods_a168_partner_bng_token,BASE TABLE
ods_mariadb_2b,ods_a168_partner_gamelist,BASE TABLE
ods_mariadb_2b,ods_a168_partner_reportTime,BASE TABLE
ods_mariadb_2b,ods_a168_partner_setting,BASE TABLE
ods_mariadb_2b,ods_a168_partner_transation,BASE TABLE
ods_mariadb_2b,ods_a168_partner_transation_log,BASE TABLE
ods_mariadb_2b,ods_a168_partner_type,BASE TABLE
ods_mariadb_2b,ods_a168_passiplist,BASE TABLE
ods_mariadb_2b,ods_a168_payment_bank,BASE TABLE
ods_mariadb_2b,ods_a168_payment_method,BASE TABLE
ods_mariadb_2b,ods_a168_payment_order,BASE TABLE
ods_mariadb_2b,ods_a168_payment_platform,BASE TABLE
ods_mariadb_2b,ods_a168_payment_setting,BASE TABLE
ods_mariadb_2b,ods_a168_payment_type,BASE TABLE
ods_mariadb_2b,ods_a168_permissionrole,BASE TABLE
ods_mariadb_2b,ods_a168_permissions,BASE TABLE
ods_mariadb_2b,ods_a168_permissionsPage,BASE TABLE
ods_mariadb_2b,ods_a168_permissionsPageRoles,BASE TABLE
ods_mariadb_2b,ods_a168_permissionsgroup,BASE TABLE
ods_mariadb_2b,ods_a168_play_set,BASE TABLE
ods_mariadb_2b,ods_a168_realtimebet,BASE TABLE
ods_mariadb_2b,ods_a168_realtimelobby,BASE TABLE
ods_mariadb_2b,ods_a168_realtimelog,BASE TABLE
ods_mariadb_2b,ods_a168_risklist,BASE TABLE
ods_mariadb_2b,ods_a168_roles,BASE TABLE
ods_mariadb_2b,ods_a168_shuffle_gid,BASE TABLE
ods_mariadb_2b,ods_a168_shuffle_info,BASE TABLE
ods_mariadb_2b,ods_a168_site,BASE TABLE
ods_mariadb_2b,ods_a168_sms_setting,BASE TABLE
ods_mariadb_2b,ods_a168_stream,BASE TABLE
ods_mariadb_2b,ods_a168_subagent_permissionrole,BASE TABLE
ods_mariadb_2b,ods_a168_symbol,BASE TABLE
ods_mariadb_2b,ods_a168_tablelimit,BASE TABLE
ods_mariadb_2b,ods_a168_tablelimit_third,BASE TABLE
ods_mariadb_2b,ods_a168_temp_id_list,BASE TABLE
ods_mariadb_2b,ods_a168_tip,BASE TABLE
ods_mariadb_2b,ods_a168_urllist,BASE TABLE
ods_mariadb_2b,ods_a168_wallet_dtl,BASE TABLE
ods_mariadb_2b,ods_a168_wallet_feedbackerr,BASE TABLE
ods_mariadb_2b,ods_a168_wallet_reporter,BASE TABLE
ods_mariadb_2b,ods_a168_wallet_reporter_copy,BASE TABLE
ods_mariadb_2b,ods_a168_wechat_url,BASE TABLE
ods_mariadb_2b,ods_a168_white_list,BASE TABLE
ods_mariadb_2b,sync_checkpoint,BASE TABLE
