source_url,http_status,observed_table_rows,structured_records,gap,body_truncated,full_body_observed,global_directory_completeness
https://www.miaxglobal.com/markets/us-equities/pearl-equities/alerts?page=9,200,0,0,DYNAMIC_EMPTY_OR_NON_TABULAR_DIRECTORY_REVIEW,False,TRUE,UNKNOWN
https://blog.thecse.com/category/cse-issuer-stories/page/20/,200,0,0,DYNAMIC_EMPTY_OR_NON_TABULAR_DIRECTORY_REVIEW,False,TRUE,UNKNOWN
https://www.euronext.com/en/listing/bonds/debt-listing-newsletter?page=0,200,0,0,DYNAMIC_EMPTY_OR_NON_TABULAR_DIRECTORY_REVIEW,False,TRUE,UNKNOWN
https://www.gmex-group.com/press-release-gmex-leads-consortium-to-launch-a-mauritius-based-international-commodities-and-derivatives-exchange-mindex-ecosystem/,200,0,0,DYNAMIC_EMPTY_OR_NON_TABULAR_DIRECTORY_REVIEW,False,TRUE,UNKNOWN
https://www.world-exchanges.org/membership-events/past-events?page=1,200,0,0,DYNAMIC_EMPTY_OR_NON_TABULAR_DIRECTORY_REVIEW,False,TRUE,UNKNOWN
https://blog.bit2me.com/es/page/29/,200,0,0,DYNAMIC_EMPTY_OR_NON_TABULAR_DIRECTORY_REVIEW,False,TRUE,UNKNOWN
https://www.sebon.gov.np/intermediaries/stock-brokers?page=1,200,0,0,DYNAMIC_EMPTY_OR_NON_TABULAR_DIRECTORY_REVIEW,False,TRUE,UNKNOWN
https://www.bsx.com/listed-securities?CoStatus%5B0%5D=1&page=17,200,11,10,PAGE_SCOPE_AND_TOTAL_RECONCILIATION_PENDING,False,TRUE,UNKNOWN
https://www.secdex.net/solid-oak-insurance-pcc-ltd-2025-financial-statements/,200,0,0,DYNAMIC_EMPTY_OR_NON_TABULAR_DIRECTORY_REVIEW,False,TRUE,UNKNOWN
https://www.efama.org/policy/management-companies?page=0%2C0%2C0%2C0,200,0,0,DYNAMIC_EMPTY_OR_NON_TABULAR_DIRECTORY_REVIEW,False,TRUE,UNKNOWN
https://info.memxtrading.com/category/alerts-notices/trader/page/7/,200,0,0,DYNAMIC_EMPTY_OR_NON_TABULAR_DIRECTORY_REVIEW,False,TRUE,UNKNOWN
https://blog.bit2me.com/es/page/7/,200,0,0,DYNAMIC_EMPTY_OR_NON_TABULAR_DIRECTORY_REVIEW,False,TRUE,UNKNOWN
https://blog.thecse.com/category/cse-issuer-stories/page/8/,200,0,0,DYNAMIC_EMPTY_OR_NON_TABULAR_DIRECTORY_REVIEW,False,TRUE,UNKNOWN
https://www.miaxglobal.com/markets/us-equities/pearl-equities/alerts?page=10,200,0,0,DYNAMIC_EMPTY_OR_NON_TABULAR_DIRECTORY_REVIEW,False,TRUE,UNKNOWN
https://www.bsx.com/listed-securities?CoStatus%5B0%5D=1&page=18,200,11,10,PAGE_SCOPE_AND_TOTAL_RECONCILIATION_PENDING,False,TRUE,UNKNOWN
https://www.xtb.com/int/company-news?page=12,200,73,0,DYNAMIC_EMPTY_OR_NON_TABULAR_DIRECTORY_REVIEW,False,TRUE,UNKNOWN
https://www.dfsa.ae/what-we-do/dfsa-listing-authority/official-list-of-securities?ccm_paging_p=1&ccm_order_by=cv.cvName&ccm_order_by_direction=asc,200,0,0,DYNAMIC_EMPTY_OR_NON_TABULAR_DIRECTORY_REVIEW,False,TRUE,UNKNOWN
https://www.gmex-group.com/press-release-mindex-gmex-group-and-hybse-join-forces-to-launch-the-first-blockchain-securities-exchange-in-mauritius/,200,0,0,DYNAMIC_EMPTY_OR_NON_TABULAR_DIRECTORY_REVIEW,False,TRUE,UNKNOWN
https://www.world-exchanges.org/membership-events/past-events?page=2,200,0,0,DYNAMIC_EMPTY_OR_NON_TABULAR_DIRECTORY_REVIEW,False,TRUE,UNKNOWN
https://www.dfsa.ae/what-we-do/dfsa-listing-authority/official-list-of-securities?ccm_paging_p=8&ccm_order_by=cv.cvName&ccm_order_by_direction=asc,200,0,0,DYNAMIC_EMPTY_OR_NON_TABULAR_DIRECTORY_REVIEW,False,TRUE,UNKNOWN
https://blog.bit2me.com/es/secciones/notas-de-prensa/page/7/,200,0,0,DYNAMIC_EMPTY_OR_NON_TABULAR_DIRECTORY_REVIEW,False,TRUE,UNKNOWN
https://info.memxtrading.com/category/alerts-notices/trader/page/16/,200,0,0,DYNAMIC_EMPTY_OR_NON_TABULAR_DIRECTORY_REVIEW,False,TRUE,UNKNOWN
https://www.efama.org/policy/management-companies?page=0%2C0%2C1%2C0,200,0,0,DYNAMIC_EMPTY_OR_NON_TABULAR_DIRECTORY_REVIEW,False,TRUE,UNKNOWN
https://www.xtb.com/int/company-news?page=13,200,82,0,DYNAMIC_EMPTY_OR_NON_TABULAR_DIRECTORY_REVIEW,False,TRUE,UNKNOWN
https://www.world-exchanges.org/membership-events/past-events?page=3,200,0,0,DYNAMIC_EMPTY_OR_NON_TABULAR_DIRECTORY_REVIEW,False,TRUE,UNKNOWN
https://www.dfsa.ae/what-we-do/dfsa-listing-authority/official-list-of-securities?ccm_paging_p=9&ccm_order_by=cv.cvName&ccm_order_by_direction=asc,200,0,0,DYNAMIC_EMPTY_OR_NON_TABULAR_DIRECTORY_REVIEW,False,TRUE,UNKNOWN
https://www.miaxglobal.com/markets/us-equities/pearl-equities/alerts?page=11,200,0,0,DYNAMIC_EMPTY_OR_NON_TABULAR_DIRECTORY_REVIEW,False,TRUE,UNKNOWN
https://blog.bit2me.com/es/secciones/notas-de-prensa/page/11/,200,0,0,DYNAMIC_EMPTY_OR_NON_TABULAR_DIRECTORY_REVIEW,False,TRUE,UNKNOWN
https://www.bsx.com/listed-securities?CoStatus%5B0%5D=1&page=19,200,11,10,PAGE_SCOPE_AND_TOTAL_RECONCILIATION_PENDING,False,TRUE,UNKNOWN
https://info.memxtrading.com/category/alerts-notices/product-notices/page/57/,200,0,0,DYNAMIC_EMPTY_OR_NON_TABULAR_DIRECTORY_REVIEW,False,TRUE,UNKNOWN
https://www.efama.org/policy/management-companies?page=0%2C0%2C2%2C0,200,0,0,DYNAMIC_EMPTY_OR_NON_TABULAR_DIRECTORY_REVIEW,False,TRUE,UNKNOWN
https://www.xtb.com/int/company-news?page=520,200,66,0,DYNAMIC_EMPTY_OR_NON_TABULAR_DIRECTORY_REVIEW,False,TRUE,UNKNOWN
https://www.world-exchanges.org/membership-events/past-events?page=4,200,0,0,DYNAMIC_EMPTY_OR_NON_TABULAR_DIRECTORY_REVIEW,False,TRUE,UNKNOWN
https://www.cdcp.sk/cdcpweb/info-o-cp/j-s-a-register-akcionarov/?pageno=16,200,14,0,DYNAMIC_EMPTY_OR_NON_TABULAR_DIRECTORY_REVIEW,False,TRUE,UNKNOWN
https://www.bsx.com/listed-securities?CoStatus%5B0%5D=1&page=20,200,11,10,PAGE_SCOPE_AND_TOTAL_RECONCILIATION_PENDING,False,TRUE,UNKNOWN
https://www.miaxglobal.com/markets/us-equities/pearl-equities/alerts?page=12,200,0,0,DYNAMIC_EMPTY_OR_NON_TABULAR_DIRECTORY_REVIEW,False,TRUE,UNKNOWN
https://blog.bit2me.com/es/secciones/novedades/page/41/,200,0,0,DYNAMIC_EMPTY_OR_NON_TABULAR_DIRECTORY_REVIEW,False,TRUE,UNKNOWN
https://www.xtb.com/int/company-news?page=519,200,66,0,DYNAMIC_EMPTY_OR_NON_TABULAR_DIRECTORY_REVIEW,False,TRUE,UNKNOWN
https://www.world-exchanges.org/membership-events/past-events?page=5,200,0,0,DYNAMIC_EMPTY_OR_NON_TABULAR_DIRECTORY_REVIEW,False,TRUE,UNKNOWN
https://www.miaxglobal.com/markets/us-equities/pearl-equities/alerts?page=90,200,0,0,DYNAMIC_EMPTY_OR_NON_TABULAR_DIRECTORY_REVIEW,False,TRUE,UNKNOWN
https://www.bsx.com/listed-securities?CoStatus%5B0%5D=1&page=102,200,11,10,PAGE_SCOPE_AND_TOTAL_RECONCILIATION_PENDING,False,TRUE,UNKNOWN
https://blog.bit2me.com/es/secciones/novedades/page/7/,200,0,0,DYNAMIC_EMPTY_OR_NON_TABULAR_DIRECTORY_REVIEW,False,TRUE,UNKNOWN
https://www.dfsa.ae/what-we-do/dfsa-listing-authority/official-list-of-securities?ccm_paging_p=11&ccm_order_by=cv.cvName&ccm_order_by_direction=asc,200,0,0,DYNAMIC_EMPTY_OR_NON_TABULAR_DIRECTORY_REVIEW,False,TRUE,UNKNOWN
https://www.efama.org/policy/management-companies?page=0%2C0%2C3%2C0,200,0,0,DYNAMIC_EMPTY_OR_NON_TABULAR_DIRECTORY_REVIEW,False,TRUE,UNKNOWN
https://www.world-exchanges.org/membership-events/past-events?page=6,200,0,0,DYNAMIC_EMPTY_OR_NON_TABULAR_DIRECTORY_REVIEW,False,TRUE,UNKNOWN
https://www.miaxglobal.com/markets/us-equities/pearl-equities/alerts?page=83,200,0,0,DYNAMIC_EMPTY_OR_NON_TABULAR_DIRECTORY_REVIEW,False,TRUE,UNKNOWN
https://www.efama.org/policy/management-companies?page=0%2C0%2C4%2C0,200,0,0,DYNAMIC_EMPTY_OR_NON_TABULAR_DIRECTORY_REVIEW,False,TRUE,UNKNOWN
https://www.dfsa.ae/what-we-do/dfsa-listing-authority/official-list-of-securities?ccm_paging_p=10&ccm_order_by=cv.cvName&ccm_order_by_direction=asc,200,0,0,DYNAMIC_EMPTY_OR_NON_TABULAR_DIRECTORY_REVIEW,False,TRUE,UNKNOWN
https://www.bsx.com/listed-securities?CoStatus%5B0%5D=1&page=99,200,11,10,PAGE_SCOPE_AND_TOTAL_RECONCILIATION_PENDING,False,TRUE,UNKNOWN
https://blog.bit2me.com/es/author/bit2me/page/100/,200,0,0,DYNAMIC_EMPTY_OR_NON_TABULAR_DIRECTORY_REVIEW,False,TRUE,UNKNOWN
https://www.miaxglobal.com/markets/us-equities/pearl-equities/alerts?page=84,200,0,0,DYNAMIC_EMPTY_OR_NON_TABULAR_DIRECTORY_REVIEW,False,TRUE,UNKNOWN
https://www.world-exchanges.org/membership-events/past-events?page=7,200,0,0,DYNAMIC_EMPTY_OR_NON_TABULAR_DIRECTORY_REVIEW,False,TRUE,UNKNOWN
https://www.cdcp.sk/cdcpweb/info-o-cp/j-s-a-register-akcionarov/?pageno=62,200,14,0,DYNAMIC_EMPTY_OR_NON_TABULAR_DIRECTORY_REVIEW,False,TRUE,UNKNOWN
https://www.bsx.com/listed-securities?CoStatus%5B0%5D=1&page=100,200,11,10,PAGE_SCOPE_AND_TOTAL_RECONCILIATION_PENDING,False,TRUE,UNKNOWN
https://www.bsx.com/listed-securities?CoStatus%5B0%5D=1&page=101,200,11,10,PAGE_SCOPE_AND_TOTAL_RECONCILIATION_PENDING,False,TRUE,UNKNOWN
https://blog.bit2me.com/pt/page/7/,200,0,0,DYNAMIC_EMPTY_OR_NON_TABULAR_DIRECTORY_REVIEW,False,TRUE,UNKNOWN
https://www.dfsa.ae/what-we-do/dfsa-listing-authority/official-list-of-securities?ccm_paging_p=12&ccm_order_by=cv.cvName&ccm_order_by_direction=asc,200,0,0,DYNAMIC_EMPTY_OR_NON_TABULAR_DIRECTORY_REVIEW,False,TRUE,UNKNOWN
https://www.efama.org/policy/management-companies?page=0%2C0%2C5%2C0,200,0,0,DYNAMIC_EMPTY_OR_NON_TABULAR_DIRECTORY_REVIEW,False,TRUE,UNKNOWN
https://www.miaxglobal.com/markets/us-equities/pearl-equities/alerts?page=85,200,0,0,DYNAMIC_EMPTY_OR_NON_TABULAR_DIRECTORY_REVIEW,False,TRUE,UNKNOWN
https://www.cdcp.sk/cdcpweb/info-o-cp/j-s-a-register-akcionarov/?pageno=17,200,14,0,DYNAMIC_EMPTY_OR_NON_TABULAR_DIRECTORY_REVIEW,False,TRUE,UNKNOWN
https://www.efama.org/policy/management-companies?page=0%2C0%2C6%2C0,200,0,0,DYNAMIC_EMPTY_OR_NON_TABULAR_DIRECTORY_REVIEW,False,TRUE,UNKNOWN
https://www.world-exchanges.org/membership-events/past-events?page=8,200,0,0,DYNAMIC_EMPTY_OR_NON_TABULAR_DIRECTORY_REVIEW,False,TRUE,UNKNOWN
https://www.world-exchanges.org/membership-events/past-events?page=9,200,0,0,DYNAMIC_EMPTY_OR_NON_TABULAR_DIRECTORY_REVIEW,False,TRUE,UNKNOWN
https://www.miaxglobal.com/markets/us-equities/pearl-equities/alerts?page=86,200,0,0,DYNAMIC_EMPTY_OR_NON_TABULAR_DIRECTORY_REVIEW,False,TRUE,UNKNOWN
https://www.dfsa.ae/what-we-do/dfsa-listing-authority/official-list-of-securities?ccm_paging_p=13&ccm_order_by=cv.cvName&ccm_order_by_direction=asc,200,0,0,DYNAMIC_EMPTY_OR_NON_TABULAR_DIRECTORY_REVIEW,False,TRUE,UNKNOWN
https://blog.bit2me.com/es/author/bit2me/page/7/,200,0,0,DYNAMIC_EMPTY_OR_NON_TABULAR_DIRECTORY_REVIEW,False,TRUE,UNKNOWN
https://www.miaxglobal.com/markets/us-equities/pearl-equities/alerts?page=87,200,0,0,DYNAMIC_EMPTY_OR_NON_TABULAR_DIRECTORY_REVIEW,False,TRUE,UNKNOWN
https://blog.bit2me.com/pt/page/20/,200,0,0,DYNAMIC_EMPTY_OR_NON_TABULAR_DIRECTORY_REVIEW,False,TRUE,UNKNOWN
https://www.miaxglobal.com/markets/us-equities/pearl-equities/alerts?page=88,200,0,0,DYNAMIC_EMPTY_OR_NON_TABULAR_DIRECTORY_REVIEW,False,TRUE,UNKNOWN
https://blog.bit2me.com/en/page/21/,200,0,0,DYNAMIC_EMPTY_OR_NON_TABULAR_DIRECTORY_REVIEW,False,TRUE,UNKNOWN
https://www.miaxglobal.com/markets/us-equities/pearl-equities/alerts?page=89,200,0,0,DYNAMIC_EMPTY_OR_NON_TABULAR_DIRECTORY_REVIEW,False,TRUE,UNKNOWN
https://www.efama.org/policy/management-companies?page=0%2C0%2C7%2C0,200,0,0,DYNAMIC_EMPTY_OR_NON_TABULAR_DIRECTORY_REVIEW,False,TRUE,UNKNOWN
https://blog.bit2me.com/en/page/7/,200,0,0,DYNAMIC_EMPTY_OR_NON_TABULAR_DIRECTORY_REVIEW,False,TRUE,UNKNOWN
https://www.dfsa.ae/what-we-do/dfsa-listing-authority/official-list-of-securities?ccm_paging_p=14&ccm_order_by=cv.cvName&ccm_order_by_direction=asc,200,0,0,DYNAMIC_EMPTY_OR_NON_TABULAR_DIRECTORY_REVIEW,False,TRUE,UNKNOWN
https://blog.bit2me.com/es/secciones/only-for-app/page/43/,200,0,0,DYNAMIC_EMPTY_OR_NON_TABULAR_DIRECTORY_REVIEW,False,TRUE,UNKNOWN
https://www.efama.org/policy/management-companies?page=0%2C0%2C8%2C0,200,0,0,DYNAMIC_EMPTY_OR_NON_TABULAR_DIRECTORY_REVIEW,False,TRUE,UNKNOWN
https://blog.bit2me.com/es/secciones/only-for-app/page/7/,200,0,0,DYNAMIC_EMPTY_OR_NON_TABULAR_DIRECTORY_REVIEW,False,TRUE,UNKNOWN
https://blog.bit2me.com/es/secciones/portada/page/62/,200,0,0,DYNAMIC_EMPTY_OR_NON_TABULAR_DIRECTORY_REVIEW,False,TRUE,UNKNOWN
https://www.dfsa.ae/what-we-do/dfsa-listing-authority/official-list-of-securities?ccm_paging_p=15&ccm_order_by=cv.cvName&ccm_order_by_direction=asc,200,0,0,DYNAMIC_EMPTY_OR_NON_TABULAR_DIRECTORY_REVIEW,False,TRUE,UNKNOWN
https://blog.bit2me.com/es/secciones/portada/page/7/,200,0,0,DYNAMIC_EMPTY_OR_NON_TABULAR_DIRECTORY_REVIEW,False,TRUE,UNKNOWN
https://www.efama.org/policy/management-companies?page=0%2C0%2C14%2C0,200,0,0,DYNAMIC_EMPTY_OR_NON_TABULAR_DIRECTORY_REVIEW,False,TRUE,UNKNOWN
https://www.efama.org/policy/management-companies?page=0%2C1%2C0%2C0,200,0,0,DYNAMIC_EMPTY_OR_NON_TABULAR_DIRECTORY_REVIEW,False,TRUE,UNKNOWN
https://www.efama.org/policy/management-companies?page=0%2C2%2C0%2C0,200,0,0,DYNAMIC_EMPTY_OR_NON_TABULAR_DIRECTORY_REVIEW,False,TRUE,UNKNOWN
https://www.efama.org/policy/management-companies?page=0%2C3%2C0%2C0,200,0,0,DYNAMIC_EMPTY_OR_NON_TABULAR_DIRECTORY_REVIEW,False,TRUE,UNKNOWN
https://www.efama.org/policy/management-companies?page=0%2C4%2C0%2C0,200,0,0,DYNAMIC_EMPTY_OR_NON_TABULAR_DIRECTORY_REVIEW,False,TRUE,UNKNOWN
https://www.efama.org/policy/management-companies?page=0%2C5%2C0%2C0,200,0,0,DYNAMIC_EMPTY_OR_NON_TABULAR_DIRECTORY_REVIEW,False,TRUE,UNKNOWN
https://www.efama.org/policy/management-companies?page=0%2C6%2C0%2C0,200,0,0,DYNAMIC_EMPTY_OR_NON_TABULAR_DIRECTORY_REVIEW,False,TRUE,UNKNOWN
https://www.efama.org/policy/management-companies?page=0%2C7%2C0%2C0,200,0,0,DYNAMIC_EMPTY_OR_NON_TABULAR_DIRECTORY_REVIEW,False,TRUE,UNKNOWN
https://www.efama.org/policy/management-companies?page=0%2C8%2C0%2C0,200,0,0,DYNAMIC_EMPTY_OR_NON_TABULAR_DIRECTORY_REVIEW,False,TRUE,UNKNOWN
https://www.efama.org/policy/management-companies?page=0%2C14%2C0%2C0,200,0,0,DYNAMIC_EMPTY_OR_NON_TABULAR_DIRECTORY_REVIEW,False,TRUE,UNKNOWN
https://www.efama.org/policy/management-companies?page=0%2C0%2C0%2C1,200,0,0,DYNAMIC_EMPTY_OR_NON_TABULAR_DIRECTORY_REVIEW,False,TRUE,UNKNOWN
https://www.efama.org/policy/management-companies?page=0%2C0%2C0%2C3,200,0,0,DYNAMIC_EMPTY_OR_NON_TABULAR_DIRECTORY_REVIEW,False,TRUE,UNKNOWN
https://www.efama.org/policy/management-companies?page=0%2C0%2C0%2C2,200,0,0,DYNAMIC_EMPTY_OR_NON_TABULAR_DIRECTORY_REVIEW,False,TRUE,UNKNOWN
https://www.efama.org/policy/management-companies?page=0%2C0%2C0%2C5,200,0,0,DYNAMIC_EMPTY_OR_NON_TABULAR_DIRECTORY_REVIEW,False,TRUE,UNKNOWN
https://www.efama.org/policy/management-companies?page=0%2C0%2C0%2C4,200,0,0,DYNAMIC_EMPTY_OR_NON_TABULAR_DIRECTORY_REVIEW,False,TRUE,UNKNOWN
https://www.efama.org/policy/management-companies?page=0%2C0%2C0%2C6,200,0,0,DYNAMIC_EMPTY_OR_NON_TABULAR_DIRECTORY_REVIEW,False,TRUE,UNKNOWN
https://www.efama.org/policy/management-companies?page=0%2C0%2C0%2C7,200,0,0,DYNAMIC_EMPTY_OR_NON_TABULAR_DIRECTORY_REVIEW,False,TRUE,UNKNOWN
https://www.efama.org/policy/management-companies?page=0%2C0%2C0%2C8,200,0,0,DYNAMIC_EMPTY_OR_NON_TABULAR_DIRECTORY_REVIEW,False,TRUE,UNKNOWN
