work_id,source_url,target_url,label,status,review_status
B05:1578,https://www.cbar.az/page-817/cybersecurity-strategy-in-financial-markets,https://uploads.cbar.az/assets/9018b71b0859bc7a490ea0f22.pdf,Maliyyə bazarlarında kibertəhlükəsizlik Strategiyası1.46 MB,OBSERVED_PAGE_LINK_NOT_YET_FETCHED,LINK_OBSERVATION_PAGINATION_NOT_YET_VERIFIED
B05:1564,https://www.cannex.com/index.php/company/news/,https://www.cannex.com/index.php/company/news/,1,OBSERVED_PAGE_LINK_NOT_YET_FETCHED,LINK_OBSERVATION_PAGINATION_NOT_YET_VERIFIED
B05:1564,https://www.cannex.com/index.php/company/news/,https://www.cannex.com/index.php/company/news/page/2/,2,OBSERVED_PAGE_LINK_NOT_YET_FETCHED,LINK_OBSERVATION_PAGINATION_NOT_YET_VERIFIED
B05:1564,https://www.cannex.com/index.php/company/news/,https://www.cannex.com/index.php/company/news/page/3/,3,OBSERVED_PAGE_LINK_NOT_YET_FETCHED,LINK_OBSERVATION_PAGINATION_NOT_YET_VERIFIED
B05:1564,https://www.cannex.com/index.php/company/news/,https://www.cannex.com/index.php/company/news/page/7/,7,OBSERVED_PAGE_LINK_NOT_YET_FETCHED,LINK_OBSERVATION_PAGINATION_NOT_YET_VERIFIED
B05:1564,https://www.cannex.com/index.php/company/news/,https://www.cannex.com/index.php/company/news/page/2/,,OBSERVED_PAGE_LINK_NOT_YET_FETCHED,LINK_OBSERVATION_PAGINATION_NOT_YET_VERIFIED
B05:822,https://progress.market/en/issuer-announcements-31/30,https://eho.zse.hr/en/issuer-announcements/filter/XZAP?tx_issuerpublicationmanager_publicnewslisting%5BcurrentPage%5D=2&cHash=fbc099f74af15ae055b4e16306c15c78,2,OBSERVED_PAGE_LINK_NOT_YET_FETCHED,LINK_OBSERVATION_PAGINATION_NOT_YET_VERIFIED
B05:822,https://progress.market/en/issuer-announcements-31/30,https://eho.zse.hr/en/issuer-announcements/filter/XZAP?tx_issuerpublicationmanager_publicnewslisting%5BcurrentPage%5D=3&cHash=e31ea853601bbbf4521080f512441b38,3,OBSERVED_PAGE_LINK_NOT_YET_FETCHED,LINK_OBSERVATION_PAGINATION_NOT_YET_VERIFIED
B05:822,https://progress.market/en/issuer-announcements-31/30,https://eho.zse.hr/en/issuer-announcements/filter/XZAP?tx_issuerpublicationmanager_publicnewslisting%5BcurrentPage%5D=2&cHash=fbc099f74af15ae055b4e16306c15c78,Next,OBSERVED_PAGE_LINK_NOT_YET_FETCHED,LINK_OBSERVATION_PAGINATION_NOT_YET_VERIFIED
B05:614,https://live.euronext.com/en/equities/family-business,https://live.euronext.com/en/equities/family-business?page=1,2,OBSERVED_PAGE_LINK_NOT_YET_FETCHED,LINK_OBSERVATION_PAGINATION_NOT_YET_VERIFIED
B05:614,https://live.euronext.com/en/equities/family-business,https://live.euronext.com/en/equities/family-business?page=2,3,OBSERVED_PAGE_LINK_NOT_YET_FETCHED,LINK_OBSERVATION_PAGINATION_NOT_YET_VERIFIED
B05:614,https://live.euronext.com/en/equities/family-business,https://live.euronext.com/en/equities/family-business?page=3,4,OBSERVED_PAGE_LINK_NOT_YET_FETCHED,LINK_OBSERVATION_PAGINATION_NOT_YET_VERIFIED
B05:614,https://live.euronext.com/en/equities/family-business,https://live.euronext.com/en/equities/family-business?page=4,5,OBSERVED_PAGE_LINK_NOT_YET_FETCHED,LINK_OBSERVATION_PAGINATION_NOT_YET_VERIFIED
B05:614,https://live.euronext.com/en/equities/family-business,https://live.euronext.com/en/equities/family-business?page=5,6,OBSERVED_PAGE_LINK_NOT_YET_FETCHED,LINK_OBSERVATION_PAGINATION_NOT_YET_VERIFIED
B05:614,https://live.euronext.com/en/equities/family-business,https://live.euronext.com/en/equities/family-business?page=6,7,OBSERVED_PAGE_LINK_NOT_YET_FETCHED,LINK_OBSERVATION_PAGINATION_NOT_YET_VERIFIED
B05:614,https://live.euronext.com/en/equities/family-business,https://live.euronext.com/en/equities/family-business?page=7,8,OBSERVED_PAGE_LINK_NOT_YET_FETCHED,LINK_OBSERVATION_PAGINATION_NOT_YET_VERIFIED
B05:614,https://live.euronext.com/en/equities/family-business,https://live.euronext.com/en/equities/family-business?page=8,9,OBSERVED_PAGE_LINK_NOT_YET_FETCHED,LINK_OBSERVATION_PAGINATION_NOT_YET_VERIFIED
B05:614,https://live.euronext.com/en/equities/family-business,https://live.euronext.com/en/equities/family-business?page=1,›› Next page,OBSERVED_PAGE_LINK_NOT_YET_FETCHED,LINK_OBSERVATION_PAGINATION_NOT_YET_VERIFIED
B05:614,https://live.euronext.com/en/equities/family-business,https://live.euronext.com/en/equities/family-business?page=13,Last » Last page,OBSERVED_PAGE_LINK_NOT_YET_FETCHED,LINK_OBSERVATION_PAGINATION_NOT_YET_VERIFIED
B05:1579,https://www.cbar.az/page-881/guidelines-on-disclosure-of-information-by-issuers,https://uploads.cbar.az/assets/eed4e72e53ac8265c817ceb14.pdf,Emitentlər tərəfindən məlumatların açıqlanmasına dair Təlimat771.07 KB,OBSERVED_PAGE_LINK_NOT_YET_FETCHED,LINK_OBSERVATION_PAGINATION_NOT_YET_VERIFIED
B05:2077,https://www.efama.org/index.php/policy/management-companies/aifmd,https://www.efama.org/policy/management-companies/aifmd?page=0%2C0%2C0%2C0,Current page 1,OBSERVED_PAGE_LINK_NOT_YET_FETCHED,LINK_OBSERVATION_PAGINATION_NOT_YET_VERIFIED
B05:2077,https://www.efama.org/index.php/policy/management-companies/aifmd,https://www.efama.org/policy/management-companies/aifmd?page=0%2C0%2C1%2C0,Page 2,OBSERVED_PAGE_LINK_NOT_YET_FETCHED,LINK_OBSERVATION_PAGINATION_NOT_YET_VERIFIED
B05:2077,https://www.efama.org/index.php/policy/management-companies/aifmd,https://www.efama.org/policy/management-companies/aifmd?page=0%2C0%2C2%2C0,Page 3,OBSERVED_PAGE_LINK_NOT_YET_FETCHED,LINK_OBSERVATION_PAGINATION_NOT_YET_VERIFIED
B05:2077,https://www.efama.org/index.php/policy/management-companies/aifmd,https://www.efama.org/policy/management-companies/aifmd?page=0%2C0%2C3%2C0,Page 4,OBSERVED_PAGE_LINK_NOT_YET_FETCHED,LINK_OBSERVATION_PAGINATION_NOT_YET_VERIFIED
B05:2077,https://www.efama.org/index.php/policy/management-companies/aifmd,https://www.efama.org/policy/management-companies/aifmd?page=0%2C0%2C4%2C0,Page 5,OBSERVED_PAGE_LINK_NOT_YET_FETCHED,LINK_OBSERVATION_PAGINATION_NOT_YET_VERIFIED
B05:2077,https://www.efama.org/index.php/policy/management-companies/aifmd,https://www.efama.org/policy/management-companies/aifmd?page=0%2C0%2C5%2C0,Page 6,OBSERVED_PAGE_LINK_NOT_YET_FETCHED,LINK_OBSERVATION_PAGINATION_NOT_YET_VERIFIED
B05:2077,https://www.efama.org/index.php/policy/management-companies/aifmd,https://www.efama.org/policy/management-companies/aifmd?page=0%2C0%2C6%2C0,Page 7,OBSERVED_PAGE_LINK_NOT_YET_FETCHED,LINK_OBSERVATION_PAGINATION_NOT_YET_VERIFIED
B05:2077,https://www.efama.org/index.php/policy/management-companies/aifmd,https://www.efama.org/policy/management-companies/aifmd?page=0%2C0%2C7%2C0,Page 8,OBSERVED_PAGE_LINK_NOT_YET_FETCHED,LINK_OBSERVATION_PAGINATION_NOT_YET_VERIFIED
B05:2077,https://www.efama.org/index.php/policy/management-companies/aifmd,https://www.efama.org/policy/management-companies/aifmd?page=0%2C0%2C8%2C0,Page 9,OBSERVED_PAGE_LINK_NOT_YET_FETCHED,LINK_OBSERVATION_PAGINATION_NOT_YET_VERIFIED
B05:2077,https://www.efama.org/index.php/policy/management-companies/aifmd,https://www.efama.org/policy/management-companies/aifmd?page=0%2C0%2C1%2C0,Next page ›,OBSERVED_PAGE_LINK_NOT_YET_FETCHED,LINK_OBSERVATION_PAGINATION_NOT_YET_VERIFIED
B05:2077,https://www.efama.org/index.php/policy/management-companies/aifmd,https://www.efama.org/policy/management-companies/aifmd?page=0%2C0%2C8%2C0,Last page »,OBSERVED_PAGE_LINK_NOT_YET_FETCHED,LINK_OBSERVATION_PAGINATION_NOT_YET_VERIFIED
B05:2077,https://www.efama.org/index.php/policy/management-companies/aifmd,https://www.efama.org/policy/management-companies/aifmd?page=0%2C0%2C0%2C0,Current page 1,OBSERVED_PAGE_LINK_NOT_YET_FETCHED,LINK_OBSERVATION_PAGINATION_NOT_YET_VERIFIED
B05:2077,https://www.efama.org/index.php/policy/management-companies/aifmd,https://www.efama.org/policy/management-companies/aifmd?page=0%2C1%2C0%2C0,Page 2,OBSERVED_PAGE_LINK_NOT_YET_FETCHED,LINK_OBSERVATION_PAGINATION_NOT_YET_VERIFIED
B05:2077,https://www.efama.org/index.php/policy/management-companies/aifmd,https://www.efama.org/policy/management-companies/aifmd?page=0%2C2%2C0%2C0,Page 3,OBSERVED_PAGE_LINK_NOT_YET_FETCHED,LINK_OBSERVATION_PAGINATION_NOT_YET_VERIFIED
B05:2077,https://www.efama.org/index.php/policy/management-companies/aifmd,https://www.efama.org/policy/management-companies/aifmd?page=0%2C3%2C0%2C0,Page 4,OBSERVED_PAGE_LINK_NOT_YET_FETCHED,LINK_OBSERVATION_PAGINATION_NOT_YET_VERIFIED
B05:2077,https://www.efama.org/index.php/policy/management-companies/aifmd,https://www.efama.org/policy/management-companies/aifmd?page=0%2C4%2C0%2C0,Page 5,OBSERVED_PAGE_LINK_NOT_YET_FETCHED,LINK_OBSERVATION_PAGINATION_NOT_YET_VERIFIED
B05:2077,https://www.efama.org/index.php/policy/management-companies/aifmd,https://www.efama.org/policy/management-companies/aifmd?page=0%2C5%2C0%2C0,Page 6,OBSERVED_PAGE_LINK_NOT_YET_FETCHED,LINK_OBSERVATION_PAGINATION_NOT_YET_VERIFIED
B05:2077,https://www.efama.org/index.php/policy/management-companies/aifmd,https://www.efama.org/policy/management-companies/aifmd?page=0%2C6%2C0%2C0,Page 7,OBSERVED_PAGE_LINK_NOT_YET_FETCHED,LINK_OBSERVATION_PAGINATION_NOT_YET_VERIFIED
B05:2077,https://www.efama.org/index.php/policy/management-companies/aifmd,https://www.efama.org/policy/management-companies/aifmd?page=0%2C7%2C0%2C0,Page 8,OBSERVED_PAGE_LINK_NOT_YET_FETCHED,LINK_OBSERVATION_PAGINATION_NOT_YET_VERIFIED
B05:2077,https://www.efama.org/index.php/policy/management-companies/aifmd,https://www.efama.org/policy/management-companies/aifmd?page=0%2C8%2C0%2C0,Page 9,OBSERVED_PAGE_LINK_NOT_YET_FETCHED,LINK_OBSERVATION_PAGINATION_NOT_YET_VERIFIED
B05:2077,https://www.efama.org/index.php/policy/management-companies/aifmd,https://www.efama.org/policy/management-companies/aifmd?page=0%2C1%2C0%2C0,Next page ›,OBSERVED_PAGE_LINK_NOT_YET_FETCHED,LINK_OBSERVATION_PAGINATION_NOT_YET_VERIFIED
B05:2077,https://www.efama.org/index.php/policy/management-companies/aifmd,https://www.efama.org/policy/management-companies/aifmd?page=0%2C13%2C0%2C0,Last page »,OBSERVED_PAGE_LINK_NOT_YET_FETCHED,LINK_OBSERVATION_PAGINATION_NOT_YET_VERIFIED
B05:2077,https://www.efama.org/index.php/policy/management-companies/aifmd,https://www.efama.org/policy/management-companies/aifmd?page=0%2C0%2C0%2C0,Current page 1,OBSERVED_PAGE_LINK_NOT_YET_FETCHED,LINK_OBSERVATION_PAGINATION_NOT_YET_VERIFIED
B05:2077,https://www.efama.org/index.php/policy/management-companies/aifmd,https://www.efama.org/policy/management-companies/aifmd?page=0%2C0%2C0%2C1,Page 2,OBSERVED_PAGE_LINK_NOT_YET_FETCHED,LINK_OBSERVATION_PAGINATION_NOT_YET_VERIFIED
B05:2077,https://www.efama.org/index.php/policy/management-companies/aifmd,https://www.efama.org/policy/management-companies/aifmd?page=0%2C0%2C0%2C1,Next page ›,OBSERVED_PAGE_LINK_NOT_YET_FETCHED,LINK_OBSERVATION_PAGINATION_NOT_YET_VERIFIED
B05:2077,https://www.efama.org/index.php/policy/management-companies/aifmd,https://www.efama.org/policy/management-companies/aifmd?page=0%2C0%2C0%2C1,Last page »,OBSERVED_PAGE_LINK_NOT_YET_FETCHED,LINK_OBSERVATION_PAGINATION_NOT_YET_VERIFIED
B05:1250,https://www.bdcb.gov.bn/regulatory/list-of-bdcb-licensees,https://www.bdcb.gov.bn/regulatory/list-of-bdcb-licensees,,OBSERVED_PAGE_LINK_NOT_YET_FETCHED,LINK_OBSERVATION_PAGINATION_NOT_YET_VERIFIED
B05:1250,https://www.bdcb.gov.bn/regulatory/list-of-bdcb-licensees,https://www.bdcb.gov.bn/regulatory/list-of-bdcb-licensees,1,OBSERVED_PAGE_LINK_NOT_YET_FETCHED,LINK_OBSERVATION_PAGINATION_NOT_YET_VERIFIED
B05:1250,https://www.bdcb.gov.bn/regulatory/list-of-bdcb-licensees,https://www.bdcb.gov.bn/regulatory/list-of-bdcb-licensees?page=2,2,OBSERVED_PAGE_LINK_NOT_YET_FETCHED,LINK_OBSERVATION_PAGINATION_NOT_YET_VERIFIED
B05:1250,https://www.bdcb.gov.bn/regulatory/list-of-bdcb-licensees,https://www.bdcb.gov.bn/regulatory/list-of-bdcb-licensees?page=3,3,OBSERVED_PAGE_LINK_NOT_YET_FETCHED,LINK_OBSERVATION_PAGINATION_NOT_YET_VERIFIED
B05:1250,https://www.bdcb.gov.bn/regulatory/list-of-bdcb-licensees,https://www.bdcb.gov.bn/regulatory/list-of-bdcb-licensees?page=4,4,OBSERVED_PAGE_LINK_NOT_YET_FETCHED,LINK_OBSERVATION_PAGINATION_NOT_YET_VERIFIED
B05:1250,https://www.bdcb.gov.bn/regulatory/list-of-bdcb-licensees,https://www.bdcb.gov.bn/regulatory/list-of-bdcb-licensees,...,OBSERVED_PAGE_LINK_NOT_YET_FETCHED,LINK_OBSERVATION_PAGINATION_NOT_YET_VERIFIED
B05:1250,https://www.bdcb.gov.bn/regulatory/list-of-bdcb-licensees,https://www.bdcb.gov.bn/regulatory/list-of-bdcb-licensees?page=109,109,OBSERVED_PAGE_LINK_NOT_YET_FETCHED,LINK_OBSERVATION_PAGINATION_NOT_YET_VERIFIED
B05:1250,https://www.bdcb.gov.bn/regulatory/list-of-bdcb-licensees,https://www.bdcb.gov.bn/regulatory/list-of-bdcb-licensees?page=110,110,OBSERVED_PAGE_LINK_NOT_YET_FETCHED,LINK_OBSERVATION_PAGINATION_NOT_YET_VERIFIED
B05:1250,https://www.bdcb.gov.bn/regulatory/list-of-bdcb-licensees,https://www.bdcb.gov.bn/regulatory/list-of-bdcb-licensees?page=2,,OBSERVED_PAGE_LINK_NOT_YET_FETCHED,LINK_OBSERVATION_PAGINATION_NOT_YET_VERIFIED
