source_industry_group,directory_rows
Automobiles & Components,10
Banks,12
Capital Goods,74
Class Pend,21
Commercial & Professional Services,43
Consumer Discretionary Distribution & Retail,39
Consumer Durables & Apparel,14
Consumer Services,39
Consumer Staples Distribution & Retail,5
Energy,115
Equity Real Estate Investment Trusts (REITs),36
Financial Services,90
"Food, Beverage & Tobacco",33
Health Care Equipment & Services,76
Household & Personal Products,10
Insurance,10
Materials,701
Media & Entertainment,34
Not Applic,285
"Pharmaceuticals, Biotechnology & Life Sciences",78
Real Estate Management & Development,22
Semiconductors & Semiconductor Equipment,4
Software & Services,98
Technology Hardware & Equipment,22
Telecommunication Services,12
Transportation,21
Utilities,19
