source_url,table,row,name,symbol,role,fields_json,raw_source_rows_json,evidence
https://informinvestor.cmda.gov.mv/issuers/ooredoo-maldives,1,2,Wataniya International FZ-LLC,,DIRECTORY_RECORD_REVIEW,"{""Name"": ""Wataniya International FZ-LLC"", ""Share %"": ""90.50 %""}","[{""work_id"": ""B05:476"", ""source_url"": ""https://informinvestor.cmda.gov.mv/issuers/ooredoo-maldives"", ""table"": ""1"", ""row"": ""2"", ""headers_json"": ""[\""Name\"", \""Share %\""]"", ""cells_json"": ""[\""Wataniya International FZ-LLC\"", \""90.50 %\""]"", ""row_links_json"": ""[]"", ""content_sha256"": ""32391e3d83b2911d790b5afd94566d9684a390fe1fd7bf1208c565bb95214cc3"", ""semantic_status"": ""SOURCE_TABLE_ROW_NOT_AUTOMATICALLY_ENTITY""}]",SOURCE_TABLE_RECORD_NOT_GLOBAL_OR_UNIQUE_COMPANY_VERIFICATION
https://informinvestor.cmda.gov.mv/issuers/ooredoo-maldives,1,3,Maldives Pension Administration Office,,DIRECTORY_RECORD_REVIEW,"{""Name"": ""Maldives Pension Administration Office"", ""Share %"": ""5.64 %""}","[{""work_id"": ""B05:476"", ""source_url"": ""https://informinvestor.cmda.gov.mv/issuers/ooredoo-maldives"", ""table"": ""1"", ""row"": ""3"", ""headers_json"": ""[\""Name\"", \""Share %\""]"", ""cells_json"": ""[\""Maldives Pension Administration Office\"", \""5.64 %\""]"", ""row_links_json"": ""[]"", ""content_sha256"": ""32391e3d83b2911d790b5afd94566d9684a390fe1fd7bf1208c565bb95214cc3"", ""semantic_status"": ""SOURCE_TABLE_ROW_NOT_AUTOMATICALLY_ENTITY""}]",SOURCE_TABLE_RECORD_NOT_GLOBAL_OR_UNIQUE_COMPANY_VERIFICATION
https://informinvestor.cmda.gov.mv/issuers/ooredoo-maldives,1,4,Other Shareholders,,DIRECTORY_RECORD_REVIEW,"{""Name"": ""Other Shareholders"", ""Share %"": ""3.86 %""}","[{""work_id"": ""B05:476"", ""source_url"": ""https://informinvestor.cmda.gov.mv/issuers/ooredoo-maldives"", ""table"": ""1"", ""row"": ""4"", ""headers_json"": ""[\""Name\"", \""Share %\""]"", ""cells_json"": ""[\""Other Shareholders\"", \""3.86 %\""]"", ""row_links_json"": ""[]"", ""content_sha256"": ""32391e3d83b2911d790b5afd94566d9684a390fe1fd7bf1208c565bb95214cc3"", ""semantic_status"": ""SOURCE_TABLE_ROW_NOT_AUTOMATICALLY_ENTITY""}]",SOURCE_TABLE_RECORD_NOT_GLOBAL_OR_UNIQUE_COMPANY_VERIFICATION
https://cmda.gov.mv/en/staff-directory?category=36,1,2,Fathimath Abdulla Kamaaluddeen,,DIRECTORY_RECORD_REVIEW,"{""Name"": ""Fathimath Abdulla Kamaaluddeen"", ""Designation"": ""Deputy Chief Executive Officer"", ""Email Address"": ""[email protected]""}","[{""work_id"": ""B05:310"", ""source_url"": ""https://cmda.gov.mv/en/staff-directory?category=36"", ""table"": ""1"", ""row"": ""2"", ""headers_json"": ""[\""Name\"", \""Designation\"", \""Email Address\""]"", ""cells_json"": ""[\""Fathimath Abdulla Kamaaluddeen\"", \""Deputy Chief Executive Officer\"", \""[email protected]\""]"", ""row_links_json"": ""[\""https://cmda.gov.mv/cdn-cgi/l/email-protection#cea8e0a5afa3afa2bbaaababa08eada3aaafe0a9a1b8e0a3b8\""]"", ""content_sha256"": ""34140370f3380ba6bda744c1d8982bfbc1c9c55be2a2f0f9aae8bb49f36743a4"", ""semantic_status"": ""SOURCE_TABLE_ROW_NOT_AUTOMATICALLY_ENTITY""}]",SOURCE_TABLE_RECORD_NOT_GLOBAL_OR_UNIQUE_COMPANY_VERIFICATION
https://cmda.gov.mv/en/staff-directory?category=36,1,3,Ibrahim Saleem,,DIRECTORY_RECORD_REVIEW,"{""Name"": ""Ibrahim Saleem"", ""Designation"": ""Director General, Corporate Services"", ""Email Address"": ""[email protected]""}","[{""work_id"": ""B05:310"", ""source_url"": ""https://cmda.gov.mv/en/staff-directory?category=36"", ""table"": ""1"", ""row"": ""3"", ""headers_json"": ""[\""Name\"", \""Designation\"", \""Email Address\""]"", ""cells_json"": ""[\""Ibrahim Saleem\"", \""Director General, Corporate Services\"", \""[email protected]\""]"", ""row_links_json"": ""[\""https://cmda.gov.mv/cdn-cgi/l/email-protection#d6a5b7bab3b3bb96b5bbb2b7f8b1b9a0f8bba0\""]"", ""content_sha256"": ""34140370f3380ba6bda744c1d8982bfbc1c9c55be2a2f0f9aae8bb49f36743a4"", ""semantic_status"": ""SOURCE_TABLE_ROW_NOT_AUTOMATICALLY_ENTITY""}]",SOURCE_TABLE_RECORD_NOT_GLOBAL_OR_UNIQUE_COMPANY_VERIFICATION
https://cmda.gov.mv/en/staff-directory?category=36,1,4,Aminath Mohamed Didi,,DIRECTORY_RECORD_REVIEW,"{""Name"": ""Aminath Mohamed Didi"", ""Designation"": ""Director General, Market Regulation and Enforcement Department"", ""Email Address"": ""[email protected]""}","[{""work_id"": ""B05:310"", ""source_url"": ""https://cmda.gov.mv/en/staff-directory?category=36"", ""table"": ""1"", ""row"": ""4"", ""headers_json"": ""[\""Name\"", \""Designation\"", \""Email Address\""]"", ""cells_json"": ""[\""Aminath Mohamed Didi\"", \""Director General, Market Regulation and Enforcement Department\"", \""[email protected]\""]"", ""row_links_json"": ""[\""https://cmda.gov.mv/cdn-cgi/l/email-protection#d6b7bfb8a2be96b5bbb2b7f8b1b9a0f8bba0\""]"", ""content_sha256"": ""34140370f3380ba6bda744c1d8982bfbc1c9c55be2a2f0f9aae8bb49f36743a4"", ""semantic_status"": ""SOURCE_TABLE_ROW_NOT_AUTOMATICALLY_ENTITY""}]",SOURCE_TABLE_RECORD_NOT_GLOBAL_OR_UNIQUE_COMPANY_VERIFICATION
https://cmda.gov.mv/en/staff-directory?category=36,1,5,Muznee Mohamed,,DIRECTORY_RECORD_REVIEW,"{""Name"": ""Muznee Mohamed"", ""Designation"": ""Director General, Education and Training Department"", ""Email Address"": ""[email protected]""}","[{""work_id"": ""B05:310"", ""source_url"": ""https://cmda.gov.mv/en/staff-directory?category=36"", ""table"": ""1"", ""row"": ""5"", ""headers_json"": ""[\""Name\"", \""Designation\"", \""Email Address\""]"", ""cells_json"": ""[\""Muznee Mohamed\"", \""Director General, Education and Training Department\"", \""[email protected]\""]"", ""row_links_json"": ""[\""https://cmda.gov.mv/cdn-cgi/l/email-protection#422f37382c272702212f26236c252d346c2f34\""]"", ""content_sha256"": ""34140370f3380ba6bda744c1d8982bfbc1c9c55be2a2f0f9aae8bb49f36743a4"", ""semantic_status"": ""SOURCE_TABLE_ROW_NOT_AUTOMATICALLY_ENTITY""}]",SOURCE_TABLE_RECORD_NOT_GLOBAL_OR_UNIQUE_COMPANY_VERIFICATION
https://cmda.gov.mv/en/staff-directory?category=36,1,6,Abdullah Zakariyya,,DIRECTORY_RECORD_REVIEW,"{""Name"": ""Abdullah Zakariyya"", ""Designation"": ""Director General , Pension Supervision Department"", ""Email Address"": ""[email protected]""}","[{""work_id"": ""B05:310"", ""source_url"": ""https://cmda.gov.mv/en/staff-directory?category=36"", ""table"": ""1"", ""row"": ""6"", ""headers_json"": ""[\""Name\"", \""Designation\"", \""Email Address\""]"", ""cells_json"": ""[\""Abdullah Zakariyya\"", \""Director General , Pension Supervision Department\"", \""[email protected]\""]"", ""row_links_json"": ""[\""https://cmda.gov.mv/cdn-cgi/l/email-protection#e9888b8d9c85858881c7938882889b80909088a98a848d88c78e869fc7849f\""]"", ""content_sha256"": ""34140370f3380ba6bda744c1d8982bfbc1c9c55be2a2f0f9aae8bb49f36743a4"", ""semantic_status"": ""SOURCE_TABLE_ROW_NOT_AUTOMATICALLY_ENTITY""}]",SOURCE_TABLE_RECORD_NOT_GLOBAL_OR_UNIQUE_COMPANY_VERIFICATION
https://cmda.gov.mv/en/staff-directory?category=36,1,7,Hussain Nazeer,,DIRECTORY_RECORD_REVIEW,"{""Name"": ""Hussain Nazeer"", ""Designation"": ""Legal Counsel/Director General, Legal Department"", ""Email Address"": ""[email protected]""}","[{""work_id"": ""B05:310"", ""source_url"": ""https://cmda.gov.mv/en/staff-directory?category=36"", ""table"": ""1"", ""row"": ""7"", ""headers_json"": ""[\""Name\"", \""Designation\"", \""Email Address\""]"", ""cells_json"": ""[\""Hussain Nazeer\"", \""Legal Counsel/Director General, Legal Department\"", \""[email protected]\""]"", ""row_links_json"": ""[\""https://cmda.gov.mv/cdn-cgi/l/email-protection#0b637e78786a626525656a716e6e794b68666f6a256c647d25667d\""]"", ""content_sha256"": ""34140370f3380ba6bda744c1d8982bfbc1c9c55be2a2f0f9aae8bb49f36743a4"", ""semantic_status"": ""SOURCE_TABLE_ROW_NOT_AUTOMATICALLY_ENTITY""}]",SOURCE_TABLE_RECORD_NOT_GLOBAL_OR_UNIQUE_COMPANY_VERIFICATION
https://www.aixkz.com/en/pages/defaulted-securities,1,2,NEF Qazaqstan LLP,,DIRECTORY_RECORD_REVIEW,"{""ISIN"": ""KZX000001185"", ""Ticker"": ""NEF.1123"", ""Issuer"": ""NEF Qazaqstan LLP"", ""Instrument type"": ""Bond"", ""Admission type"": ""Public"", ""Default type (coupon / principal)"": ""Principal KZT 4,022,315,000 and the last coupon KZT 402,231,500"", ""Initial Due Date"": ""23-30 Nov 2023"", ""Key events and disclosures"": ""Issuer's Announcement dd 30.11.23 on deferred repayment by 21 December 2023 with accrued penalty interest; Guarantor's confirmation dd 12.12.23. Issuer's and Guarantor's Announcement dd 21.12.23 on prolongation of the repayment period until 30 April 2024; Issuer's delivery of coupon in full to AIX CSD on 30.01.24; Issuer's delivery of partial principal payment on 29.03.2024; The AIFC Court judgement dated 10.04.2024."", ""Final status"": ""Delisted upon maturity on 23.11.2023. Payments were made to investors.""}","[{""work_id"": ""B05:1027"", ""source_url"": ""https://www.aixkz.com/en/pages/defaulted-securities"", ""table"": ""1"", ""row"": ""2"", ""headers_json"": ""[\""ISIN\"", \""Ticker\"", \""Issuer\"", \""Instrument type\"", \""Admission type\"", \""Default type (coupon / principal)\"", \""Initial Due Date\"", \""Key events and disclosures\"", \""Final status\""]"", ""cells_json"": ""[\""KZX000001185\"", \""NEF.1123\"", \""NEF Qazaqstan LLP\"", \""Bond\"", \""Public\"", \""Principal KZT 4,022,315,000 and the last coupon KZT 402,231,500\"", \""23-30 Nov 2023\"", \""Issuer's Announcement dd 30.11.23 on deferred repayment by 21 December 2023 with accrued penalty interest; Guarantor's confirmation dd 12.12.23. Issuer's and Guarantor's Announcement dd 21.12.23 on prolongation of the repayment period until 30 April 2024; Issuer's delivery of coupon in full to AIX CSD on 30.01.24; Issuer's delivery of partial principal payment on 29.03.2024; The AIFC Court judgement dated 10.04.2024.\"", \""Delisted upon maturity on 23.11.2023. Payments were made to investors.\""]"", ""row_links_json"": ""[\""https://k4txdyb.onk2.com/Runtime/Runtime/Form/MRA.Disclosure+Document+Display+Form?documentid=1ed2582d-17c1-41c1-a5ab-37a968b722fa\"", \""https://k4txdyb.onk2.com/Runtime/Runtime/Form/MRA.Disclosure+Document+Display+Form?documentid=a076094a-3d97-4ef1-bafe-b014cd17e7bd\"", \""https://k4txdyb.onk2.com/Runtime/Runtime/Form/MRA.Disclosure+Document+Display+Form?documentid=d03523be-343b-4f9b-a97f-82ae1ed6d173\"", \""https://court.aifc.kz/uploads/AIFC%20Court%20and%20IAC/AIFC%20Court%20Case%20No.%205%20of%202024%20-%20Judgment%20and%20Order.pdf\""]"", ""content_sha256"": ""f4addf86effefd2b569ad8913a2c36b7db44b119659dc5c1550ae6169693330d"", ""semantic_status"": ""SOURCE_TABLE_ROW_NOT_AUTOMATICALLY_ENTITY""}]",SOURCE_TABLE_RECORD_NOT_GLOBAL_OR_UNIQUE_COMPANY_VERIFICATION
https://www.aixkz.com/en/pages/defaulted-securities,1,3,NEF Qazaqstan LLP,,DIRECTORY_RECORD_REVIEW,"{""ISIN"": ""KZX000001805"", ""Ticker"": ""NEF.1125"", ""Issuer"": ""NEF Qazaqstan LLP"", ""Instrument type"": ""Bond"", ""Admission type"": ""Public"", ""Default type (coupon / principal)"": ""First and second coupon (31,030 USD per missed coupon payment)"", ""Initial Due Date"": ""20 May – 4 June 2024"", ""Key events and disclosures"": ""The AIX market notice on suspension of trading. The AIFC Court judgements dated 29 August 2024 and 23 October 2024."", ""Final status"": ""Delisted upon maturity on 20.11.2025. Payments were made to investors.""}","[{""work_id"": ""B05:1027"", ""source_url"": ""https://www.aixkz.com/en/pages/defaulted-securities"", ""table"": ""1"", ""row"": ""3"", ""headers_json"": ""[\""ISIN\"", \""Ticker\"", \""Issuer\"", \""Instrument type\"", \""Admission type\"", \""Default type (coupon / principal)\"", \""Initial Due Date\"", \""Key events and disclosures\"", \""Final status\""]"", ""cells_json"": ""[\""KZX000001805\"", \""NEF.1125\"", \""NEF Qazaqstan LLP\"", \""Bond\"", \""Public\"", \""First and second coupon (31,030 USD per missed coupon payment)\"", \""20 May – 4 June 2024\"", \""The AIX market notice on suspension of trading. The AIFC Court judgements dated 29 August 2024 and 23 October 2024.\"", \""Delisted upon maturity on 20.11.2025. Payments were made to investors.\""]"", ""row_links_json"": ""[\""https://k4txdyb.onk2.com/Runtime/Runtime/Form/MRA.Market+Notice+Document+Display+Form?documentid=11372e5b-3810-46b6-a09b-4d8d262a39d4\"", \""https://court.aifc.kz/uploads/AIFC%20Court%20and%20IAC/AIFC%20Court%20Case%20No.%2016%20of%202024%20-%20Judgment%20on%20Admission_ENG_.pdf\"", \""https://court.aifc.kz/uploads/AIFC%20Court%20Case%20No.%2021%20of%202024%20-%20Judgment_ENG_.pdf\""]"", ""content_sha256"": ""f4addf86effefd2b569ad8913a2c36b7db44b119659dc5c1550ae6169693330d"", ""semantic_status"": ""SOURCE_TABLE_ROW_NOT_AUTOMATICALLY_ENTITY""}]",SOURCE_TABLE_RECORD_NOT_GLOBAL_OR_UNIQUE_COMPANY_VERIFICATION
https://cmda.gov.mv/en/staff-directory?category=37,1,2,Fathimath Abdulla Kamaaluddeen,,DIRECTORY_RECORD_REVIEW,"{""Name"": ""Fathimath Abdulla Kamaaluddeen"", ""Designation"": ""Deputy Chief Executive Officer"", ""Email Address"": ""[email protected]""}","[{""work_id"": ""B05:311"", ""source_url"": ""https://cmda.gov.mv/en/staff-directory?category=37"", ""table"": ""1"", ""row"": ""2"", ""headers_json"": ""[\""Name\"", \""Designation\"", \""Email Address\""]"", ""cells_json"": ""[\""Fathimath Abdulla Kamaaluddeen\"", \""Deputy Chief Executive Officer\"", \""[email protected]\""]"", ""row_links_json"": ""[\""https://cmda.gov.mv/cdn-cgi/l/email-protection#3d5b13565c505c5148595858537d5e50595c135a524b13504b\""]"", ""content_sha256"": ""5a09932f08ddb6c76981710c2f157f273cfacbb35f1256a612cde6242a124a67"", ""semantic_status"": ""SOURCE_TABLE_ROW_NOT_AUTOMATICALLY_ENTITY""}]",SOURCE_TABLE_RECORD_NOT_GLOBAL_OR_UNIQUE_COMPANY_VERIFICATION
https://cmda.gov.mv/en/staff-directory?category=37,1,3,Ibrahim Saleem,,DIRECTORY_RECORD_REVIEW,"{""Name"": ""Ibrahim Saleem"", ""Designation"": ""Director General, Corporate Services"", ""Email Address"": ""[email protected]""}","[{""work_id"": ""B05:311"", ""source_url"": ""https://cmda.gov.mv/en/staff-directory?category=37"", ""table"": ""1"", ""row"": ""3"", ""headers_json"": ""[\""Name\"", \""Designation\"", \""Email Address\""]"", ""cells_json"": ""[\""Ibrahim Saleem\"", \""Director General, Corporate Services\"", \""[email protected]\""]"", ""row_links_json"": ""[\""https://cmda.gov.mv/cdn-cgi/l/email-protection#bfccded3dadad2ffdcd2dbde91d8d0c991d2c9\""]"", ""content_sha256"": ""5a09932f08ddb6c76981710c2f157f273cfacbb35f1256a612cde6242a124a67"", ""semantic_status"": ""SOURCE_TABLE_ROW_NOT_AUTOMATICALLY_ENTITY""}]",SOURCE_TABLE_RECORD_NOT_GLOBAL_OR_UNIQUE_COMPANY_VERIFICATION
https://cmda.gov.mv/en/staff-directory?category=37,1,4,Aminath Mohamed Didi,,DIRECTORY_RECORD_REVIEW,"{""Name"": ""Aminath Mohamed Didi"", ""Designation"": ""Director General, Market Regulation and Enforcement Department"", ""Email Address"": ""[email protected]""}","[{""work_id"": ""B05:311"", ""source_url"": ""https://cmda.gov.mv/en/staff-directory?category=37"", ""table"": ""1"", ""row"": ""4"", ""headers_json"": ""[\""Name\"", \""Designation\"", \""Email Address\""]"", ""cells_json"": ""[\""Aminath Mohamed Didi\"", \""Director General, Market Regulation and Enforcement Department\"", \""[email protected]\""]"", ""row_links_json"": ""[\""https://cmda.gov.mv/cdn-cgi/l/email-protection#482921263c20082b252c29662f273e66253e\""]"", ""content_sha256"": ""5a09932f08ddb6c76981710c2f157f273cfacbb35f1256a612cde6242a124a67"", ""semantic_status"": ""SOURCE_TABLE_ROW_NOT_AUTOMATICALLY_ENTITY""}]",SOURCE_TABLE_RECORD_NOT_GLOBAL_OR_UNIQUE_COMPANY_VERIFICATION
https://cmda.gov.mv/en/staff-directory?category=37,1,5,Muznee Mohamed,,DIRECTORY_RECORD_REVIEW,"{""Name"": ""Muznee Mohamed"", ""Designation"": ""Director General, Education and Training Department"", ""Email Address"": ""[email protected]""}","[{""work_id"": ""B05:311"", ""source_url"": ""https://cmda.gov.mv/en/staff-directory?category=37"", ""table"": ""1"", ""row"": ""5"", ""headers_json"": ""[\""Name\"", \""Designation\"", \""Email Address\""]"", ""cells_json"": ""[\""Muznee Mohamed\"", \""Director General, Education and Training Department\"", \""[email protected]\""]"", ""row_links_json"": ""[\""https://cmda.gov.mv/cdn-cgi/l/email-protection#573a222d39323217343a333679303821793a21\""]"", ""content_sha256"": ""5a09932f08ddb6c76981710c2f157f273cfacbb35f1256a612cde6242a124a67"", ""semantic_status"": ""SOURCE_TABLE_ROW_NOT_AUTOMATICALLY_ENTITY""}]",SOURCE_TABLE_RECORD_NOT_GLOBAL_OR_UNIQUE_COMPANY_VERIFICATION
https://cmda.gov.mv/en/staff-directory?category=37,1,6,Abdullah Zakariyya,,DIRECTORY_RECORD_REVIEW,"{""Name"": ""Abdullah Zakariyya"", ""Designation"": ""Director General , Pension Supervision Department"", ""Email Address"": ""[email protected]""}","[{""work_id"": ""B05:311"", ""source_url"": ""https://cmda.gov.mv/en/staff-directory?category=37"", ""table"": ""1"", ""row"": ""6"", ""headers_json"": ""[\""Name\"", \""Designation\"", \""Email Address\""]"", ""cells_json"": ""[\""Abdullah Zakariyya\"", \""Director General , Pension Supervision Department\"", \""[email protected]\""]"", ""row_links_json"": ""[\""https://cmda.gov.mv/cdn-cgi/l/email-protection#1f7e7d7b6a73737e7731657e747e6d7666667e5f7c727b7e31787069317269\""]"", ""content_sha256"": ""5a09932f08ddb6c76981710c2f157f273cfacbb35f1256a612cde6242a124a67"", ""semantic_status"": ""SOURCE_TABLE_ROW_NOT_AUTOMATICALLY_ENTITY""}]",SOURCE_TABLE_RECORD_NOT_GLOBAL_OR_UNIQUE_COMPANY_VERIFICATION
https://cmda.gov.mv/en/staff-directory?category=37,1,7,Hussain Nazeer,,DIRECTORY_RECORD_REVIEW,"{""Name"": ""Hussain Nazeer"", ""Designation"": ""Legal Counsel/Director General, Legal Department"", ""Email Address"": ""[email protected]""}","[{""work_id"": ""B05:311"", ""source_url"": ""https://cmda.gov.mv/en/staff-directory?category=37"", ""table"": ""1"", ""row"": ""7"", ""headers_json"": ""[\""Name\"", \""Designation\"", \""Email Address\""]"", ""cells_json"": ""[\""Hussain Nazeer\"", \""Legal Counsel/Director General, Legal Department\"", \""[email protected]\""]"", ""row_links_json"": ""[\""https://cmda.gov.mv/cdn-cgi/l/email-protection#93fbe6e0e0f2fafdbdfdf2e9f6f6e1d3f0fef7f2bdf4fce5bdfee5\""]"", ""content_sha256"": ""5a09932f08ddb6c76981710c2f157f273cfacbb35f1256a612cde6242a124a67"", ""semantic_status"": ""SOURCE_TABLE_ROW_NOT_AUTOMATICALLY_ENTITY""}]",SOURCE_TABLE_RECORD_NOT_GLOBAL_OR_UNIQUE_COMPANY_VERIFICATION
https://informinvestor.cmda.gov.mv/issuers/state-trading-organization,1,2,Government of the Republic of Maldives,,DIRECTORY_RECORD_REVIEW,"{""Name"": ""Government of the Republic of Maldives"", ""Share %"": ""81.62 %""}","[{""work_id"": ""B05:477"", ""source_url"": ""https://informinvestor.cmda.gov.mv/issuers/state-trading-organization"", ""table"": ""1"", ""row"": ""2"", ""headers_json"": ""[\""Name\"", \""Share %\""]"", ""cells_json"": ""[\""Government of the Republic of Maldives\"", \""81.62 %\""]"", ""row_links_json"": ""[]"", ""content_sha256"": ""cab4a100b26c4dd6414799c152689fabda8916b41edd85d3346aa67f4cef8413"", ""semantic_status"": ""SOURCE_TABLE_ROW_NOT_AUTOMATICALLY_ENTITY""}]",SOURCE_TABLE_RECORD_NOT_GLOBAL_OR_UNIQUE_COMPANY_VERIFICATION
https://informinvestor.cmda.gov.mv/issuers/state-trading-organization,1,3,Public Shareholders,,DIRECTORY_RECORD_REVIEW,"{""Name"": ""Public Shareholders"", ""Share %"": ""18.38 %""}","[{""work_id"": ""B05:477"", ""source_url"": ""https://informinvestor.cmda.gov.mv/issuers/state-trading-organization"", ""table"": ""1"", ""row"": ""3"", ""headers_json"": ""[\""Name\"", \""Share %\""]"", ""cells_json"": ""[\""Public Shareholders\"", \""18.38 %\""]"", ""row_links_json"": ""[]"", ""content_sha256"": ""cab4a100b26c4dd6414799c152689fabda8916b41edd85d3346aa67f4cef8413"", ""semantic_status"": ""SOURCE_TABLE_ROW_NOT_AUTOMATICALLY_ENTITY""}]",SOURCE_TABLE_RECORD_NOT_GLOBAL_OR_UNIQUE_COMPANY_VERIFICATION
https://www.bsx.com/become-a-trading-member,1,2,A Trading Member which executes transactions on behalf of clients only (i.e. on an agency basis).,,MEMBER_OR_PARTICIPANT_SOURCE_RECORD,"{""Broker"": ""A Trading Member which executes transactions on behalf of clients only (i.e. on an agency basis)."", ""Broker/Dealer"": ""A Trading Member which executes transactions on behalf of itself (as principal) and its clients."", ""Market Maker"": ""A Trading Member which executes transactions on behalf of itself and its clients and provides market making services in selected securities.""}","[{""work_id"": ""B05:1518"", ""source_url"": ""https://www.bsx.com/become-a-trading-member"", ""table"": ""1"", ""row"": ""2"", ""headers_json"": ""[]"", ""cells_json"": ""[\""A Trading Member which executes transactions on behalf of clients only (i.e. on an agency basis).\"", \""A Trading Member which executes transactions on behalf of itself (as principal) and its clients.\"", \""A Trading Member which executes transactions on behalf of itself and its clients and provides market making services in selected securities.\""]"", ""row_links_json"": ""[]"", ""content_sha256"": ""40db2cee9b2db79ac5c987bc4a45efc7bb0b7bb4fb172d789df8047bd6e41420"", ""semantic_status"": ""SOURCE_TABLE_ROW_NOT_AUTOMATICALLY_ENTITY""}]",SOURCE_TABLE_RECORD_NOT_GLOBAL_OR_UNIQUE_COMPANY_VERIFICATION
https://progress.market/en/list-of-issuers-179/178,1,2,"Bc Institut za oplemenjivanje i proizvodnju bilja, dioničko društvo",,DIRECTORY_RECORD_REVIEW,"{""Issuer"": ""Bc Institut za oplemenjivanje i proizvodnju bilja, dioničko društvo"", ""LEI"": ""747800U0V3SGWAZY5961"", ""Instruments"": ""BCIN"", ""Headquarters"": ""Rugvica, Hrvatska (Croatia)""}","[{""work_id"": ""B05:825"", ""source_url"": ""https://progress.market/en/list-of-issuers-179/178"", ""table"": ""1"", ""row"": ""2"", ""headers_json"": ""[\""Issuer\"", \""LEI\"", \""Instruments\"", \""Headquarters\""]"", ""cells_json"": ""[\""Bc Institut za oplemenjivanje i proizvodnju bilja, dioničko društvo\"", \""747800U0V3SGWAZY5961\"", \""BCIN\"", \""Rugvica, Hrvatska (Croatia)\""]"", ""row_links_json"": ""[\""https://progress.market/en/papir-311/310?isin=HRBCINRA0003\""]"", ""content_sha256"": ""e9469d4d372a4ec956849c9bbdd1d5d8a7ce0faafbbd28e11f87bbea0af77000"", ""semantic_status"": ""SOURCE_TABLE_ROW_NOT_AUTOMATICALLY_ENTITY""}]",SOURCE_TABLE_RECORD_NOT_GLOBAL_OR_UNIQUE_COMPANY_VERIFICATION
https://progress.market/en/list-of-issuers-179/178,1,3,enasolAuto društvo s ograničenom odgovornošću za usluge,,DIRECTORY_RECORD_REVIEW,"{""Issuer"": ""enasolAuto društvo s ograničenom odgovornošću za usluge"", ""LEI"": ""74780030N0FK0RUFU958"", ""Instruments"": ""3ENA, 3ENA2, 3ENA3"", ""Headquarters"": ""Zagreb, Hrvatska (Croatia)""}","[{""work_id"": ""B05:825"", ""source_url"": ""https://progress.market/en/list-of-issuers-179/178"", ""table"": ""1"", ""row"": ""3"", ""headers_json"": ""[\""Issuer\"", \""LEI\"", \""Instruments\"", \""Headquarters\""]"", ""cells_json"": ""[\""enasolAuto društvo s ograničenom odgovornošću za usluge\"", \""74780030N0FK0RUFU958\"", \""3ENA, 3ENA2, 3ENA3\"", \""Zagreb, Hrvatska (Croatia)\""]"", ""row_links_json"": ""[\""https://progress.market/en/papir-311/310?isin=HRENASO284A4\"", \""https://progress.market/en/papir-311/310?isin=HRENASO284B2\"", \""https://progress.market/en/papir-311/310?isin=HRENASO284C0\""]"", ""content_sha256"": ""e9469d4d372a4ec956849c9bbdd1d5d8a7ce0faafbbd28e11f87bbea0af77000"", ""semantic_status"": ""SOURCE_TABLE_ROW_NOT_AUTOMATICALLY_ENTITY""}]",SOURCE_TABLE_RECORD_NOT_GLOBAL_OR_UNIQUE_COMPANY_VERIFICATION
https://progress.market/en/list-of-issuers-179/178,1,4,GLUCODENT d.o.o. za istraživanje i razvoj,,DIRECTORY_RECORD_REVIEW,"{""Issuer"": ""GLUCODENT d.o.o. za istraživanje i razvoj"", ""LEI"": ""747800B0UADDSGRXBP67"", ""Instruments"": ""3GLC"", ""Headquarters"": ""Zagreb, Hrvatska (Croatia)""}","[{""work_id"": ""B05:825"", ""source_url"": ""https://progress.market/en/list-of-issuers-179/178"", ""table"": ""1"", ""row"": ""4"", ""headers_json"": ""[\""Issuer\"", \""LEI\"", \""Instruments\"", \""Headquarters\""]"", ""cells_json"": ""[\""GLUCODENT d.o.o. za istraživanje i razvoj\"", \""747800B0UADDSGRXBP67\"", \""3GLC\"", \""Zagreb, Hrvatska (Croatia)\""]"", ""row_links_json"": ""[\""https://progress.market/en/papir-311/310?isin=HRGLCOO26CE5\""]"", ""content_sha256"": ""e9469d4d372a4ec956849c9bbdd1d5d8a7ce0faafbbd28e11f87bbea0af77000"", ""semantic_status"": ""SOURCE_TABLE_ROW_NOT_AUTOMATICALLY_ENTITY""}]",SOURCE_TABLE_RECORD_NOT_GLOBAL_OR_UNIQUE_COMPANY_VERIFICATION
https://progress.market/en/list-of-issuers-179/178,1,5,KONČAR - Mjerni transformatori d.d. za proizvodnju,,DIRECTORY_RECORD_REVIEW,"{""Issuer"": ""KONČAR - Mjerni transformatori d.d. za proizvodnju"", ""LEI"": ""7478000050WH2QQP0W69"", ""Instruments"": ""KOTR2"", ""Headquarters"": ""Zagreb, Hrvatska (Croatia)""}","[{""work_id"": ""B05:825"", ""source_url"": ""https://progress.market/en/list-of-issuers-179/178"", ""table"": ""1"", ""row"": ""5"", ""headers_json"": ""[\""Issuer\"", \""LEI\"", \""Instruments\"", \""Headquarters\""]"", ""cells_json"": ""[\""KONČAR - Mjerni transformatori d.d. za proizvodnju\"", \""7478000050WH2QQP0W69\"", \""KOTR2\"", \""Zagreb, Hrvatska (Croatia)\""]"", ""row_links_json"": ""[\""https://progress.market/en/papir-311/310?isin=HRKOTRPA0003\""]"", ""content_sha256"": ""e9469d4d372a4ec956849c9bbdd1d5d8a7ce0faafbbd28e11f87bbea0af77000"", ""semantic_status"": ""SOURCE_TABLE_ROW_NOT_AUTOMATICALLY_ENTITY""}]",SOURCE_TABLE_RECORD_NOT_GLOBAL_OR_UNIQUE_COMPANY_VERIFICATION
https://progress.market/en/list-of-issuers-179/178,1,6,NextGrid Energy dioničko društvo za upravljanje društvima,,DIRECTORY_RECORD_REVIEW,"{""Issuer"": ""NextGrid Energy dioničko društvo za upravljanje društvima"", ""LEI"": ""747800G0J8IBCXSCMY15"", ""Instruments"": ""IEEP"", ""Headquarters"": ""Kostrena, Hrvatska (Croatia)""}","[{""work_id"": ""B05:825"", ""source_url"": ""https://progress.market/en/list-of-issuers-179/178"", ""table"": ""1"", ""row"": ""6"", ""headers_json"": ""[\""Issuer\"", \""LEI\"", \""Instruments\"", \""Headquarters\""]"", ""cells_json"": ""[\""NextGrid Energy dioničko društvo za upravljanje društvima\"", \""747800G0J8IBCXSCMY15\"", \""IEEP\"", \""Kostrena, Hrvatska (Croatia)\""]"", ""row_links_json"": ""[\""https://progress.market/en/papir-311/310?isin=HRIEEPRB0005\""]"", ""content_sha256"": ""e9469d4d372a4ec956849c9bbdd1d5d8a7ce0faafbbd28e11f87bbea0af77000"", ""semantic_status"": ""SOURCE_TABLE_ROW_NOT_AUTOMATICALLY_ENTITY""}]",SOURCE_TABLE_RECORD_NOT_GLOBAL_OR_UNIQUE_COMPANY_VERIFICATION
https://progress.market/en/list-of-issuers-179/178,1,7,TVORNICA STOČNE HRANE dioničko društvo za proizvodnju i promet stočne hrane,,DIRECTORY_RECORD_REVIEW,"{""Issuer"": ""TVORNICA STOČNE HRANE dioničko društvo za proizvodnju i promet stočne hrane"", ""LEI"": ""747800C0M34YV0UH7049"", ""Instruments"": ""TSHC"", ""Headquarters"": ""Čakovec, Hrvatska (Croatia)""}","[{""work_id"": ""B05:825"", ""source_url"": ""https://progress.market/en/list-of-issuers-179/178"", ""table"": ""1"", ""row"": ""7"", ""headers_json"": ""[\""Issuer\"", \""LEI\"", \""Instruments\"", \""Headquarters\""]"", ""cells_json"": ""[\""TVORNICA STOČNE HRANE dioničko društvo za proizvodnju i promet stočne hrane\"", \""747800C0M34YV0UH7049\"", \""TSHC\"", \""Čakovec, Hrvatska (Croatia)\""]"", ""row_links_json"": ""[\""https://progress.market/en/papir-311/310?isin=HRTSHCRA0009\""]"", ""content_sha256"": ""e9469d4d372a4ec956849c9bbdd1d5d8a7ce0faafbbd28e11f87bbea0af77000"", ""semantic_status"": ""SOURCE_TABLE_ROW_NOT_AUTOMATICALLY_ENTITY""}]",SOURCE_TABLE_RECORD_NOT_GLOBAL_OR_UNIQUE_COMPANY_VERIFICATION
https://www.afrinexexchange.com/static/clearing_settlement/clearing_member.aspx,2,2,,7601,MEMBER_OR_PARTICIPANT_SOURCE_RECORD,"{""Sr. No."": ""1"", ""Clearing Member"": ""SBM Bank (Mauritius) Ltd."", ""Member Code"": ""7601""}","[{""work_id"": ""B05:1015"", ""source_url"": ""https://www.afrinexexchange.com/static/clearing_settlement/clearing_member.aspx"", ""table"": ""2"", ""row"": ""2"", ""headers_json"": ""[]"", ""cells_json"": ""[\""1\"", \""SBM Bank (Mauritius) Ltd.\"", \""7601\""]"", ""row_links_json"": ""[\""https://www.afrinexexchange.com/static/membership/SBM.aspx\""]"", ""content_sha256"": ""a04455b19f80fd670f468133581a6c12917aabdadbae45455b7711a25be8947f"", ""semantic_status"": ""SOURCE_TABLE_ROW_NOT_AUTOMATICALLY_ENTITY""}]",SOURCE_TABLE_RECORD_NOT_GLOBAL_OR_UNIQUE_COMPANY_VERIFICATION
http://www.pngx.com.pg/kina-securities-limited/,1,2,Issuer Code,,DIRECTORY_RECORD_REVIEW,"{""Company"": ""Issuer Code"", ""Kina Securities Limited"": ""KSL""}","[{""work_id"": ""B05:33"", ""source_url"": ""http://www.pngx.com.pg/kina-securities-limited/"", ""table"": ""1"", ""row"": ""2"", ""headers_json"": ""[]"", ""cells_json"": ""[\""Issuer Code\"", \""KSL\""]"", ""row_links_json"": ""[]"", ""content_sha256"": ""bdd1a4be8dc4bc34eaf9fc57c4d681a9ae33a9b74fc3357307a519acef76ef1f"", ""semantic_status"": ""SOURCE_TABLE_ROW_NOT_AUTOMATICALLY_ENTITY""}]",SOURCE_TABLE_RECORD_NOT_GLOBAL_OR_UNIQUE_COMPANY_VERIFICATION
http://www.pngx.com.pg/kina-securities-limited/,1,3,Industry,,DIRECTORY_RECORD_REVIEW,"{""Company"": ""Industry"", ""Kina Securities Limited"": ""Banking and Finance""}","[{""work_id"": ""B05:33"", ""source_url"": ""http://www.pngx.com.pg/kina-securities-limited/"", ""table"": ""1"", ""row"": ""3"", ""headers_json"": ""[]"", ""cells_json"": ""[\""Industry\"", \""Banking and Finance\""]"", ""row_links_json"": ""[]"", ""content_sha256"": ""bdd1a4be8dc4bc34eaf9fc57c4d681a9ae33a9b74fc3357307a519acef76ef1f"", ""semantic_status"": ""SOURCE_TABLE_ROW_NOT_AUTOMATICALLY_ENTITY""}]",SOURCE_TABLE_RECORD_NOT_GLOBAL_OR_UNIQUE_COMPANY_VERIFICATION
http://www.pngx.com.pg/kina-securities-limited/,1,4,Date Listed,,DIRECTORY_RECORD_REVIEW,"{""Company"": ""Date Listed"", ""Kina Securities Limited"": ""30/07/2015""}","[{""work_id"": ""B05:33"", ""source_url"": ""http://www.pngx.com.pg/kina-securities-limited/"", ""table"": ""1"", ""row"": ""4"", ""headers_json"": ""[]"", ""cells_json"": ""[\""Date Listed\"", \""30/07/2015\""]"", ""row_links_json"": ""[]"", ""content_sha256"": ""bdd1a4be8dc4bc34eaf9fc57c4d681a9ae33a9b74fc3357307a519acef76ef1f"", ""semantic_status"": ""SOURCE_TABLE_ROW_NOT_AUTOMATICALLY_ENTITY""}]",SOURCE_TABLE_RECORD_NOT_GLOBAL_OR_UNIQUE_COMPANY_VERIFICATION
http://www.pngx.com.pg/kina-securities-limited/,1,5,Exempt Foreign Entity?,,DIRECTORY_RECORD_REVIEW,"{""Company"": ""Exempt Foreign Entity?"", ""Kina Securities Limited"": ""No""}","[{""work_id"": ""B05:33"", ""source_url"": ""http://www.pngx.com.pg/kina-securities-limited/"", ""table"": ""1"", ""row"": ""5"", ""headers_json"": ""[]"", ""cells_json"": ""[\""Exempt Foreign Entity?\"", \""No\""]"", ""row_links_json"": ""[]"", ""content_sha256"": ""bdd1a4be8dc4bc34eaf9fc57c4d681a9ae33a9b74fc3357307a519acef76ef1f"", ""semantic_status"": ""SOURCE_TABLE_ROW_NOT_AUTOMATICALLY_ENTITY""}]",SOURCE_TABLE_RECORD_NOT_GLOBAL_OR_UNIQUE_COMPANY_VERIFICATION
http://www.pngx.com.pg/kina-securities-limited/,1,6,Overview,,DIRECTORY_RECORD_REVIEW,"{""Company"": ""Overview"", ""Kina Securities Limited"": ""Kina is a diversified financial services provider in Papua New Guinea, offering customers end-to-end financial solutions, from savings accounts to small business loans, investments to mortgages, stockbroking and financial advice, investment management and fund administration.Established in 1985, Kina has grown in parallel with Papua New Guinea’s emerging economy, evolving and maturing in tandem with the market. In May 2015, Kina agreed to acquire Maybank PNG, the Papua New Guinea banking operations of Malayan Banking Berhad. Following the acquisition, Kina has operated through two business divisions: Kina Wealth Management and Kina Bank.With the addition of Maybank PNG, Kina is:The second largest bank in Papua New Guinea, with more than 11,000 clients and eleven branchesThe largest wealth management business in Papua New Guinea, with over K11 billion of FUM as at March 2015It is the largest fund administrator in Papua New Guinea, administering accounts on behalf of more than 938,000 beneficiariesThe leading stockbroking company in Papua New Guinea, transacting approximately 62 per cent of trades on PNGX in 2014.""}","[{""work_id"": ""B05:33"", ""source_url"": ""http://www.pngx.com.pg/kina-securities-limited/"", ""table"": ""1"", ""row"": ""6"", ""headers_json"": ""[]"", ""cells_json"": ""[\""Overview\"", \""Kina is a diversified financial services provider in Papua New Guinea, offering customers end-to-end financial solutions, from savings accounts to small business loans, investments to mortgages, stockbroking and financial advice, investment management and fund administration.Established in 1985, Kina has grown in parallel with Papua New Guinea’s emerging economy, evolving and maturing in tandem with the market. In May 2015, Kina agreed to acquire Maybank PNG, the Papua New Guinea banking operations of Malayan Banking Berhad. Following the acquisition, Kina has operated through two business divisions: Kina Wealth Management and Kina Bank.With the addition of Maybank PNG, Kina is:The second largest bank in Papua New Guinea, with more than 11,000 clients and eleven branchesThe largest wealth management business in Papua New Guinea, with over K11 billion of FUM as at March 2015It is the largest fund administrator in Papua New Guinea, administering accounts on behalf of more than 938,000 beneficiariesThe leading stockbroking company in Papua New Guinea, transacting approximately 62 per cent of trades on PNGX in 2014.\""]"", ""row_links_json"": ""[]"", ""content_sha256"": ""bdd1a4be8dc4bc34eaf9fc57c4d681a9ae33a9b74fc3357307a519acef76ef1f"", ""semantic_status"": ""SOURCE_TABLE_ROW_NOT_AUTOMATICALLY_ENTITY""}]",SOURCE_TABLE_RECORD_NOT_GLOBAL_OR_UNIQUE_COMPANY_VERIFICATION
http://www.pngx.com.pg/kina-securities-limited/,1,7,Internet Address,,DIRECTORY_RECORD_REVIEW,"{""Company"": ""Internet Address"", ""Kina Securities Limited"": ""www.kina.com.pg""}","[{""work_id"": ""B05:33"", ""source_url"": ""http://www.pngx.com.pg/kina-securities-limited/"", ""table"": ""1"", ""row"": ""7"", ""headers_json"": ""[]"", ""cells_json"": ""[\""Internet Address\"", \""www.kina.com.pg\""]"", ""row_links_json"": ""[\""http://www.kina.com.pg/\""]"", ""content_sha256"": ""bdd1a4be8dc4bc34eaf9fc57c4d681a9ae33a9b74fc3357307a519acef76ef1f"", ""semantic_status"": ""SOURCE_TABLE_ROW_NOT_AUTOMATICALLY_ENTITY""}]",SOURCE_TABLE_RECORD_NOT_GLOBAL_OR_UNIQUE_COMPANY_VERIFICATION
http://www.pngx.com.pg/kina-securities-limited/,1,8,Registered Office Address,,DIRECTORY_RECORD_REVIEW,"{""Company"": ""Registered Office Address"", ""Kina Securities Limited"": ""Harbour City Level 2, Port Moresby""}","[{""work_id"": ""B05:33"", ""source_url"": ""http://www.pngx.com.pg/kina-securities-limited/"", ""table"": ""1"", ""row"": ""8"", ""headers_json"": ""[]"", ""cells_json"": ""[\""Registered Office Address\"", \""Harbour City Level 2, Port Moresby\""]"", ""row_links_json"": ""[]"", ""content_sha256"": ""bdd1a4be8dc4bc34eaf9fc57c4d681a9ae33a9b74fc3357307a519acef76ef1f"", ""semantic_status"": ""SOURCE_TABLE_ROW_NOT_AUTOMATICALLY_ENTITY""}]",SOURCE_TABLE_RECORD_NOT_GLOBAL_OR_UNIQUE_COMPANY_VERIFICATION
http://www.pngx.com.pg/kina-securities-limited/,1,9,Postal Address,,DIRECTORY_RECORD_REVIEW,"{""Company"": ""Postal Address"", ""Kina Securities Limited"": ""PO Box 1141, Port Moresby NCD 121, PNG""}","[{""work_id"": ""B05:33"", ""source_url"": ""http://www.pngx.com.pg/kina-securities-limited/"", ""table"": ""1"", ""row"": ""9"", ""headers_json"": ""[]"", ""cells_json"": ""[\""Postal Address\"", \""PO Box 1141, Port Moresby NCD 121, PNG\""]"", ""row_links_json"": ""[]"", ""content_sha256"": ""bdd1a4be8dc4bc34eaf9fc57c4d681a9ae33a9b74fc3357307a519acef76ef1f"", ""semantic_status"": ""SOURCE_TABLE_ROW_NOT_AUTOMATICALLY_ENTITY""}]",SOURCE_TABLE_RECORD_NOT_GLOBAL_OR_UNIQUE_COMPANY_VERIFICATION
http://www.pngx.com.pg/kina-securities-limited/,1,10,Head Office Number,,DIRECTORY_RECORD_REVIEW,"{""Company"": ""Head Office Number"", ""Kina Securities Limited"": ""+675 308 3888""}","[{""work_id"": ""B05:33"", ""source_url"": ""http://www.pngx.com.pg/kina-securities-limited/"", ""table"": ""1"", ""row"": ""10"", ""headers_json"": ""[]"", ""cells_json"": ""[\""Head Office Number\"", \""+675 308 3888\""]"", ""row_links_json"": ""[]"", ""content_sha256"": ""bdd1a4be8dc4bc34eaf9fc57c4d681a9ae33a9b74fc3357307a519acef76ef1f"", ""semantic_status"": ""SOURCE_TABLE_ROW_NOT_AUTOMATICALLY_ENTITY""}]",SOURCE_TABLE_RECORD_NOT_GLOBAL_OR_UNIQUE_COMPANY_VERIFICATION
http://www.pngx.com.pg/kina-securities-limited/,1,11,Head Office Facsimile,,DIRECTORY_RECORD_REVIEW,"{""Company"": ""Head Office Facsimile"", ""Kina Securities Limited"": ""+675 308 3899""}","[{""work_id"": ""B05:33"", ""source_url"": ""http://www.pngx.com.pg/kina-securities-limited/"", ""table"": ""1"", ""row"": ""11"", ""headers_json"": ""[]"", ""cells_json"": ""[\""Head Office Facsimile\"", \""+675 308 3899\""]"", ""row_links_json"": ""[]"", ""content_sha256"": ""bdd1a4be8dc4bc34eaf9fc57c4d681a9ae33a9b74fc3357307a519acef76ef1f"", ""semantic_status"": ""SOURCE_TABLE_ROW_NOT_AUTOMATICALLY_ENTITY""}]",SOURCE_TABLE_RECORD_NOT_GLOBAL_OR_UNIQUE_COMPANY_VERIFICATION
http://www.pngx.com.pg/kina-securities-limited/,1,12,Share Registry,,DIRECTORY_RECORD_REVIEW,"{""Company"": ""Share Registry"", ""Kina Securities Limited"": ""PNG Registries Limited, Level 4, Cuthbertson House, Cuthbertson StreetP.O BOX 1265, Port Moresby, Papua New Guinea""}","[{""work_id"": ""B05:33"", ""source_url"": ""http://www.pngx.com.pg/kina-securities-limited/"", ""table"": ""1"", ""row"": ""12"", ""headers_json"": ""[]"", ""cells_json"": ""[\""Share Registry\"", \""PNG Registries Limited, Level 4, Cuthbertson House, Cuthbertson StreetP.O BOX 1265, Port Moresby, Papua New Guinea\""]"", ""row_links_json"": ""[]"", ""content_sha256"": ""bdd1a4be8dc4bc34eaf9fc57c4d681a9ae33a9b74fc3357307a519acef76ef1f"", ""semantic_status"": ""SOURCE_TABLE_ROW_NOT_AUTOMATICALLY_ENTITY""}]",SOURCE_TABLE_RECORD_NOT_GLOBAL_OR_UNIQUE_COMPANY_VERIFICATION
http://www.pngx.com.pg/kina-securities-limited/,1,13,Share Registry Number,,DIRECTORY_RECORD_REVIEW,"{""Company"": ""Share Registry Number"", ""Kina Securities Limited"": ""+675 321 6377""}","[{""work_id"": ""B05:33"", ""source_url"": ""http://www.pngx.com.pg/kina-securities-limited/"", ""table"": ""1"", ""row"": ""13"", ""headers_json"": ""[]"", ""cells_json"": ""[\""Share Registry Number\"", \""+675 321 6377\""]"", ""row_links_json"": ""[]"", ""content_sha256"": ""bdd1a4be8dc4bc34eaf9fc57c4d681a9ae33a9b74fc3357307a519acef76ef1f"", ""semantic_status"": ""SOURCE_TABLE_ROW_NOT_AUTOMATICALLY_ENTITY""}]",SOURCE_TABLE_RECORD_NOT_GLOBAL_OR_UNIQUE_COMPANY_VERIFICATION
https://cmda.gov.mv/en/staff-directory?category=40,1,2,Mohamed Ahmed,,DIRECTORY_RECORD_REVIEW,"{""Name"": ""Mohamed Ahmed"", ""Designation"": ""Chief Executive Officer"", ""Email Address"": ""[email protected]""}","[{""work_id"": ""B05:312"", ""source_url"": ""https://cmda.gov.mv/en/staff-directory?category=40"", ""table"": ""1"", ""row"": ""2"", ""headers_json"": ""[\""Name\"", \""Designation\"", \""Email Address\""]"", ""cells_json"": ""[\""Mohamed Ahmed\"", \""Chief Executive Officer\"", \""[email protected]\""]"", ""row_links_json"": ""[\""https://cmda.gov.mv/cdn-cgi/l/email-protection#a0c3c5cfe0c3cdc4c18ec7cfd68ecdd6\""]"", ""content_sha256"": ""6941020eeaafd857b1531022aa9ac09ecba734491aeb06ca5330eb1ec8642f27"", ""semantic_status"": ""SOURCE_TABLE_ROW_NOT_AUTOMATICALLY_ENTITY""}]",SOURCE_TABLE_RECORD_NOT_GLOBAL_OR_UNIQUE_COMPANY_VERIFICATION
https://cmda.gov.mv/en/staff-directory?category=40,1,3,Fathimath Abdulla Kamaaluddeen,,DIRECTORY_RECORD_REVIEW,"{""Name"": ""Fathimath Abdulla Kamaaluddeen"", ""Designation"": ""Deputy Chief Executive Officer"", ""Email Address"": ""[email protected]""}","[{""work_id"": ""B05:312"", ""source_url"": ""https://cmda.gov.mv/en/staff-directory?category=40"", ""table"": ""1"", ""row"": ""3"", ""headers_json"": ""[\""Name\"", \""Designation\"", \""Email Address\""]"", ""cells_json"": ""[\""Fathimath Abdulla Kamaaluddeen\"", \""Deputy Chief Executive Officer\"", \""[email protected]\""]"", ""row_links_json"": ""[\""https://cmda.gov.mv/cdn-cgi/l/email-protection#e781c98c868a868b9283828289a7848a8386c9808891c98a91\""]"", ""content_sha256"": ""6941020eeaafd857b1531022aa9ac09ecba734491aeb06ca5330eb1ec8642f27"", ""semantic_status"": ""SOURCE_TABLE_ROW_NOT_AUTOMATICALLY_ENTITY""}]",SOURCE_TABLE_RECORD_NOT_GLOBAL_OR_UNIQUE_COMPANY_VERIFICATION
https://cmda.gov.mv/en/staff-directory?category=40,1,4,Ibrahim Saleem,,DIRECTORY_RECORD_REVIEW,"{""Name"": ""Ibrahim Saleem"", ""Designation"": ""Director General, Corporate Services"", ""Email Address"": ""[email protected]""}","[{""work_id"": ""B05:312"", ""source_url"": ""https://cmda.gov.mv/en/staff-directory?category=40"", ""table"": ""1"", ""row"": ""4"", ""headers_json"": ""[\""Name\"", \""Designation\"", \""Email Address\""]"", ""cells_json"": ""[\""Ibrahim Saleem\"", \""Director General, Corporate Services\"", \""[email protected]\""]"", ""row_links_json"": ""[\""https://cmda.gov.mv/cdn-cgi/l/email-protection#4132202d24242c01222c25206f262e376f2c37\""]"", ""content_sha256"": ""6941020eeaafd857b1531022aa9ac09ecba734491aeb06ca5330eb1ec8642f27"", ""semantic_status"": ""SOURCE_TABLE_ROW_NOT_AUTOMATICALLY_ENTITY""}]",SOURCE_TABLE_RECORD_NOT_GLOBAL_OR_UNIQUE_COMPANY_VERIFICATION
https://cmda.gov.mv/en/staff-directory?category=40,1,5,Aminath Mohamed Didi,,DIRECTORY_RECORD_REVIEW,"{""Name"": ""Aminath Mohamed Didi"", ""Designation"": ""Director General, Market Regulation and Enforcement Department"", ""Email Address"": ""[email protected]""}","[{""work_id"": ""B05:312"", ""source_url"": ""https://cmda.gov.mv/en/staff-directory?category=40"", ""table"": ""1"", ""row"": ""5"", ""headers_json"": ""[\""Name\"", \""Designation\"", \""Email Address\""]"", ""cells_json"": ""[\""Aminath Mohamed Didi\"", \""Director General, Market Regulation and Enforcement Department\"", \""[email protected]\""]"", ""row_links_json"": ""[\""https://cmda.gov.mv/cdn-cgi/l/email-protection#92f3fbfce6fad2f1fff6f3bcf5fde4bcffe4\""]"", ""content_sha256"": ""6941020eeaafd857b1531022aa9ac09ecba734491aeb06ca5330eb1ec8642f27"", ""semantic_status"": ""SOURCE_TABLE_ROW_NOT_AUTOMATICALLY_ENTITY""}]",SOURCE_TABLE_RECORD_NOT_GLOBAL_OR_UNIQUE_COMPANY_VERIFICATION
https://cmda.gov.mv/en/staff-directory?category=40,1,6,Muznee Mohamed,,DIRECTORY_RECORD_REVIEW,"{""Name"": ""Muznee Mohamed"", ""Designation"": ""Director General, Education and Training Department"", ""Email Address"": ""[email protected]""}","[{""work_id"": ""B05:312"", ""source_url"": ""https://cmda.gov.mv/en/staff-directory?category=40"", ""table"": ""1"", ""row"": ""6"", ""headers_json"": ""[\""Name\"", \""Designation\"", \""Email Address\""]"", ""cells_json"": ""[\""Muznee Mohamed\"", \""Director General, Education and Training Department\"", \""[email protected]\""]"", ""row_links_json"": ""[\""https://cmda.gov.mv/cdn-cgi/l/email-protection#49243c33272c2c092a242d28672e263f67243f\""]"", ""content_sha256"": ""6941020eeaafd857b1531022aa9ac09ecba734491aeb06ca5330eb1ec8642f27"", ""semantic_status"": ""SOURCE_TABLE_ROW_NOT_AUTOMATICALLY_ENTITY""}]",SOURCE_TABLE_RECORD_NOT_GLOBAL_OR_UNIQUE_COMPANY_VERIFICATION
https://cmda.gov.mv/en/staff-directory?category=40,1,7,Abdullah Zakariyya,,DIRECTORY_RECORD_REVIEW,"{""Name"": ""Abdullah Zakariyya"", ""Designation"": ""Director General , Pension Supervision Department"", ""Email Address"": ""[email protected]""}","[{""work_id"": ""B05:312"", ""source_url"": ""https://cmda.gov.mv/en/staff-directory?category=40"", ""table"": ""1"", ""row"": ""7"", ""headers_json"": ""[\""Name\"", \""Designation\"", \""Email Address\""]"", ""cells_json"": ""[\""Abdullah Zakariyya\"", \""Director General , Pension Supervision Department\"", \""[email protected]\""]"", ""row_links_json"": ""[\""https://cmda.gov.mv/cdn-cgi/l/email-protection#4c2d2e283920202d2462362d272d3e2535352d0c2f21282d622b233a62213a\""]"", ""content_sha256"": ""6941020eeaafd857b1531022aa9ac09ecba734491aeb06ca5330eb1ec8642f27"", ""semantic_status"": ""SOURCE_TABLE_ROW_NOT_AUTOMATICALLY_ENTITY""}]",SOURCE_TABLE_RECORD_NOT_GLOBAL_OR_UNIQUE_COMPANY_VERIFICATION
https://cmda.gov.mv/en/staff-directory?category=40,1,8,Hussain Nazeer,,DIRECTORY_RECORD_REVIEW,"{""Name"": ""Hussain Nazeer"", ""Designation"": ""Legal Counsel/Director General, Legal Department"", ""Email Address"": ""[email protected]""}","[{""work_id"": ""B05:312"", ""source_url"": ""https://cmda.gov.mv/en/staff-directory?category=40"", ""table"": ""1"", ""row"": ""8"", ""headers_json"": ""[\""Name\"", \""Designation\"", \""Email Address\""]"", ""cells_json"": ""[\""Hussain Nazeer\"", \""Legal Counsel/Director General, Legal Department\"", \""[email protected]\""]"", ""row_links_json"": ""[\""https://cmda.gov.mv/cdn-cgi/l/email-protection#147c616767757d7a3a7a756e71716654777970753a737b623a7962\""]"", ""content_sha256"": ""6941020eeaafd857b1531022aa9ac09ecba734491aeb06ca5330eb1ec8642f27"", ""semantic_status"": ""SOURCE_TABLE_ROW_NOT_AUTOMATICALLY_ENTITY""}]",SOURCE_TABLE_RECORD_NOT_GLOBAL_OR_UNIQUE_COMPANY_VERIFICATION
https://cmda.gov.mv/en/staff-directory?category=40,1,9,Ahmed Saimon Adam,,DIRECTORY_RECORD_REVIEW,"{""Name"": ""Ahmed Saimon Adam"", ""Designation"": ""Director General, Information Technology Department"", ""Email Address"": ""[email protected]""}","[{""work_id"": ""B05:312"", ""source_url"": ""https://cmda.gov.mv/en/staff-directory?category=40"", ""table"": ""1"", ""row"": ""9"", ""headers_json"": ""[\""Name\"", \""Designation\"", \""Email Address\""]"", ""cells_json"": ""[\""Ahmed Saimon Adam\"", \""Director General, Information Technology Department\"", \""[email protected]\""]"", ""row_links_json"": ""[\""https://cmda.gov.mv/cdn-cgi/l/email-protection#b3d2dbded6d79dc0d2dadedcddf3d0ded7d29dd4dcc59ddec5\""]"", ""content_sha256"": ""6941020eeaafd857b1531022aa9ac09ecba734491aeb06ca5330eb1ec8642f27"", ""semantic_status"": ""SOURCE_TABLE_ROW_NOT_AUTOMATICALLY_ENTITY""}]",SOURCE_TABLE_RECORD_NOT_GLOBAL_OR_UNIQUE_COMPANY_VERIFICATION
