source_file,station,field,rows,observed_negative_9999_9,empty_tokens,nonfinite_tokens,unparseable_tokens,finite_other_tokens,suspect_measurement_codes_json,numeric_release
reports/2026-10-09/ssod_schema_b38/raw/SSOD_USW00003812_2023.csv,USW00003812,mean_temperature,365,2,0,0,0,363,"{""0"": 2}",False
reports/2026-10-09/ssod_schema_b38/raw/SSOD_USW00003812_2023.csv,USW00003812,mean_dew_point_temperature,365,2,0,0,0,363,"{""0"": 2}",False
reports/2026-10-09/ssod_schema_b38/raw/SSOD_USW00003812_2023.csv,USW00003812,mean_sea_level_pressure,365,2,0,0,0,363,"{""0"": 2}",False
reports/2026-10-09/ssod_schema_b38/raw/SSOD_USW00003812_2023.csv,USW00003812,mean_station_level_pressure,365,0,0,0,0,365,{},False
reports/2026-10-09/ssod_schema_b38/raw/SSOD_USW00003812_2023.csv,USW00003812,mean_visibility,365,0,0,0,0,365,{},False
reports/2026-10-09/ssod_schema_b38/raw/SSOD_USW00003812_2023.csv,USW00003812,mean_wind_speed,365,0,0,0,0,365,{},False
reports/2026-10-09/ssod_schema_b38/raw/SSOD_USW00003812_2023.csv,USW00003812,max_wind_speed,365,0,0,0,0,365,{},False
reports/2026-10-09/ssod_schema_b38/raw/SSOD_USW00003812_2023.csv,USW00003812,max_wind_gust,365,139,0,0,0,226,"{"""": 139}",False
reports/2026-10-09/ssod_schema_b38/raw/SSOD_USW00003812_2023.csv,USW00003812,max_temperature,365,2,0,0,0,363,"{"""": 2}",False
reports/2026-10-09/ssod_schema_b38/raw/SSOD_USW00003812_2023.csv,USW00003812,min_temperature,365,2,0,0,0,363,"{"""": 2}",False
reports/2026-10-09/ssod_schema_b38/raw/SSOD_USW00003812_2023.csv,USW00003812,total_precipitation,365,0,0,0,0,365,{},False
reports/2026-10-09/ssod_schema_b38/raw/SSOD_USW00003812_2023.csv,USW00003812,snow_depth,365,365,0,0,0,0,"{"""": 365}",False
reports/2026-10-09/station_mapping_b39/raw/SSOD_CVI0000GVAC_2024.csv,CVI0000GVAC,mean_temperature,366,1,0,0,0,365,"{""0"": 1}",False
reports/2026-10-09/station_mapping_b39/raw/SSOD_CVI0000GVAC_2024.csv,CVI0000GVAC,mean_dew_point_temperature,366,1,0,0,0,365,"{""0"": 1}",False
reports/2026-10-09/station_mapping_b39/raw/SSOD_CVI0000GVAC_2024.csv,CVI0000GVAC,mean_sea_level_pressure,366,184,0,0,0,182,"{""0"": 184}",False
reports/2026-10-09/station_mapping_b39/raw/SSOD_CVI0000GVAC_2024.csv,CVI0000GVAC,mean_station_level_pressure,366,366,0,0,0,0,"{""0"": 366}",False
reports/2026-10-09/station_mapping_b39/raw/SSOD_CVI0000GVAC_2024.csv,CVI0000GVAC,mean_visibility,366,2,0,0,0,364,"{""0"": 2}",False
reports/2026-10-09/station_mapping_b39/raw/SSOD_CVI0000GVAC_2024.csv,CVI0000GVAC,mean_wind_speed,366,1,0,0,0,365,"{""0"": 1}",False
reports/2026-10-09/station_mapping_b39/raw/SSOD_CVI0000GVAC_2024.csv,CVI0000GVAC,max_wind_speed,366,1,0,0,0,365,"{"""": 1}",False
reports/2026-10-09/station_mapping_b39/raw/SSOD_CVI0000GVAC_2024.csv,CVI0000GVAC,max_wind_gust,366,364,0,0,0,2,"{"""": 364}",False
reports/2026-10-09/station_mapping_b39/raw/SSOD_CVI0000GVAC_2024.csv,CVI0000GVAC,max_temperature,366,1,0,0,0,365,"{"""": 1}",False
reports/2026-10-09/station_mapping_b39/raw/SSOD_CVI0000GVAC_2024.csv,CVI0000GVAC,min_temperature,366,1,0,0,0,365,"{"""": 1}",False
reports/2026-10-09/station_mapping_b39/raw/SSOD_CVI0000GVAC_2024.csv,CVI0000GVAC,total_precipitation,366,347,0,0,0,19,"{""I"": 347}",False
reports/2026-10-09/station_mapping_b39/raw/SSOD_CVI0000GVAC_2024.csv,CVI0000GVAC,snow_depth,366,366,0,0,0,0,"{"""": 366}",False
reports/2026-10-09/station_mapping_b39/raw/SSOD_NOI0000ENJA_2024.csv,NOI0000ENJA,mean_temperature,366,2,0,0,0,364,"{""0"": 2}",False
reports/2026-10-09/station_mapping_b39/raw/SSOD_NOI0000ENJA_2024.csv,NOI0000ENJA,mean_dew_point_temperature,366,2,0,0,0,364,"{""0"": 2}",False
reports/2026-10-09/station_mapping_b39/raw/SSOD_NOI0000ENJA_2024.csv,NOI0000ENJA,mean_sea_level_pressure,366,2,0,0,0,364,"{""0"": 2}",False
reports/2026-10-09/station_mapping_b39/raw/SSOD_NOI0000ENJA_2024.csv,NOI0000ENJA,mean_station_level_pressure,366,2,0,0,0,364,"{""0"": 2}",False
reports/2026-10-09/station_mapping_b39/raw/SSOD_NOI0000ENJA_2024.csv,NOI0000ENJA,mean_visibility,366,366,0,0,0,0,"{""0"": 366}",False
reports/2026-10-09/station_mapping_b39/raw/SSOD_NOI0000ENJA_2024.csv,NOI0000ENJA,mean_wind_speed,366,2,0,0,0,364,"{""0"": 2}",False
reports/2026-10-09/station_mapping_b39/raw/SSOD_NOI0000ENJA_2024.csv,NOI0000ENJA,max_wind_speed,366,2,0,0,0,364,"{"""": 2}",False
reports/2026-10-09/station_mapping_b39/raw/SSOD_NOI0000ENJA_2024.csv,NOI0000ENJA,max_wind_gust,366,3,0,0,0,363,"{"""": 3}",False
reports/2026-10-09/station_mapping_b39/raw/SSOD_NOI0000ENJA_2024.csv,NOI0000ENJA,max_temperature,366,2,0,0,0,364,"{"""": 2}",False
reports/2026-10-09/station_mapping_b39/raw/SSOD_NOI0000ENJA_2024.csv,NOI0000ENJA,min_temperature,366,2,0,0,0,364,"{"""": 2}",False
reports/2026-10-09/station_mapping_b39/raw/SSOD_NOI0000ENJA_2024.csv,NOI0000ENJA,total_precipitation,366,0,0,0,0,366,{},False
reports/2026-10-09/station_mapping_b39/raw/SSOD_NOI0000ENJA_2024.csv,NOI0000ENJA,snow_depth,366,283,0,0,0,83,"{"""": 283}",False
reports/2026-10-09/station_mapping_b39/raw/SSOD_SVI0000ENSB_2024.csv,SVI0000ENSB,mean_temperature,366,1,0,0,0,365,"{""0"": 1}",False
reports/2026-10-09/station_mapping_b39/raw/SSOD_SVI0000ENSB_2024.csv,SVI0000ENSB,mean_dew_point_temperature,366,1,0,0,0,365,"{""0"": 1}",False
reports/2026-10-09/station_mapping_b39/raw/SSOD_SVI0000ENSB_2024.csv,SVI0000ENSB,mean_sea_level_pressure,366,4,0,0,0,362,"{""0"": 4}",False
reports/2026-10-09/station_mapping_b39/raw/SSOD_SVI0000ENSB_2024.csv,SVI0000ENSB,mean_station_level_pressure,366,4,0,0,0,362,"{""0"": 4}",False
reports/2026-10-09/station_mapping_b39/raw/SSOD_SVI0000ENSB_2024.csv,SVI0000ENSB,mean_visibility,366,1,0,0,0,365,"{""0"": 1}",False
reports/2026-10-09/station_mapping_b39/raw/SSOD_SVI0000ENSB_2024.csv,SVI0000ENSB,mean_wind_speed,366,1,0,0,0,365,"{""0"": 1}",False
reports/2026-10-09/station_mapping_b39/raw/SSOD_SVI0000ENSB_2024.csv,SVI0000ENSB,max_wind_speed,366,1,0,0,0,365,"{"""": 1}",False
reports/2026-10-09/station_mapping_b39/raw/SSOD_SVI0000ENSB_2024.csv,SVI0000ENSB,max_wind_gust,366,100,0,0,0,266,"{"""": 100}",False
reports/2026-10-09/station_mapping_b39/raw/SSOD_SVI0000ENSB_2024.csv,SVI0000ENSB,max_temperature,366,1,0,0,0,365,"{"""": 1}",False
reports/2026-10-09/station_mapping_b39/raw/SSOD_SVI0000ENSB_2024.csv,SVI0000ENSB,min_temperature,366,1,0,0,0,365,"{"""": 1}",False
reports/2026-10-09/station_mapping_b39/raw/SSOD_SVI0000ENSB_2024.csv,SVI0000ENSB,total_precipitation,366,16,0,0,0,350,"{""I"": 16}",False
reports/2026-10-09/station_mapping_b39/raw/SSOD_SVI0000ENSB_2024.csv,SVI0000ENSB,snow_depth,366,166,0,0,0,200,"{"""": 166}",False
