html,qmd_sibling,qmd_exists,classification,byte_identical_render
CONTRIBUTING.html,CONTRIBUTING.qmd,True,ASSET_OR_SOURCE_OR_REPORT_REQUIRES_SCOPE_REVIEW,NOT_TESTED_THIS_BATCH
DGEF/inbox/artemis_28ac86706b7a.html,DGEF/inbox/artemis_28ac86706b7a.qmd,True,ASSET_OR_SOURCE_OR_REPORT_REQUIRES_SCOPE_REVIEW,NOT_TESTED_THIS_BATCH
DGEF/inbox/chang_e_5_21fff191447f.html,DGEF/inbox/chang_e_5_21fff191447f.qmd,True,ASSET_OR_SOURCE_OR_REPORT_REQUIRES_SCOPE_REVIEW,NOT_TESTED_THIS_BATCH
DGEF/inbox/jpl_2c4ddd97a872.html,DGEF/inbox/jpl_2c4ddd97a872.qmd,True,ASSET_OR_SOURCE_OR_REPORT_REQUIRES_SCOPE_REVIEW,NOT_TESTED_THIS_BATCH
DGEF/inbox/kennedy_816e7921512f.html,DGEF/inbox/kennedy_816e7921512f.qmd,True,ASSET_OR_SOURCE_OR_REPORT_REQUIRES_SCOPE_REVIEW,NOT_TESTED_THIS_BATCH
README.html,README.qmd,True,ASSET_OR_SOURCE_OR_REPORT_REQUIRES_SCOPE_REVIEW,NOT_TESTED_THIS_BATCH
Reference/Adjudication_Field_Review_20261007.html,Reference/Adjudication_Field_Review_20261007.qmd,True,ASSET_OR_SOURCE_OR_REPORT_REQUIRES_SCOPE_REVIEW,NOT_TESTED_THIS_BATCH
Reference/Aerospace_Ecosystem_Report.html,Reference/Aerospace_Ecosystem_Report.qmd,True,ASSET_OR_SOURCE_OR_REPORT_REQUIRES_SCOPE_REVIEW,NOT_TESTED_THIS_BATCH
Reference/Baccarat-Ai-Automation-Report.html,Reference/Baccarat-Ai-Automation-Report.qmd,True,ASSET_OR_SOURCE_OR_REPORT_REQUIRES_SCOPE_REVIEW,NOT_TESTED_THIS_BATCH
Reference/Catalogue_Field_Review_20261007.html,Reference/Catalogue_Field_Review_20261007.qmd,True,ASSET_OR_SOURCE_OR_REPORT_REQUIRES_SCOPE_REVIEW,NOT_TESTED_THIS_BATCH
Reference/Country_Layer_Field_Review_20261007.html,Reference/Country_Layer_Field_Review_20261007.qmd,True,ASSET_OR_SOURCE_OR_REPORT_REQUIRES_SCOPE_REVIEW,NOT_TESTED_THIS_BATCH
Reference/DGEF_Field_Contracts_20261007.html,Reference/DGEF_Field_Contracts_20261007.qmd,True,ASSET_OR_SOURCE_OR_REPORT_REQUIRES_SCOPE_REVIEW,NOT_TESTED_THIS_BATCH
Reference/DGEF_Model_Gate_Review_20261007.html,Reference/DGEF_Model_Gate_Review_20261007.qmd,True,ASSET_OR_SOURCE_OR_REPORT_REQUIRES_SCOPE_REVIEW,NOT_TESTED_THIS_BATCH
Reference/Downloads_Essence_Review_20261008.html,Reference/Downloads_Essence_Review_20261008.qmd,True,ASSET_OR_SOURCE_OR_REPORT_REQUIRES_SCOPE_REVIEW,NOT_TESTED_THIS_BATCH
Reference/Geostrategy_Defense_Industry_Aerospace_and_Artificial_Interlligence_Ecosystem_Report.html,Reference/Geostrategy_Defense_Industry_Aerospace_and_Artificial_Interlligence_Ecosystem_Report.qmd,True,ASSET_OR_SOURCE_OR_REPORT_REQUIRES_SCOPE_REVIEW,NOT_TESTED_THIS_BATCH
Reference/Global_Currency_and_Securities_Firms_B03_20261007.html,Reference/Global_Currency_and_Securities_Firms_B03_20261007.qmd,True,ASSET_OR_SOURCE_OR_REPORT_REQUIRES_SCOPE_REVIEW,NOT_TESTED_THIS_BATCH
Reference/Global_Directory_Content_Expansion_B05_20261008.html,Reference/Global_Directory_Content_Expansion_B05_20261008.qmd,True,ASSET_OR_SOURCE_OR_REPORT_REQUIRES_SCOPE_REVIEW,NOT_TESTED_THIS_BATCH
Reference/Global_Directory_Content_Expansion_B06_20261008.html,Reference/Global_Directory_Content_Expansion_B06_20261008.qmd,True,ASSET_OR_SOURCE_OR_REPORT_REQUIRES_SCOPE_REVIEW,NOT_TESTED_THIS_BATCH
Reference/Global_Directory_Content_Expansion_B07_20261008.html,Reference/Global_Directory_Content_Expansion_B07_20261008.qmd,True,ASSET_OR_SOURCE_OR_REPORT_REQUIRES_SCOPE_REVIEW,NOT_TESTED_THIS_BATCH
Reference/Global_Directory_Content_Expansion_B10_20261008.html,Reference/Global_Directory_Content_Expansion_B10_20261008.qmd,True,ASSET_OR_SOURCE_OR_REPORT_REQUIRES_SCOPE_REVIEW,NOT_TESTED_THIS_BATCH
Reference/Global_Directory_Content_Expansion_B12_20261008.html,Reference/Global_Directory_Content_Expansion_B12_20261008.qmd,True,ASSET_OR_SOURCE_OR_REPORT_REQUIRES_SCOPE_REVIEW,NOT_TESTED_THIS_BATCH
Reference/Global_Directory_Content_Expansion_B14_20261008.html,Reference/Global_Directory_Content_Expansion_B14_20261008.qmd,True,ASSET_OR_SOURCE_OR_REPORT_REQUIRES_SCOPE_REVIEW,NOT_TESTED_THIS_BATCH
Reference/Global_Directory_Content_Expansion_B16_20261008.html,Reference/Global_Directory_Content_Expansion_B16_20261008.qmd,True,ASSET_OR_SOURCE_OR_REPORT_REQUIRES_SCOPE_REVIEW,NOT_TESTED_THIS_BATCH
Reference/Global_Directory_Content_Expansion_B18_20261008.html,Reference/Global_Directory_Content_Expansion_B18_20261008.qmd,True,ASSET_OR_SOURCE_OR_REPORT_REQUIRES_SCOPE_REVIEW,NOT_TESTED_THIS_BATCH
Reference/Global_Directory_Content_Expansion_B20_20261008.html,Reference/Global_Directory_Content_Expansion_B20_20261008.qmd,True,ASSET_OR_SOURCE_OR_REPORT_REQUIRES_SCOPE_REVIEW,NOT_TESTED_THIS_BATCH
Reference/Global_Directory_Content_Expansion_B22_20261008.html,Reference/Global_Directory_Content_Expansion_B22_20261008.qmd,True,ASSET_OR_SOURCE_OR_REPORT_REQUIRES_SCOPE_REVIEW,NOT_TESTED_THIS_BATCH
Reference/Global_Directory_Content_Expansion_B25_20261008.html,Reference/Global_Directory_Content_Expansion_B25_20261008.qmd,True,ASSET_OR_SOURCE_OR_REPORT_REQUIRES_SCOPE_REVIEW,NOT_TESTED_THIS_BATCH
Reference/Global_Directory_Followup_B13_20261008.html,Reference/Global_Directory_Followup_B13_20261008.qmd,True,ASSET_OR_SOURCE_OR_REPORT_REQUIRES_SCOPE_REVIEW,NOT_TESTED_THIS_BATCH
Reference/Global_Directory_Followup_B15_20261008.html,Reference/Global_Directory_Followup_B15_20261008.qmd,True,ASSET_OR_SOURCE_OR_REPORT_REQUIRES_SCOPE_REVIEW,NOT_TESTED_THIS_BATCH
Reference/Global_Directory_Followup_B17_20261008.html,Reference/Global_Directory_Followup_B17_20261008.qmd,True,ASSET_OR_SOURCE_OR_REPORT_REQUIRES_SCOPE_REVIEW,NOT_TESTED_THIS_BATCH
Reference/Global_Directory_Followup_B19_20261008.html,Reference/Global_Directory_Followup_B19_20261008.qmd,True,ASSET_OR_SOURCE_OR_REPORT_REQUIRES_SCOPE_REVIEW,NOT_TESTED_THIS_BATCH
Reference/Global_Directory_Followup_B21_20261008.html,Reference/Global_Directory_Followup_B21_20261008.qmd,True,ASSET_OR_SOURCE_OR_REPORT_REQUIRES_SCOPE_REVIEW,NOT_TESTED_THIS_BATCH
Reference/Global_Directory_Followup_B23_20261008.html,Reference/Global_Directory_Followup_B23_20261008.qmd,True,ASSET_OR_SOURCE_OR_REPORT_REQUIRES_SCOPE_REVIEW,NOT_TESTED_THIS_BATCH
Reference/Global_Financial_Universe_B04_20261007.html,Reference/Global_Financial_Universe_B04_20261007.qmd,True,ASSET_OR_SOURCE_OR_REPORT_REQUIRES_SCOPE_REVIEW,NOT_TESTED_THIS_BATCH
Reference/Global_Financial_Universe_B05_20261007.html,Reference/Global_Financial_Universe_B05_20261007.qmd,True,ASSET_OR_SOURCE_OR_REPORT_REQUIRES_SCOPE_REVIEW,NOT_TESTED_THIS_BATCH
Reference/Global_Financial_Universe_B06_20261007.html,Reference/Global_Financial_Universe_B06_20261007.qmd,True,ASSET_OR_SOURCE_OR_REPORT_REQUIRES_SCOPE_REVIEW,NOT_TESTED_THIS_BATCH
Reference/Global_Financial_Universe_B07_20261007.html,Reference/Global_Financial_Universe_B07_20261007.qmd,True,ASSET_OR_SOURCE_OR_REPORT_REQUIRES_SCOPE_REVIEW,NOT_TESTED_THIS_BATCH
Reference/Global_Historical_Instrument_CSV_B11_20261008.html,Reference/Global_Historical_Instrument_CSV_B11_20261008.qmd,True,ASSET_OR_SOURCE_OR_REPORT_REQUIRES_SCOPE_REVIEW,NOT_TESTED_THIS_BATCH
Reference/Global_Historical_Polities_B01_20261007.html,Reference/Global_Historical_Polities_B01_20261007.qmd,True,ASSET_OR_SOURCE_OR_REPORT_REQUIRES_SCOPE_REVIEW,NOT_TESTED_THIS_BATCH
Reference/Global_Listed_Company_Universe_20261007.html,Reference/Global_Listed_Company_Universe_20261007.qmd,True,ASSET_OR_SOURCE_OR_REPORT_REQUIRES_SCOPE_REVIEW,NOT_TESTED_THIS_BATCH
Reference/Global_Listed_Company_Universe_B02_20261007.html,Reference/Global_Listed_Company_Universe_B02_20261007.qmd,True,ASSET_OR_SOURCE_OR_REPORT_REQUIRES_SCOPE_REVIEW,NOT_TESTED_THIS_BATCH
Reference/Global_Market_Directory_Expansion_B04_20261008.html,Reference/Global_Market_Directory_Expansion_B04_20261008.qmd,True,ASSET_OR_SOURCE_OR_REPORT_REQUIRES_SCOPE_REVIEW,NOT_TESTED_THIS_BATCH
Reference/Global_Market_Source_Coverage_B03_20261008.html,Reference/Global_Market_Source_Coverage_B03_20261008.qmd,True,ASSET_OR_SOURCE_OR_REPORT_REQUIRES_SCOPE_REVIEW,NOT_TESTED_THIS_BATCH
Reference/Global_Registration_Authorities_B28_20261008.html,Reference/Global_Registration_Authorities_B28_20261008.qmd,True,ASSET_OR_SOURCE_OR_REPORT_REQUIRES_SCOPE_REVIEW,NOT_TESTED_THIS_BATCH
Reference/Global_Registry_Data_Contracts_20261007.html,Reference/Global_Registry_Data_Contracts_20261007.qmd,True,ASSET_OR_SOURCE_OR_REPORT_REQUIRES_SCOPE_REVIEW,NOT_TESTED_THIS_BATCH
Reference/Global_Registry_Identity_B27_20261008.html,Reference/Global_Registry_Identity_B27_20261008.qmd,True,ASSET_OR_SOURCE_OR_REPORT_REQUIRES_SCOPE_REVIEW,NOT_TESTED_THIS_BATCH
Reference/Global_Registry_Review_B24_20261008.html,Reference/Global_Registry_Review_B24_20261008.qmd,True,ASSET_OR_SOURCE_OR_REPORT_REQUIRES_SCOPE_REVIEW,NOT_TESTED_THIS_BATCH
Reference/Global_Registry_Semantic_Correction_B26_20261008.html,Reference/Global_Registry_Semantic_Correction_B26_20261008.qmd,True,ASSET_OR_SOURCE_OR_REPORT_REQUIRES_SCOPE_REVIEW,NOT_TESTED_THIS_BATCH
Reference/Global_Technology_ISO249_Registry.html,Reference/Global_Technology_ISO249_Registry.qmd,True,ASSET_OR_SOURCE_OR_REPORT_REQUIRES_SCOPE_REVIEW,NOT_TESTED_THIS_BATCH
Reference/Global_Technology_ISO249_Registry_B02.html,Reference/Global_Technology_ISO249_Registry_B02.qmd,True,ASSET_OR_SOURCE_OR_REPORT_REQUIRES_SCOPE_REVIEW,NOT_TESTED_THIS_BATCH
Reference/Global_Technology_ISO249_Registry_B03.html,Reference/Global_Technology_ISO249_Registry_B03.qmd,True,ASSET_OR_SOURCE_OR_REPORT_REQUIRES_SCOPE_REVIEW,NOT_TESTED_THIS_BATCH
Reference/Global_Technology_ISO249_Registry_B04.html,Reference/Global_Technology_ISO249_Registry_B04.qmd,True,ASSET_OR_SOURCE_OR_REPORT_REQUIRES_SCOPE_REVIEW,NOT_TESTED_THIS_BATCH
Reference/Global_Universe_Expansion_B02_20261007.html,Reference/Global_Universe_Expansion_B02_20261007.qmd,True,ASSET_OR_SOURCE_OR_REPORT_REQUIRES_SCOPE_REVIEW,NOT_TESTED_THIS_BATCH
Reference/Global_Workbook_Content_Expansion_B08_20261008.html,Reference/Global_Workbook_Content_Expansion_B08_20261008.qmd,True,ASSET_OR_SOURCE_OR_REPORT_REQUIRES_SCOPE_REVIEW,NOT_TESTED_THIS_BATCH
Reference/Global_Workbook_Semantics_Expansion_B09_20261008.html,Reference/Global_Workbook_Semantics_Expansion_B09_20261008.qmd,True,ASSET_OR_SOURCE_OR_REPORT_REQUIRES_SCOPE_REVIEW,NOT_TESTED_THIS_BATCH
Reference/Governance_Field_Review_20261007.html,Reference/Governance_Field_Review_20261007.qmd,True,ASSET_OR_SOURCE_OR_REPORT_REQUIRES_SCOPE_REVIEW,NOT_TESTED_THIS_BATCH
Reference/Historical_Metadata_Review_20261007.html,Reference/Historical_Metadata_Review_20261007.qmd,True,ASSET_OR_SOURCE_OR_REPORT_REQUIRES_SCOPE_REVIEW,NOT_TESTED_THIS_BATCH
Reference/Historical_Polities_Timeline_Map_B01_20261007.html,Reference/Historical_Polities_Timeline_Map_B01_20261007.qmd,True,ASSET_OR_SOURCE_OR_REPORT_REQUIRES_SCOPE_REVIEW,NOT_TESTED_THIS_BATCH
Reference/ISO_Baseline_Field_Review_20261007.html,Reference/ISO_Baseline_Field_Review_20261007.qmd,True,ASSET_OR_SOURCE_OR_REPORT_REQUIRES_SCOPE_REVIEW,NOT_TESTED_THIS_BATCH
Reference/Incremental_Catalogue_Review_20261007.html,Reference/Incremental_Catalogue_Review_20261007.qmd,True,ASSET_OR_SOURCE_OR_REPORT_REQUIRES_SCOPE_REVIEW,NOT_TESTED_THIS_BATCH
Reference/Incremental_Contracts_Review_20261007.html,Reference/Incremental_Contracts_Review_20261007.qmd,True,ASSET_OR_SOURCE_OR_REPORT_REQUIRES_SCOPE_REVIEW,NOT_TESTED_THIS_BATCH
Reference/Inteligent_egaming_platform_ref_v000.000.001.html,Reference/Inteligent_egaming_platform_ref_v000.000.001.qmd,True,ASSET_OR_SOURCE_OR_REPORT_REQUIRES_SCOPE_REVIEW,NOT_TESTED_THIS_BATCH
Reference/Metadata_Completion_Review_20261007.html,Reference/Metadata_Completion_Review_20261007.qmd,True,ASSET_OR_SOURCE_OR_REPORT_REQUIRES_SCOPE_REVIEW,NOT_TESTED_THIS_BATCH
Reference/Official_Evidence_B01_20261007.html,Reference/Official_Evidence_B01_20261007.qmd,True,ASSET_OR_SOURCE_OR_REPORT_REQUIRES_SCOPE_REVIEW,NOT_TESTED_THIS_BATCH
Reference/Official_Evidence_B02_20261007.html,Reference/Official_Evidence_B02_20261007.qmd,True,ASSET_OR_SOURCE_OR_REPORT_REQUIRES_SCOPE_REVIEW,NOT_TESTED_THIS_BATCH
Reference/Official_Evidence_B03_20261007.html,Reference/Official_Evidence_B03_20261007.qmd,True,ASSET_OR_SOURCE_OR_REPORT_REQUIRES_SCOPE_REVIEW,NOT_TESTED_THIS_BATCH
Reference/Official_Evidence_B04_20261007.html,Reference/Official_Evidence_B04_20261007.qmd,True,ASSET_OR_SOURCE_OR_REPORT_REQUIRES_SCOPE_REVIEW,NOT_TESTED_THIS_BATCH
Reference/Official_Evidence_B05_20261007.html,Reference/Official_Evidence_B05_20261007.qmd,True,ASSET_OR_SOURCE_OR_REPORT_REQUIRES_SCOPE_REVIEW,NOT_TESTED_THIS_BATCH
Reference/Official_Evidence_B06_20261007.html,Reference/Official_Evidence_B06_20261007.qmd,True,ASSET_OR_SOURCE_OR_REPORT_REQUIRES_SCOPE_REVIEW,NOT_TESTED_THIS_BATCH
Reference/Official_Evidence_B07_20261007.html,Reference/Official_Evidence_B07_20261007.qmd,True,ASSET_OR_SOURCE_OR_REPORT_REQUIRES_SCOPE_REVIEW,NOT_TESTED_THIS_BATCH
Reference/Official_Evidence_B08_20261007.html,Reference/Official_Evidence_B08_20261007.qmd,True,ASSET_OR_SOURCE_OR_REPORT_REQUIRES_SCOPE_REVIEW,NOT_TESTED_THIS_BATCH
Reference/Official_Evidence_Integration_20261007.html,Reference/Official_Evidence_Integration_20261007.qmd,True,ASSET_OR_SOURCE_OR_REPORT_REQUIRES_SCOPE_REVIEW,NOT_TESTED_THIS_BATCH
Reference/Official_Evidence_Integration_v2_20261007.html,Reference/Official_Evidence_Integration_v2_20261007.qmd,True,ASSET_OR_SOURCE_OR_REPORT_REQUIRES_SCOPE_REVIEW,NOT_TESTED_THIS_BATCH
Reference/Project_Data_Architecture_20261007.html,Reference/Project_Data_Architecture_20261007.qmd,True,ASSET_OR_SOURCE_OR_REPORT_REQUIRES_SCOPE_REVIEW,NOT_TESTED_THIS_BATCH
Reference/Project_Information_Integration_20261007.html,Reference/Project_Information_Integration_20261007.qmd,True,ASSET_OR_SOURCE_OR_REPORT_REQUIRES_SCOPE_REVIEW,NOT_TESTED_THIS_BATCH
Reference/Project_Semantics_Evidence_Review_20261007.html,Reference/Project_Semantics_Evidence_Review_20261007.qmd,True,ASSET_OR_SOURCE_OR_REPORT_REQUIRES_SCOPE_REVIEW,NOT_TESTED_THIS_BATCH
Reference/Projection_Contracts_Review_20261007.html,Reference/Projection_Contracts_Review_20261007.qmd,True,ASSET_OR_SOURCE_OR_REPORT_REQUIRES_SCOPE_REVIEW,NOT_TESTED_THIS_BATCH
Reference/Provenance_Field_Review_20261007.html,Reference/Provenance_Field_Review_20261007.qmd,True,ASSET_OR_SOURCE_OR_REPORT_REQUIRES_SCOPE_REVIEW,NOT_TESTED_THIS_BATCH
Reference/Reference_Field_Contracts_20261007.html,Reference/Reference_Field_Contracts_20261007.qmd,True,ASSET_OR_SOURCE_OR_REPORT_REQUIRES_SCOPE_REVIEW,NOT_TESTED_THIS_BATCH
Reference/Review_Artifact_Contracts_20261007.html,Reference/Review_Artifact_Contracts_20261007.qmd,True,ASSET_OR_SOURCE_OR_REPORT_REQUIRES_SCOPE_REVIEW,NOT_TESTED_THIS_BATCH
Reference/Service_Version_Field_Review_20261007.html,Reference/Service_Version_Field_Review_20261007.qmd,True,ASSET_OR_SOURCE_OR_REPORT_REQUIRES_SCOPE_REVIEW,NOT_TESTED_THIS_BATCH
Reference/Weather_Observation_B30_20261009.html,Reference/Weather_Observation_B30_20261009.qmd,True,ASSET_OR_SOURCE_OR_REPORT_REQUIRES_SCOPE_REVIEW,NOT_TESTED_THIS_BATCH
Reference/Weather_Quality_B32_20261009.html,Reference/Weather_Quality_B32_20261009.qmd,True,ASSET_OR_SOURCE_OR_REPORT_REQUIRES_SCOPE_REVIEW,NOT_TESTED_THIS_BATCH
Reference/Weather_Spatial_B33_20261009.html,Reference/Weather_Spatial_B33_20261009.qmd,True,ASSET_OR_SOURCE_OR_REPORT_REQUIRES_SCOPE_REVIEW,NOT_TESTED_THIS_BATCH
Reference/Weather_Station_History_B29_20261009.html,Reference/Weather_Station_History_B29_20261009.qmd,True,ASSET_OR_SOURCE_OR_REPORT_REQUIRES_SCOPE_REVIEW,NOT_TESTED_THIS_BATCH
Reference/Weather_Units_B31_20261009.html,Reference/Weather_Units_B31_20261009.qmd,True,ASSET_OR_SOURCE_OR_REPORT_REQUIRES_SCOPE_REVIEW,NOT_TESTED_THIS_BATCH
Reference/Whitepaper-Perfect-Baccarat-AI-Quant-Governance-V3-0-0.html,Reference/Whitepaper-Perfect-Baccarat-AI-Quant-Governance-V3-0-0.qmd,True,ASSET_OR_SOURCE_OR_REPORT_REQUIRES_SCOPE_REVIEW,NOT_TESTED_THIS_BATCH
Reference/Whitepaper-Perfect-Baccarat-AI-Quant-Governance-V3-1-0.html,Reference/Whitepaper-Perfect-Baccarat-AI-Quant-Governance-V3-1-0.qmd,True,ASSET_OR_SOURCE_OR_REPORT_REQUIRES_SCOPE_REVIEW,NOT_TESTED_THIS_BATCH
Reference/Workspace_Review_B34_20261009.html,Reference/Workspace_Review_B34_20261009.qmd,True,ASSET_OR_SOURCE_OR_REPORT_REQUIRES_SCOPE_REVIEW,NOT_TESTED_THIS_BATCH
Reference/全球在线博彩娱乐_AI量化科技与安全治理白皮书_2026-09-27.html,Reference/全球在线博彩娱乐_AI量化科技与安全治理白皮书_2026-09-27.qmd,True,ASSET_OR_SOURCE_OR_REPORT_REQUIRES_SCOPE_REVIEW,NOT_TESTED_THIS_BATCH
Reference/在线博彩娱乐白皮书_完美真人百家乐_三价值统一架构_v0_2_0_DRAFT.html,Reference/在线博彩娱乐白皮书_完美真人百家乐_三价值统一架构_v0_2_0_DRAFT.qmd,True,ASSET_OR_SOURCE_OR_REPORT_REQUIRES_SCOPE_REVIEW,NOT_TESTED_THIS_BATCH
Reference/在线博彩娱乐白皮书_完美真人百家乐_三价值统一架构_v0_3_0_DRAFT.html,Reference/在线博彩娱乐白皮书_完美真人百家乐_三价值统一架构_v0_3_0_DRAFT.qmd,True,ASSET_OR_SOURCE_OR_REPORT_REQUIRES_SCOPE_REVIEW,NOT_TESTED_THIS_BATCH
Reference/真实版人物分析与治国策略服务_名录与九十日行令_v2_4_全球行政通信宇航生命证据增强版_20261004.html,Reference/真实版人物分析与治国策略服务_名录与九十日行令_v2_4_全球行政通信宇航生命证据增强版_20261004.qmd,True,ASSET_OR_SOURCE_OR_REPORT_REQUIRES_SCOPE_REVIEW,NOT_TESTED_THIS_BATCH
Reference/電腦已昇級至視窗11版（工欲善其事必先利其器）.html,Reference/電腦已昇級至視窗11版（工欲善其事必先利其器）.qmd,True,ASSET_OR_SOURCE_OR_REPORT_REQUIRES_SCOPE_REVIEW,NOT_TESTED_THIS_BATCH
V1.0.0/CHANGELOG.html,V1.0.0/CHANGELOG.qmd,True,ASSET_OR_SOURCE_OR_REPORT_REQUIRES_SCOPE_REVIEW,NOT_TESTED_THIS_BATCH
V1.0.0/CONTRIBUTING.html,V1.0.0/CONTRIBUTING.qmd,True,ASSET_OR_SOURCE_OR_REPORT_REQUIRES_SCOPE_REVIEW,NOT_TESTED_THIS_BATCH
V1.0.0/README.html,V1.0.0/README.qmd,True,ASSET_OR_SOURCE_OR_REPORT_REQUIRES_SCOPE_REVIEW,NOT_TESTED_THIS_BATCH
V1.0.0/ROADMAP.html,V1.0.0/ROADMAP.qmd,True,ASSET_OR_SOURCE_OR_REPORT_REQUIRES_SCOPE_REVIEW,NOT_TESTED_THIS_BATCH
V2.0.1/feature/ods-data-dictionary-governance/CHANGELOG.html,V2.0.1/feature/ods-data-dictionary-governance/CHANGELOG.qmd,True,ASSET_OR_SOURCE_OR_REPORT_REQUIRES_SCOPE_REVIEW,NOT_TESTED_THIS_BATCH
V2.0.1/feature/ods-data-dictionary-governance/CONTRIBUTING.html,V2.0.1/feature/ods-data-dictionary-governance/CONTRIBUTING.qmd,True,ASSET_OR_SOURCE_OR_REPORT_REQUIRES_SCOPE_REVIEW,NOT_TESTED_THIS_BATCH
V2.0.1/feature/ods-data-dictionary-governance/README.html,V2.0.1/feature/ods-data-dictionary-governance/README.qmd,True,ASSET_OR_SOURCE_OR_REPORT_REQUIRES_SCOPE_REVIEW,NOT_TESTED_THIS_BATCH
V2.0.1/feature/ods-data-dictionary-governance/ROADMAP.html,V2.0.1/feature/ods-data-dictionary-governance/ROADMAP.qmd,True,ASSET_OR_SOURCE_OR_REPORT_REQUIRES_SCOPE_REVIEW,NOT_TESTED_THIS_BATCH
V2.0.1/feature/ods-data-dictionary-governance/docs/01_Project/Development_Standards.html,V2.0.1/feature/ods-data-dictionary-governance/docs/01_Project/Development_Standards.qmd,True,ASSET_OR_SOURCE_OR_REPORT_REQUIRES_SCOPE_REVIEW,NOT_TESTED_THIS_BATCH
V2.0.1/feature/ods-data-dictionary-governance/docs/01_Project/OGDIL_Charter.html,V2.0.1/feature/ods-data-dictionary-governance/docs/01_Project/OGDIL_Charter.qmd,True,ASSET_OR_SOURCE_OR_REPORT_REQUIRES_SCOPE_REVIEW,NOT_TESTED_THIS_BATCH
docs/01_Project/Development_Standards.html,docs/01_Project/Development_Standards.qmd,True,ASSET_OR_SOURCE_OR_REPORT_REQUIRES_SCOPE_REVIEW,NOT_TESTED_THIS_BATCH
docs/01_Project/OGDIL_Charter.html,docs/01_Project/OGDIL_Charter.qmd,True,ASSET_OR_SOURCE_OR_REPORT_REQUIRES_SCOPE_REVIEW,NOT_TESTED_THIS_BATCH
reports/2026-10-04/cross_document_consistency/evidence/iaf_membership_b988d55de72f.html,reports/2026-10-04/cross_document_consistency/evidence/iaf_membership_b988d55de72f.qmd,True,ASSET_OR_SOURCE_OR_REPORT_REQUIRES_SCOPE_REVIEW,NOT_TESTED_THIS_BATCH
reports/2026-10-07/currency_broker_b03/raw/fsa_index.html,reports/2026-10-07/currency_broker_b03/raw/fsa_index.qmd,True,ASSET_OR_SOURCE_OR_REPORT_REQUIRES_SCOPE_REVIEW,NOT_TESTED_THIS_BATCH
reports/2026-10-07/currency_broker_b03/raw/jpx_participants.html,reports/2026-10-07/currency_broker_b03/raw/jpx_participants.qmd,True,ASSET_OR_SOURCE_OR_REPORT_REQUIRES_SCOPE_REVIEW,NOT_TESTED_THIS_BATCH
reports/2026-10-07/currency_broker_b03/raw/six_index.html,reports/2026-10-07/currency_broker_b03/raw/six_index.qmd,True,ASSET_OR_SOURCE_OR_REPORT_REQUIRES_SCOPE_REVIEW,NOT_TESTED_THIS_BATCH
reports/2026-10-07/financial_universe_b06/raw/tpex_openapi.html,reports/2026-10-07/financial_universe_b06/raw/tpex_openapi.qmd,True,ASSET_OR_SOURCE_OR_REPORT_REQUIRES_SCOPE_REVIEW,NOT_TESTED_THIS_BATCH
reports/2026-10-07/financial_universe_b06/raw/twse_openapi.html,reports/2026-10-07/financial_universe_b06/raw/twse_openapi.qmd,True,ASSET_OR_SOURCE_OR_REPORT_REQUIRES_SCOPE_REVIEW,NOT_TESTED_THIS_BATCH
reports/2026-10-07/financial_universe_b07/raw/esma_help.html,reports/2026-10-07/financial_universe_b07/raw/esma_help.qmd,True,ASSET_OR_SOURCE_OR_REPORT_REQUIRES_SCOPE_REVIEW,NOT_TESTED_THIS_BATCH
reports/2026-10-07/global_expansion_b02/raw/cvm_company_catalog.html,reports/2026-10-07/global_expansion_b02/raw/cvm_company_catalog.qmd,True,ASSET_OR_SOURCE_OR_REPORT_REQUIRES_SCOPE_REVIEW,NOT_TESTED_THIS_BATCH
reports/2026-10-07/global_expansion_b02/raw/euronext_equities.html,reports/2026-10-07/global_expansion_b02/raw/euronext_equities.qmd,True,ASSET_OR_SOURCE_OR_REPORT_REQUIRES_SCOPE_REVIEW,NOT_TESTED_THIS_BATCH
reports/2026-10-07/global_expansion_b02/raw/euronext_members.html,reports/2026-10-07/global_expansion_b02/raw/euronext_members.qmd,True,ASSET_OR_SOURCE_OR_REPORT_REQUIRES_SCOPE_REVIEW,NOT_TESTED_THIS_BATCH
reports/2026-10-07/global_expansion_b02/raw/members_iframe.html,reports/2026-10-07/global_expansion_b02/raw/members_iframe.qmd,True,ASSET_OR_SOURCE_OR_REPORT_REQUIRES_SCOPE_REVIEW,NOT_TESTED_THIS_BATCH
reports/2026-10-07/global_expansion_b02/raw/members_page_01.html,reports/2026-10-07/global_expansion_b02/raw/members_page_01.qmd,True,ASSET_OR_SOURCE_OR_REPORT_REQUIRES_SCOPE_REVIEW,NOT_TESTED_THIS_BATCH
reports/2026-10-07/global_expansion_b02/raw/members_page_02.html,reports/2026-10-07/global_expansion_b02/raw/members_page_02.qmd,True,ASSET_OR_SOURCE_OR_REPORT_REQUIRES_SCOPE_REVIEW,NOT_TESTED_THIS_BATCH
reports/2026-10-07/global_expansion_b02/raw/members_page_03.html,reports/2026-10-07/global_expansion_b02/raw/members_page_03.qmd,True,ASSET_OR_SOURCE_OR_REPORT_REQUIRES_SCOPE_REVIEW,NOT_TESTED_THIS_BATCH
reports/2026-10-07/global_expansion_b02/raw/members_page_04.html,reports/2026-10-07/global_expansion_b02/raw/members_page_04.qmd,True,ASSET_OR_SOURCE_OR_REPORT_REQUIRES_SCOPE_REVIEW,NOT_TESTED_THIS_BATCH
reports/2026-10-07/global_expansion_b02/raw/members_page_05.html,reports/2026-10-07/global_expansion_b02/raw/members_page_05.qmd,True,ASSET_OR_SOURCE_OR_REPORT_REQUIRES_SCOPE_REVIEW,NOT_TESTED_THIS_BATCH
reports/2026-10-07/global_expansion_b02/raw/members_page_06.html,reports/2026-10-07/global_expansion_b02/raw/members_page_06.qmd,True,ASSET_OR_SOURCE_OR_REPORT_REQUIRES_SCOPE_REVIEW,NOT_TESTED_THIS_BATCH
reports/2026-10-07/global_expansion_b02/raw/members_page_07.html,reports/2026-10-07/global_expansion_b02/raw/members_page_07.qmd,True,ASSET_OR_SOURCE_OR_REPORT_REQUIRES_SCOPE_REVIEW,NOT_TESTED_THIS_BATCH
reports/2026-10-07/global_expansion_b02/raw/members_page_08.html,reports/2026-10-07/global_expansion_b02/raw/members_page_08.qmd,True,ASSET_OR_SOURCE_OR_REPORT_REQUIRES_SCOPE_REVIEW,NOT_TESTED_THIS_BATCH
reports/2026-10-07/global_expansion_b02/raw/members_page_09.html,reports/2026-10-07/global_expansion_b02/raw/members_page_09.qmd,True,ASSET_OR_SOURCE_OR_REPORT_REQUIRES_SCOPE_REVIEW,NOT_TESTED_THIS_BATCH
reports/2026-10-07/global_expansion_b02/raw/members_page_10.html,reports/2026-10-07/global_expansion_b02/raw/members_page_10.qmd,True,ASSET_OR_SOURCE_OR_REPORT_REQUIRES_SCOPE_REVIEW,NOT_TESTED_THIS_BATCH
reports/2026-10-07/global_expansion_b02/raw/members_page_11.html,reports/2026-10-07/global_expansion_b02/raw/members_page_11.qmd,True,ASSET_OR_SOURCE_OR_REPORT_REQUIRES_SCOPE_REVIEW,NOT_TESTED_THIS_BATCH
reports/2026-10-07/global_expansion_b02/raw/members_page_12.html,reports/2026-10-07/global_expansion_b02/raw/members_page_12.qmd,True,ASSET_OR_SOURCE_OR_REPORT_REQUIRES_SCOPE_REVIEW,NOT_TESTED_THIS_BATCH
reports/2026-10-07/global_expansion_b02/raw/members_page_13.html,reports/2026-10-07/global_expansion_b02/raw/members_page_13.qmd,True,ASSET_OR_SOURCE_OR_REPORT_REQUIRES_SCOPE_REVIEW,NOT_TESTED_THIS_BATCH
reports/2026-10-07/global_expansion_b02/raw/members_page_14.html,reports/2026-10-07/global_expansion_b02/raw/members_page_14.qmd,True,ASSET_OR_SOURCE_OR_REPORT_REQUIRES_SCOPE_REVIEW,NOT_TESTED_THIS_BATCH
reports/2026-10-07/global_expansion_b02/raw/seshat_polities.html,reports/2026-10-07/global_expansion_b02/raw/seshat_polities.qmd,True,ASSET_OR_SOURCE_OR_REPORT_REQUIRES_SCOPE_REVIEW,NOT_TESTED_THIS_BATCH
reports/2026-10-07/historical_polities_b01/map_template.html,reports/2026-10-07/historical_polities_b01/map_template.qmd,True,ASSET_OR_SOURCE_OR_REPORT_REQUIRES_SCOPE_REVIEW,NOT_TESTED_THIS_BATCH
reports/2026-10-07/historical_polities_b01/raw/cow_membership_page.html,reports/2026-10-07/historical_polities_b01/raw/cow_membership_page.qmd,True,ASSET_OR_SOURCE_OR_REPORT_REQUIRES_SCOPE_REVIEW,NOT_TESTED_THIS_BATCH
reports/2026-10-07/historical_polities_b01/raw/sec_broker_download_error.html,reports/2026-10-07/historical_polities_b01/raw/sec_broker_download_error.qmd,True,ASSET_OR_SOURCE_OR_REPORT_REQUIRES_SCOPE_REVIEW,NOT_TESTED_THIS_BATCH
reports/2026-10-07/historical_polities_b01/raw/sec_datagov_catalog.html,reports/2026-10-07/historical_polities_b01/raw/sec_datagov_catalog.qmd,True,ASSET_OR_SOURCE_OR_REPORT_REQUIRES_SCOPE_REVIEW,NOT_TESTED_THIS_BATCH
reports/2026-10-07/historical_polities_b01/raw/un_m49_overview.html,reports/2026-10-07/historical_polities_b01/raw/un_m49_overview.qmd,True,ASSET_OR_SOURCE_OR_REPORT_REQUIRES_SCOPE_REVIEW,NOT_TESTED_THIS_BATCH
reports/2026-10-07/listed_universe_b02/raw/jpx_index.html,reports/2026-10-07/listed_universe_b02/raw/jpx_index.qmd,True,ASSET_OR_SOURCE_OR_REPORT_REQUIRES_SCOPE_REVIEW,NOT_TESTED_THIS_BATCH
reports/2026-10-07/listed_universe_b04/raw/asx_directory.html,reports/2026-10-07/listed_universe_b04/raw/asx_directory.qmd,False,ASSET_OR_SOURCE_OR_REPORT_REQUIRES_SCOPE_REVIEW,NOT_TESTED_THIS_BATCH
reports/2026-10-07/listed_universe_b05/raw/nzsx.html,reports/2026-10-07/listed_universe_b05/raw/nzsx.qmd,True,ASSET_OR_SOURCE_OR_REPORT_REQUIRES_SCOPE_REVIEW,NOT_TESTED_THIS_BATCH
reports/2026-10-07/listed_universe_b05/raw/nzx_participants.html,reports/2026-10-07/listed_universe_b05/raw/nzx_participants.qmd,True,ASSET_OR_SOURCE_OR_REPORT_REQUIRES_SCOPE_REVIEW,NOT_TESTED_THIS_BATCH
reports/2026-10-07/listed_universe_b05/raw/tmx_mig.html,reports/2026-10-07/listed_universe_b05/raw/tmx_mig.qmd,True,ASSET_OR_SOURCE_OR_REPORT_REQUIRES_SCOPE_REVIEW,NOT_TESTED_THIS_BATCH
reports/2026-10-07/listed_universe_b05/raw/tsx_directory.html,reports/2026-10-07/listed_universe_b05/raw/tsx_directory.qmd,True,ASSET_OR_SOURCE_OR_REPORT_REQUIRES_SCOPE_REVIEW,NOT_TESTED_THIS_BATCH
reports/2026-10-07/semantic_evidence_review/originals/8f8abbe518d61c94dfa1e8f9663dca031407e1ee57cdd06a84185f2c64079936.html,reports/2026-10-07/semantic_evidence_review/originals/8f8abbe518d61c94dfa1e8f9663dca031407e1ee57cdd06a84185f2c64079936.qmd,True,ASSET_OR_SOURCE_OR_REPORT_REQUIRES_SCOPE_REVIEW,NOT_TESTED_THIS_BATCH
reports/2026-10-07/semantic_evidence_review/originals/a6c7b9664d19ae1a8d85296d2385fd0ffd69763d0a4b082eeabea51593407023.html,reports/2026-10-07/semantic_evidence_review/originals/a6c7b9664d19ae1a8d85296d2385fd0ffd69763d0a4b082eeabea51593407023.qmd,True,ASSET_OR_SOURCE_OR_REPORT_REQUIRES_SCOPE_REVIEW,NOT_TESTED_THIS_BATCH
归档/_大秦赋算筹_v1_1_0.html,归档/_大秦赋算筹_v1_1_0.qmd,True,ASSET_OR_SOURCE_OR_REPORT_REQUIRES_SCOPE_REVIEW,NOT_TESTED_THIS_BATCH
归档/_大秦赋算筹_v1_2_0.html,归档/_大秦赋算筹_v1_2_0.qmd,True,ASSET_OR_SOURCE_OR_REPORT_REQUIRES_SCOPE_REVIEW,NOT_TESTED_THIS_BATCH
归档/_大秦赋算筹_v1_2_2.html,归档/_大秦赋算筹_v1_2_2.qmd,True,ASSET_OR_SOURCE_OR_REPORT_REQUIRES_SCOPE_REVIEW,NOT_TESTED_THIS_BATCH
归档/_大秦赋算筹_v1_3_0.html,归档/_大秦赋算筹_v1_3_0.qmd,True,ASSET_OR_SOURCE_OR_REPORT_REQUIRES_SCOPE_REVIEW,NOT_TESTED_THIS_BATCH
归档/《大秦赋算筹》.html,归档/《大秦赋算筹》.qmd,True,ASSET_OR_SOURCE_OR_REPORT_REQUIRES_SCOPE_REVIEW,NOT_TESTED_THIS_BATCH
貢獻.html,貢獻.qmd,True,ASSET_OR_SOURCE_OR_REPORT_REQUIRES_SCOPE_REVIEW,NOT_TESTED_THIS_BATCH
贡献.html,贡献.qmd,True,ASSET_OR_SOURCE_OR_REPORT_REQUIRES_SCOPE_REVIEW,NOT_TESTED_THIS_BATCH
