station_id,source_days,missing_sentinels,parse_or_nonfinite,quality_flagged_days,temp_sufficient_days,precipitation_24h_windows,max_location_difference_km,model_skill,sentinel_documentation_conflicts
01001099999,355,395,0,0,355,325,0.038989,NOT_TESTED,0
01001499999,300,995,0,0,300,0,0.011831,NOT_TESTED,0
01008099999,355,778,0,0,355,315,0.015921,NOT_TESTED,0
03003099999,355,1171,0,0,355,0,0.02768,NOT_TESTED,0
04202099999,354,586,0,0,354,38,0.022955,NOT_TESTED,0
08594099999,355,904,0,0,355,11,0.06408,NOT_TESTED,0
21823099999,355,1200,0,0,355,0,0.032622,NOT_TESTED,0
23022099999,353,478,0,0,353,333,0.0,NOT_TESTED,0
23220499999,355,1119,0,0,355,0,0.051429,NOT_TESTED,0
25594099999,284,1007,0,0,284,0,0.02134,NOT_TESTED,0
25913099999,356,511,0,0,356,330,0.024504,NOT_TESTED,0
40199099999,206,686,0,0,206,5,0.032213,NOT_TESTED,82
40856099999,355,795,0,0,355,355,0.040517,NOT_TESTED,0
43599099999,355,765,0,0,355,184,0.05489,NOT_TESTED,0
46686099999,355,1101,0,0,355,0,0.034872,NOT_TESTED,0
61902099999,353,916,0,0,353,97,0.058113,NOT_TESTED,0
61980099999,355,1036,0,0,355,352,0.033875,NOT_TESTED,0
68538099999,355,1027,0,0,355,53,0.048885,NOT_TESTED,0
68906099999,353,685,0,0,353,305,0.028245,NOT_TESTED,2
70063899999,280,322,0,0,280,182,0.021343,NOT_TESTED,0
71002099999,345,421,0,0,345,332,0.037072,NOT_TESTED,0
72026912982,308,401,0,0,308,32,0.038273,NOT_TESTED,0
80398099999,357,793,0,0,357,29,0.042628,NOT_TESTED,1
85196099999,351,779,0,0,351,93,0.025445,NOT_TESTED,27
89009090001,340,1399,0,0,340,0,0.0,NOT_TESTED,0
89055099999,355,623,0,0,355,234,0.040414,NOT_TESTED,0
89062099999,354,934,0,0,354,0,0.03968,NOT_TESTED,1
89615099999,119,455,0,0,119,0,0.039859,NOT_TESTED,0
89664087601,352,470,0,0,352,264,0.037494,NOT_TESTED,0
91066022701,127,197,0,0,127,124,0.032339,NOT_TESTED,9
91503099999,352,705,0,0,352,339,0.010693,NOT_TESTED,3
91665099999,349,1186,0,0,349,2,0.051321,NOT_TESTED,0
93119099999,355,1198,0,0,355,0,0.030217,NOT_TESTED,0
94609099999,355,928,0,0,355,342,0.031395,NOT_TESTED,0
