path,rows,status_counts_json,sha256,recheck,external_freshness,version_policy
Reference/tables/22_listed_universe_b04_20261007/source_access_gaps.csv,4,"{""state"": {""ACCESS_DENIED_NO_DATA_INGESTED"": 4}}",969b24872cf71431c01c2e9c2ecee9dd65dbe99567c50cb8cadc584c57bf836d,LOCAL_SCHEMA_ROWS_STATUS_HASH_RECOUNTED,NOT_REVALIDATED_THIS_BATCH,HISTORICAL_AND_CURRENT_QUEUES_NOT_ADDED_TOGETHER
Reference/tables/24_financial_universe_b06_20261007/registry_operating_market_research_queue.csv,1334,"{""investigation_state"": {""LISTING_SCOPE_AND_OFFICIAL_DIRECTORY_TO_VERIFY"": 1334}}",829199b066db6dff89ee21dfdac997deef541aa9711940f77600923c0c669293,LOCAL_SCHEMA_ROWS_STATUS_HASH_RECOUNTED,NOT_REVALIDATED_THIS_BATCH,HISTORICAL_AND_CURRENT_QUEUES_NOT_ADDED_TOGETHER
Reference/tables/26_historical_polities_b01_20261007/registry_financial_source_gap_checks.csv,2,"{""access_status"": {""HTTP_403_NO_ROWS_INGESTED"": 1, ""DOCUMENTED_FIRM_OR_ORGANIZATION_CREDENTIALS_NOT_AVAILABLE"": 1}}",04d24e917600c1f0b9dcb5476271864750bea4177d262c9f24b8802809210592,LOCAL_SCHEMA_ROWS_STATUS_HASH_RECOUNTED,NOT_REVALIDATED_THIS_BATCH,HISTORICAL_AND_CURRENT_QUEUES_NOT_ADDED_TOGETHER
Reference/tables/26_historical_polities_b01_20261007/registry_historical_scope_gaps.csv,4,"{""status"": {""UNKNOWN"": 1, ""PARTIAL_SOURCE_COVERAGE"": 1, ""CURRENT_CHANGES_PENDING"": 1, ""OPEN_ALL_COUNTRIES"": 1}}",5199f1cda3966757479c78622aebcbdaa31da8d3c397986f9defe3fd251b1a33,LOCAL_SCHEMA_ROWS_STATUS_HASH_RECOUNTED,NOT_REVALIDATED_THIS_BATCH,HISTORICAL_AND_CURRENT_QUEUES_NOT_ADDED_TOGETHER
Reference/tables/27_global_expansion_b02_20261007/registry_historical_interval_gaps.csv,427,"{""status"": {""SOURCE_GAP_NOT_PROOF_OF_POLITY_ABSENCE"": 427}}",5b6a3144897a5610ce7384f693fa14c26fc054ad7ecfabb191e965f941cc3cb2,LOCAL_SCHEMA_ROWS_STATUS_HASH_RECOUNTED,NOT_REVALIDATED_THIS_BATCH,HISTORICAL_AND_CURRENT_QUEUES_NOT_ADDED_TOGETHER
Reference/tables/27_global_expansion_b02_20261007/registry_source_access_gaps.csv,4,"{""HTTP_status"": {""403"": 4}, ""status"": {""NO_DATA_INGESTED_ACCESS_DENIED"": 4}}",02225991371532e24d839baafd10834a94c651ecb191c1d83591970e674bd311,LOCAL_SCHEMA_ROWS_STATUS_HASH_RECOUNTED,NOT_REVALIDATED_THIS_BATCH,HISTORICAL_AND_CURRENT_QUEUES_NOT_ADDED_TOGETHER
Reference/tables/28_global_market_sources_b03_20261008/registry_source_collection_workqueue.csv,1653,"{""http_status"": {""200"": 939, ""403"": 137, """": 467, ""401"": 2, ""404"": 89, ""503"": 8, ""412"": 1, ""302"": 1, ""567"": 1, ""429"": 2, ""525"": 1, ""202"": 1, ""500"": 1, ""400"": 1, ""421"": 1, ""301"": 1}}",6d52b71ad4f728c010cc97fce5d8962dc51eb904b03f2cae1a4c9ca8bb95e15a,LOCAL_SCHEMA_ROWS_STATUS_HASH_RECOUNTED,NOT_REVALIDATED_THIS_BATCH,HISTORICAL_AND_CURRENT_QUEUES_NOT_ADDED_TOGETHER
Reference/tables/29_global_market_directories_b04_20261008/registry_all_directory_collection_workqueue.csv,4849,"{""status"": {""OBSERVED_LINK_REQUIRES_CONTENT_VALIDATION"": 4849}}",488ec987c2f2be92b629e42a05181bed27c5d9b898ca1b4776101b1939a65931,LOCAL_SCHEMA_ROWS_STATUS_HASH_RECOUNTED,NOT_REVALIDATED_THIS_BATCH,HISTORICAL_AND_CURRENT_QUEUES_NOT_ADDED_TOGETHER
Reference/tables/29_global_market_directories_b04_20261008/registry_directory_discovery_gaps.csv,888,"{""http_status"": {""403"": 107, """": 444, ""200"": 310, ""503"": 6, ""404"": 12, ""429"": 2, ""525"": 1, ""400"": 1, ""500"": 1, ""302"": 1, ""421"": 1, ""401"": 1, ""301"": 1}}",826b753bc6d365ba53adcf1f32b6e69b345723892c9e99a89143d9b62783b9fd,LOCAL_SCHEMA_ROWS_STATUS_HASH_RECOUNTED,NOT_REVALIDATED_THIS_BATCH,HISTORICAL_AND_CURRENT_QUEUES_NOT_ADDED_TOGETHER
Reference/tables/30_global_directory_content_b05_20261008/registry_all_workqueue_priority_review.csv,4849,"{""status"": {""OBSERVED_LINK_REQUIRES_CONTENT_VALIDATION"": 4849}}",f68ec29d71f08aeb164b68d9e6b1c7459026b2c17742f12eb26c02933027525e,LOCAL_SCHEMA_ROWS_STATUS_HASH_RECOUNTED,NOT_REVALIDATED_THIS_BATCH,HISTORICAL_AND_CURRENT_QUEUES_NOT_ADDED_TOGETHER
Reference/tables/30_global_directory_content_b05_20261008/registry_pagination_gaps.csv,0,{},f01a374e9c81e3db89b3a42940c4d6a5447684986a1296e42bf13f196eed6295,LOCAL_SCHEMA_ROWS_STATUS_HASH_RECOUNTED,NOT_REVALIDATED_THIS_BATCH,HISTORICAL_AND_CURRENT_QUEUES_NOT_ADDED_TOGETHER
Reference/tables/31_global_directory_content_b06_20261008/registry_pagination_gaps.csv,3084,"{""status"": {""OBSERVED_PAGE_LINK_NOT_YET_FETCHED"": 2553, """": 531}}",34dc1af83d8a656b92f07f8736aa1cb6a31d8b86c4295c6303547a93130e9987,LOCAL_SCHEMA_ROWS_STATUS_HASH_RECOUNTED,NOT_REVALIDATED_THIS_BATCH,HISTORICAL_AND_CURRENT_QUEUES_NOT_ADDED_TOGETHER
Reference/tables/31_global_directory_content_b06_20261008/registry_pending_signal_candidates.csv,3705,"{""status"": {""OBSERVED_LINK_REQUIRES_CONTENT_VALIDATION"": 3705}}",3eade83099aa606f3bfd077610b23d999d555a63f4af369896db4756b2c922f5,LOCAL_SCHEMA_ROWS_STATUS_HASH_RECOUNTED,NOT_REVALIDATED_THIS_BATCH,HISTORICAL_AND_CURRENT_QUEUES_NOT_ADDED_TOGETHER
Reference/tables/32_global_directory_content_b07_20261008/registry_pagination_gaps.csv,0,{},f01a374e9c81e3db89b3a42940c4d6a5447684986a1296e42bf13f196eed6295,LOCAL_SCHEMA_ROWS_STATUS_HASH_RECOUNTED,NOT_REVALIDATED_THIS_BATCH,HISTORICAL_AND_CURRENT_QUEUES_NOT_ADDED_TOGETHER
Reference/tables/32_global_directory_content_b07_20261008/registry_pending_signal_candidates.csv,3545,"{""status"": {""OBSERVED_LINK_REQUIRES_CONTENT_VALIDATION"": 3545}}",8c68cb36afea83ed9af1aea48011fa6ecb07f087b22796aeb7a9803b62113e9c,LOCAL_SCHEMA_ROWS_STATUS_HASH_RECOUNTED,NOT_REVALIDATED_THIS_BATCH,HISTORICAL_AND_CURRENT_QUEUES_NOT_ADDED_TOGETHER
Reference/tables/35_global_directory_content_b10_20261008/registry_all_4849_work_progress.csv,4849,"{""status"": {""OBSERVED_LINK_REQUIRES_CONTENT_VALIDATION"": 4849}, ""last_http_status"": {""200"": 646, ""403"": 11, ""307"": 1, """": 4171, ""429"": 13, ""404"": 3, ""418"": 2, ""202"": 2}, ""acquisition_status"": {""HTTP200_CONTENT_AND_UNIVERSE_SCOPE_REVIEW"": 645, ""FETCH_ERROR_OR_NON200_REVIEW"": 51, ""NOT_YET_ATTEMPTED"": 4152, ""HTTP200_BODY_TRUNCATED_REVIEW"": 1}}",2f044d1c54a70c76114a801af34de774852dade0d288b80a8aa6dcfcfbd94a0c,LOCAL_SCHEMA_ROWS_STATUS_HASH_RECOUNTED,NOT_REVALIDATED_THIS_BATCH,HISTORICAL_AND_CURRENT_QUEUES_NOT_ADDED_TOGETHER
Reference/tables/35_global_directory_content_b10_20261008/registry_all_download_workqueue.csv,1897,{},8f316c366caceb5fdf32ea61f10bea395e594771bc1f016121b06bfbc2ef0705,LOCAL_SCHEMA_ROWS_STATUS_HASH_RECOUNTED,NOT_REVALIDATED_THIS_BATCH,HISTORICAL_AND_CURRENT_QUEUES_NOT_ADDED_TOGETHER
Reference/tables/35_global_directory_content_b10_20261008/registry_pagination_gaps.csv,0,{},f01a374e9c81e3db89b3a42940c4d6a5447684986a1296e42bf13f196eed6295,LOCAL_SCHEMA_ROWS_STATUS_HASH_RECOUNTED,NOT_REVALIDATED_THIS_BATCH,HISTORICAL_AND_CURRENT_QUEUES_NOT_ADDED_TOGETHER
Reference/tables/35_global_directory_content_b10_20261008/registry_pending_signal_candidates.csv,3073,"{""status"": {""OBSERVED_LINK_REQUIRES_CONTENT_VALIDATION"": 3073}}",0bb4a912d64de67f9cc2df3c6ea4a2d6bc75b0015642bd1e49dd7a0c2b350a8a,LOCAL_SCHEMA_ROWS_STATUS_HASH_RECOUNTED,NOT_REVALIDATED_THIS_BATCH,HISTORICAL_AND_CURRENT_QUEUES_NOT_ADDED_TOGETHER
Reference/tables/36_historical_instrument_csv_b11_20261008/registry_fetch_parse_gaps.csv,0,{},f01a374e9c81e3db89b3a42940c4d6a5447684986a1296e42bf13f196eed6295,LOCAL_SCHEMA_ROWS_STATUS_HASH_RECOUNTED,NOT_REVALIDATED_THIS_BATCH,HISTORICAL_AND_CURRENT_QUEUES_NOT_ADDED_TOGETHER
Reference/tables/37_global_directory_content_b12_20261008/registry_all_4849_work_progress.csv,4849,"{""status"": {""OBSERVED_LINK_REQUIRES_CONTENT_VALIDATION"": 4849}, ""last_http_status"": {""200"": 859, ""403"": 13, ""307"": 1, """": 3954, ""429"": 14, ""404"": 3, ""418"": 2, ""202"": 3}, ""acquisition_status"": {""HTTP200_CONTENT_AND_UNIVERSE_SCOPE_REVIEW"": 857, ""FETCH_ERROR_OR_NON200_REVIEW"": 57, ""NOT_YET_ATTEMPTED"": 3933, ""HTTP200_BODY_TRUNCATED_REVIEW"": 2}}",3d045f403b1a9f81885c0c3af0a24824d769f850e4f9be718b17d4e9c78cef9e,LOCAL_SCHEMA_ROWS_STATUS_HASH_RECOUNTED,NOT_REVALIDATED_THIS_BATCH,HISTORICAL_AND_CURRENT_QUEUES_NOT_ADDED_TOGETHER
Reference/tables/37_global_directory_content_b12_20261008/registry_download_observations_pending_review.csv,28,"{""review_status"": {""DOWNLOAD_URL_OBSERVATION_NOT_YET_ACQUIRED"": 28}}",538e3bb9d03d135e2c8e357f8b7ea1e337269ebbb5e635e64616dcdcbd06998f,LOCAL_SCHEMA_ROWS_STATUS_HASH_RECOUNTED,NOT_REVALIDATED_THIS_BATCH,HISTORICAL_AND_CURRENT_QUEUES_NOT_ADDED_TOGETHER
Reference/tables/37_global_directory_content_b12_20261008/registry_page_link_observations_pending_review.csv,232,"{""status"": {""OBSERVED_PAGE_LINK_NOT_YET_FETCHED"": 232}, ""review_status"": {""LINK_OBSERVATION_PAGINATION_NOT_YET_VERIFIED"": 232}}",21bf5e000a447aab1a8ddc3b6b7df031c7a82363a0c6e03a3d09273c227c0853,LOCAL_SCHEMA_ROWS_STATUS_HASH_RECOUNTED,NOT_REVALIDATED_THIS_BATCH,HISTORICAL_AND_CURRENT_QUEUES_NOT_ADDED_TOGETHER
Reference/tables/37_global_directory_content_b12_20261008/registry_pending_signal_candidates.csv,2852,"{""status"": {""OBSERVED_LINK_REQUIRES_CONTENT_VALIDATION"": 2852}}",4116dcb0ed679539d4c7d83896de2ab14bfa241c2e01ff63af1745e1be064e7f,LOCAL_SCHEMA_ROWS_STATUS_HASH_RECOUNTED,NOT_REVALIDATED_THIS_BATCH,HISTORICAL_AND_CURRENT_QUEUES_NOT_ADDED_TOGETHER
Reference/tables/38_global_directory_followup_b13_20261008/registry_all_4849_work_progress.csv,4849,"{""status"": {""OBSERVED_LINK_REQUIRES_CONTENT_VALIDATION"": 4849}, ""last_http_status"": {""200"": 859, ""403"": 13, ""307"": 1, """": 3954, ""429"": 14, ""404"": 3, ""418"": 2, ""202"": 3}, ""acquisition_status"": {""HTTP200_CONTENT_AND_UNIVERSE_SCOPE_REVIEW"": 857, ""FETCH_ERROR_OR_NON200_REVIEW"": 57, ""NOT_YET_ATTEMPTED"": 3933, ""HTTP200_BODY_TRUNCATED_REVIEW"": 2}}",3d045f403b1a9f81885c0c3af0a24824d769f850e4f9be718b17d4e9c78cef9e,LOCAL_SCHEMA_ROWS_STATUS_HASH_RECOUNTED,NOT_REVALIDATED_THIS_BATCH,HISTORICAL_AND_CURRENT_QUEUES_NOT_ADDED_TOGETHER
Reference/tables/38_global_directory_followup_b13_20261008/registry_all_download_workqueue.csv,24,{},e8e778b9150ab03226de1b4e2f00e7fb6ef6b8fd389e70758eb6565df969da1f,LOCAL_SCHEMA_ROWS_STATUS_HASH_RECOUNTED,NOT_REVALIDATED_THIS_BATCH,HISTORICAL_AND_CURRENT_QUEUES_NOT_ADDED_TOGETHER
Reference/tables/38_global_directory_followup_b13_20261008/registry_file_acquisition_gaps.csv,2,"{""http_status"": {""404"": 2}}",322d9e334415a9ec98f7809581657394506b3f2577b4dc0324e1aca6eeca7794,LOCAL_SCHEMA_ROWS_STATUS_HASH_RECOUNTED,NOT_REVALIDATED_THIS_BATCH,HISTORICAL_AND_CURRENT_QUEUES_NOT_ADDED_TOGETHER
Reference/tables/38_global_directory_followup_b13_20261008/registry_pagination_gaps.csv,0,{},f01a374e9c81e3db89b3a42940c4d6a5447684986a1296e42bf13f196eed6295,LOCAL_SCHEMA_ROWS_STATUS_HASH_RECOUNTED,NOT_REVALIDATED_THIS_BATCH,HISTORICAL_AND_CURRENT_QUEUES_NOT_ADDED_TOGETHER
Reference/tables/39_global_directory_content_b14_20261008/registry_all_4849_work_progress.csv,4849,"{""status"": {""OBSERVED_LINK_REQUIRES_CONTENT_VALIDATION"": 4849}, ""last_http_status"": {""200"": 1072, ""403"": 13, ""307"": 1, """": 3738, ""429"": 15, ""404"": 3, ""418"": 3, ""202"": 3, ""401"": 1}, ""acquisition_status"": {""HTTP200_CONTENT_AND_UNIVERSE_SCOPE_REVIEW"": 1070, ""FETCH_ERROR_OR_NON200_REVIEW"": 62, ""NOT_YET_ATTEMPTED"": 3715, ""HTTP200_BODY_TRUNCATED_REVIEW"": 2}}",e07dd8ecd7af4cc08d84e95bd49973a9d74ddee0fc036ba66150ea081fdf143c,LOCAL_SCHEMA_ROWS_STATUS_HASH_RECOUNTED,NOT_REVALIDATED_THIS_BATCH,HISTORICAL_AND_CURRENT_QUEUES_NOT_ADDED_TOGETHER
Reference/tables/39_global_directory_content_b14_20261008/registry_download_observations_pending_review.csv,59,"{""review_status"": {""DOWNLOAD_URL_OBSERVATION_NOT_YET_ACQUIRED"": 59}}",4783d7c36c03e82f9e227f44d3ea9e7a69072ed310872c5cd8b224e352ac92c9,LOCAL_SCHEMA_ROWS_STATUS_HASH_RECOUNTED,NOT_REVALIDATED_THIS_BATCH,HISTORICAL_AND_CURRENT_QUEUES_NOT_ADDED_TOGETHER
Reference/tables/39_global_directory_content_b14_20261008/registry_page_link_observations_pending_review.csv,144,"{""status"": {""OBSERVED_PAGE_LINK_NOT_YET_FETCHED"": 144}, ""review_status"": {""LINK_OBSERVATION_PAGINATION_NOT_YET_VERIFIED"": 144}}",dc7fdf4f40c72aa4edb31fce0c1cef703ffe041a9731f39a0b522139e38af170,LOCAL_SCHEMA_ROWS_STATUS_HASH_RECOUNTED,NOT_REVALIDATED_THIS_BATCH,HISTORICAL_AND_CURRENT_QUEUES_NOT_ADDED_TOGETHER
Reference/tables/39_global_directory_content_b14_20261008/registry_pending_signal_candidates.csv,2632,"{""status"": {""OBSERVED_LINK_REQUIRES_CONTENT_VALIDATION"": 2632}}",60942de26a8c3e0d6de7e3e40aa9973edf03ea01a16e689b4382c1f0c61f4503,LOCAL_SCHEMA_ROWS_STATUS_HASH_RECOUNTED,NOT_REVALIDATED_THIS_BATCH,HISTORICAL_AND_CURRENT_QUEUES_NOT_ADDED_TOGETHER
Reference/tables/40_global_directory_followup_b15_20261008/registry_all_4849_work_progress.csv,4849,"{""status"": {""OBSERVED_LINK_REQUIRES_CONTENT_VALIDATION"": 4849}, ""last_http_status"": {""200"": 1072, ""403"": 13, ""307"": 1, """": 3738, ""429"": 15, ""404"": 3, ""418"": 3, ""202"": 3, ""401"": 1}, ""acquisition_status"": {""HTTP200_CONTENT_AND_UNIVERSE_SCOPE_REVIEW"": 1070, ""FETCH_ERROR_OR_NON200_REVIEW"": 62, ""NOT_YET_ATTEMPTED"": 3715, ""HTTP200_BODY_TRUNCATED_REVIEW"": 2}}",e07dd8ecd7af4cc08d84e95bd49973a9d74ddee0fc036ba66150ea081fdf143c,LOCAL_SCHEMA_ROWS_STATUS_HASH_RECOUNTED,NOT_REVALIDATED_THIS_BATCH,HISTORICAL_AND_CURRENT_QUEUES_NOT_ADDED_TOGETHER
Reference/tables/40_global_directory_followup_b15_20261008/registry_all_download_workqueue.csv,55,{},d9a095a732315d94c651fba38191674829ed47d78b8fcc5aa8886347a3a17616,LOCAL_SCHEMA_ROWS_STATUS_HASH_RECOUNTED,NOT_REVALIDATED_THIS_BATCH,HISTORICAL_AND_CURRENT_QUEUES_NOT_ADDED_TOGETHER
Reference/tables/40_global_directory_followup_b15_20261008/registry_file_acquisition_gaps.csv,2,"{""http_status"": {""200"": 1, ""404"": 1}, ""parse_status"": {""BODY_LIMIT_PENDING"": 1, """": 1}}",4df3a18991b583a389ba3d5a623b2d45f45ce6b1fbc6a03785cfc6b1c87cca31,LOCAL_SCHEMA_ROWS_STATUS_HASH_RECOUNTED,NOT_REVALIDATED_THIS_BATCH,HISTORICAL_AND_CURRENT_QUEUES_NOT_ADDED_TOGETHER
Reference/tables/40_global_directory_followup_b15_20261008/registry_pagination_gaps.csv,0,{},f01a374e9c81e3db89b3a42940c4d6a5447684986a1296e42bf13f196eed6295,LOCAL_SCHEMA_ROWS_STATUS_HASH_RECOUNTED,NOT_REVALIDATED_THIS_BATCH,HISTORICAL_AND_CURRENT_QUEUES_NOT_ADDED_TOGETHER
Reference/tables/41_global_directory_content_b16_20261008/registry_all_4849_work_progress.csv,4849,"{""status"": {""OBSERVED_LINK_REQUIRES_CONTENT_VALIDATION"": 4849}, ""last_http_status"": {""200"": 1286, ""403"": 13, ""307"": 1, """": 3522, ""429"": 15, ""404"": 4, ""418"": 3, ""202"": 4, ""401"": 1}, ""acquisition_status"": {""HTTP200_CONTENT_AND_UNIVERSE_SCOPE_REVIEW"": 1284, ""FETCH_ERROR_OR_NON200_REVIEW"": 67, ""NOT_YET_ATTEMPTED"": 3496, ""HTTP200_BODY_TRUNCATED_REVIEW"": 2}}",8b86b4b39056413f8536af6d9f58d3537cd28287b9f07a4797768950e1b5e6da,LOCAL_SCHEMA_ROWS_STATUS_HASH_RECOUNTED,NOT_REVALIDATED_THIS_BATCH,HISTORICAL_AND_CURRENT_QUEUES_NOT_ADDED_TOGETHER
Reference/tables/41_global_directory_content_b16_20261008/registry_download_observations_pending_review.csv,12,"{""review_status"": {""DOWNLOAD_URL_OBSERVATION_NOT_YET_ACQUIRED"": 12}}",c9f2ae44596287175af7db9de728db9651eead43a05c5a3432a9ff7f7990dee1,LOCAL_SCHEMA_ROWS_STATUS_HASH_RECOUNTED,NOT_REVALIDATED_THIS_BATCH,HISTORICAL_AND_CURRENT_QUEUES_NOT_ADDED_TOGETHER
Reference/tables/41_global_directory_content_b16_20261008/registry_page_link_observations_pending_review.csv,179,"{""status"": {""OBSERVED_PAGE_LINK_NOT_YET_FETCHED"": 179}, ""review_status"": {""LINK_OBSERVATION_PAGINATION_NOT_YET_VERIFIED"": 179}}",d896132e6d0b11f81327a016bf846d1811e8afc13289a6cc53a6044415e9d44f,LOCAL_SCHEMA_ROWS_STATUS_HASH_RECOUNTED,NOT_REVALIDATED_THIS_BATCH,HISTORICAL_AND_CURRENT_QUEUES_NOT_ADDED_TOGETHER
Reference/tables/41_global_directory_content_b16_20261008/registry_pending_signal_candidates.csv,2412,"{""status"": {""OBSERVED_LINK_REQUIRES_CONTENT_VALIDATION"": 2412}}",d40760f3559334adfccdb9e38f491abce1765e147d3ea4433800b3855f10e982,LOCAL_SCHEMA_ROWS_STATUS_HASH_RECOUNTED,NOT_REVALIDATED_THIS_BATCH,HISTORICAL_AND_CURRENT_QUEUES_NOT_ADDED_TOGETHER
Reference/tables/42_global_directory_followup_b17_20261008/registry_all_4849_work_progress.csv,4849,"{""status"": {""OBSERVED_LINK_REQUIRES_CONTENT_VALIDATION"": 4849}, ""last_http_status"": {""200"": 1286, ""403"": 13, ""307"": 1, """": 3522, ""429"": 15, ""404"": 4, ""418"": 3, ""202"": 4, ""401"": 1}, ""acquisition_status"": {""HTTP200_CONTENT_AND_UNIVERSE_SCOPE_REVIEW"": 1284, ""FETCH_ERROR_OR_NON200_REVIEW"": 67, ""NOT_YET_ATTEMPTED"": 3496, ""HTTP200_BODY_TRUNCATED_REVIEW"": 2}}",8b86b4b39056413f8536af6d9f58d3537cd28287b9f07a4797768950e1b5e6da,LOCAL_SCHEMA_ROWS_STATUS_HASH_RECOUNTED,NOT_REVALIDATED_THIS_BATCH,HISTORICAL_AND_CURRENT_QUEUES_NOT_ADDED_TOGETHER
Reference/tables/42_global_directory_followup_b17_20261008/registry_all_download_workqueue.csv,9,{},d7b81aec2b7efcc61bd334ea9f52d146f1855795893dc2019b718ff1f57b00ca,LOCAL_SCHEMA_ROWS_STATUS_HASH_RECOUNTED,NOT_REVALIDATED_THIS_BATCH,HISTORICAL_AND_CURRENT_QUEUES_NOT_ADDED_TOGETHER
Reference/tables/42_global_directory_followup_b17_20261008/registry_file_acquisition_gaps.csv,0,{},f01a374e9c81e3db89b3a42940c4d6a5447684986a1296e42bf13f196eed6295,LOCAL_SCHEMA_ROWS_STATUS_HASH_RECOUNTED,NOT_REVALIDATED_THIS_BATCH,HISTORICAL_AND_CURRENT_QUEUES_NOT_ADDED_TOGETHER
Reference/tables/42_global_directory_followup_b17_20261008/registry_pagination_gaps.csv,0,{},f01a374e9c81e3db89b3a42940c4d6a5447684986a1296e42bf13f196eed6295,LOCAL_SCHEMA_ROWS_STATUS_HASH_RECOUNTED,NOT_REVALIDATED_THIS_BATCH,HISTORICAL_AND_CURRENT_QUEUES_NOT_ADDED_TOGETHER
Reference/tables/43_global_directory_content_b18_20261008/registry_all_4849_work_progress.csv,4849,"{""status"": {""OBSERVED_LINK_REQUIRES_CONTENT_VALIDATION"": 4849}, ""last_http_status"": {""200"": 1503, ""403"": 13, ""307"": 1, """": 3303, ""429"": 15, ""404"": 6, ""418"": 3, ""202"": 4, ""401"": 1}, ""acquisition_status"": {""HTTP200_CONTENT_AND_UNIVERSE_SCOPE_REVIEW"": 1501, ""FETCH_ERROR_OR_NON200_REVIEW"": 74, ""NOT_YET_ATTEMPTED"": 3272, ""HTTP200_BODY_TRUNCATED_REVIEW"": 2}}",fea82ea847185d5e7493f1623a5d89a80575c62baf79f82d902c8897e915d73a,LOCAL_SCHEMA_ROWS_STATUS_HASH_RECOUNTED,NOT_REVALIDATED_THIS_BATCH,HISTORICAL_AND_CURRENT_QUEUES_NOT_ADDED_TOGETHER
Reference/tables/43_global_directory_content_b18_20261008/registry_download_observations_pending_review.csv,60,"{""review_status"": {""DOWNLOAD_URL_OBSERVATION_NOT_YET_ACQUIRED"": 60}}",fe041e0fb33aafb4a6dfb6d4ebc58879b01555cd2a2d19efc24944bb71750c55,LOCAL_SCHEMA_ROWS_STATUS_HASH_RECOUNTED,NOT_REVALIDATED_THIS_BATCH,HISTORICAL_AND_CURRENT_QUEUES_NOT_ADDED_TOGETHER
Reference/tables/43_global_directory_content_b18_20261008/registry_page_link_observations_pending_review.csv,46,"{""status"": {""OBSERVED_PAGE_LINK_NOT_YET_FETCHED"": 46}, ""review_status"": {""LINK_OBSERVATION_PAGINATION_NOT_YET_VERIFIED"": 46}}",9519f7da7266e57451fd6b0b02932947dbceceac0a5eb03c151998d6ab9d86a8,LOCAL_SCHEMA_ROWS_STATUS_HASH_RECOUNTED,NOT_REVALIDATED_THIS_BATCH,HISTORICAL_AND_CURRENT_QUEUES_NOT_ADDED_TOGETHER
Reference/tables/43_global_directory_content_b18_20261008/registry_pending_signal_candidates.csv,2192,"{""status"": {""OBSERVED_LINK_REQUIRES_CONTENT_VALIDATION"": 2192}}",63daa80b6169ea9bb32e08b71f09dcf802c787beaf4e91d78c2d9dac67a20d38,LOCAL_SCHEMA_ROWS_STATUS_HASH_RECOUNTED,NOT_REVALIDATED_THIS_BATCH,HISTORICAL_AND_CURRENT_QUEUES_NOT_ADDED_TOGETHER
Reference/tables/44_global_directory_followup_b19_20261008/registry_all_4849_work_progress.csv,4849,"{""status"": {""OBSERVED_LINK_REQUIRES_CONTENT_VALIDATION"": 4849}, ""last_http_status"": {""200"": 1503, ""403"": 13, ""307"": 1, """": 3303, ""429"": 15, ""404"": 6, ""418"": 3, ""202"": 4, ""401"": 1}, ""acquisition_status"": {""HTTP200_CONTENT_AND_UNIVERSE_SCOPE_REVIEW"": 1501, ""FETCH_ERROR_OR_NON200_REVIEW"": 74, ""NOT_YET_ATTEMPTED"": 3272, ""HTTP200_BODY_TRUNCATED_REVIEW"": 2}}",fea82ea847185d5e7493f1623a5d89a80575c62baf79f82d902c8897e915d73a,LOCAL_SCHEMA_ROWS_STATUS_HASH_RECOUNTED,NOT_REVALIDATED_THIS_BATCH,HISTORICAL_AND_CURRENT_QUEUES_NOT_ADDED_TOGETHER
Reference/tables/44_global_directory_followup_b19_20261008/registry_all_download_workqueue.csv,64,{},67d2a28d52c11118669d2904f2784473960829d19b87d74c8538374c27d9b822,LOCAL_SCHEMA_ROWS_STATUS_HASH_RECOUNTED,NOT_REVALIDATED_THIS_BATCH,HISTORICAL_AND_CURRENT_QUEUES_NOT_ADDED_TOGETHER
Reference/tables/44_global_directory_followup_b19_20261008/registry_file_acquisition_gaps.csv,0,{},f01a374e9c81e3db89b3a42940c4d6a5447684986a1296e42bf13f196eed6295,LOCAL_SCHEMA_ROWS_STATUS_HASH_RECOUNTED,NOT_REVALIDATED_THIS_BATCH,HISTORICAL_AND_CURRENT_QUEUES_NOT_ADDED_TOGETHER
Reference/tables/44_global_directory_followup_b19_20261008/registry_pagination_gaps.csv,0,{},f01a374e9c81e3db89b3a42940c4d6a5447684986a1296e42bf13f196eed6295,LOCAL_SCHEMA_ROWS_STATUS_HASH_RECOUNTED,NOT_REVALIDATED_THIS_BATCH,HISTORICAL_AND_CURRENT_QUEUES_NOT_ADDED_TOGETHER
Reference/tables/45_global_directory_content_b20_20261008/registry_all_4849_work_progress.csv,4849,"{""status"": {""OBSERVED_LINK_REQUIRES_CONTENT_VALIDATION"": 4849}, ""last_http_status"": {""200"": 1717, ""403"": 14, ""307"": 1, """": 3088, ""429"": 15, ""404"": 6, ""418"": 3, ""202"": 4, ""401"": 1}, ""acquisition_status"": {""HTTP200_CONTENT_AND_UNIVERSE_SCOPE_REVIEW"": 1715, ""FETCH_ERROR_OR_NON200_REVIEW"": 80, ""NOT_YET_ATTEMPTED"": 3052, ""HTTP200_BODY_TRUNCATED_REVIEW"": 2}}",258839f06479d639a7ae79b8617f1f62e85b941b646c7226597846cfbdd5edf6,LOCAL_SCHEMA_ROWS_STATUS_HASH_RECOUNTED,NOT_REVALIDATED_THIS_BATCH,HISTORICAL_AND_CURRENT_QUEUES_NOT_ADDED_TOGETHER
Reference/tables/45_global_directory_content_b20_20261008/registry_download_observations_pending_review.csv,27,"{""review_status"": {""DOWNLOAD_URL_OBSERVATION_NOT_YET_ACQUIRED"": 27}}",a43625851e131d3f3e537ccf1ca47f75ff8c41c4ded8f66ededfdc646de45e11,LOCAL_SCHEMA_ROWS_STATUS_HASH_RECOUNTED,NOT_REVALIDATED_THIS_BATCH,HISTORICAL_AND_CURRENT_QUEUES_NOT_ADDED_TOGETHER
Reference/tables/45_global_directory_content_b20_20261008/registry_page_link_observations_pending_review.csv,55,"{""status"": {""OBSERVED_PAGE_LINK_NOT_YET_FETCHED"": 55}, ""review_status"": {""LINK_OBSERVATION_PAGINATION_NOT_YET_VERIFIED"": 55}}",066883c8a82791a55fb22292dfc3a37fef9363331f40eb770c74f385c70b4408,LOCAL_SCHEMA_ROWS_STATUS_HASH_RECOUNTED,NOT_REVALIDATED_THIS_BATCH,HISTORICAL_AND_CURRENT_QUEUES_NOT_ADDED_TOGETHER
Reference/tables/45_global_directory_content_b20_20261008/registry_pending_signal_candidates.csv,1968,"{""status"": {""OBSERVED_LINK_REQUIRES_CONTENT_VALIDATION"": 1968}}",f3ce241d6a87be251ab5435302cb1a24d3d26c7cfe2ee26f99f6abb1b80634a6,LOCAL_SCHEMA_ROWS_STATUS_HASH_RECOUNTED,NOT_REVALIDATED_THIS_BATCH,HISTORICAL_AND_CURRENT_QUEUES_NOT_ADDED_TOGETHER
Reference/tables/46_global_directory_followup_b21_20261008/registry_all_4849_work_progress.csv,4849,"{""status"": {""OBSERVED_LINK_REQUIRES_CONTENT_VALIDATION"": 4849}, ""last_http_status"": {""200"": 1717, ""403"": 14, ""307"": 1, """": 3088, ""429"": 15, ""404"": 6, ""418"": 3, ""202"": 4, ""401"": 1}, ""acquisition_status"": {""HTTP200_CONTENT_AND_UNIVERSE_SCOPE_REVIEW"": 1715, ""FETCH_ERROR_OR_NON200_REVIEW"": 80, ""NOT_YET_ATTEMPTED"": 3052, ""HTTP200_BODY_TRUNCATED_REVIEW"": 2}}",258839f06479d639a7ae79b8617f1f62e85b941b646c7226597846cfbdd5edf6,LOCAL_SCHEMA_ROWS_STATUS_HASH_RECOUNTED,NOT_REVALIDATED_THIS_BATCH,HISTORICAL_AND_CURRENT_QUEUES_NOT_ADDED_TOGETHER
Reference/tables/46_global_directory_followup_b21_20261008/registry_all_download_workqueue.csv,27,{},2359ed346f990dabad940f5395bdfa243a7662e34d41560cdf1f177ef29c948d,LOCAL_SCHEMA_ROWS_STATUS_HASH_RECOUNTED,NOT_REVALIDATED_THIS_BATCH,HISTORICAL_AND_CURRENT_QUEUES_NOT_ADDED_TOGETHER
Reference/tables/46_global_directory_followup_b21_20261008/registry_carried_historical_archive_gaps.csv,25,"{""review_status"": {""SIZE_RELEASE_AND_CONTENT_DEDUP_REVIEW_PENDING"": 25}}",4c691cf555e9dca758fb3bd8731fe9cd41c548f902df7c3ec3f303810ef1fa40,LOCAL_SCHEMA_ROWS_STATUS_HASH_RECOUNTED,NOT_REVALIDATED_THIS_BATCH,HISTORICAL_AND_CURRENT_QUEUES_NOT_ADDED_TOGETHER
Reference/tables/46_global_directory_followup_b21_20261008/registry_file_acquisition_gaps.csv,1,"{""http_status"": {""200"": 1}, ""parse_status"": {""BODY_LIMIT_PENDING"": 1}}",ac7ceba230498d0c93d1713af34aa8f215dd0b18ddd35a3c937d0745cf271919,LOCAL_SCHEMA_ROWS_STATUS_HASH_RECOUNTED,NOT_REVALIDATED_THIS_BATCH,HISTORICAL_AND_CURRENT_QUEUES_NOT_ADDED_TOGETHER
Reference/tables/46_global_directory_followup_b21_20261008/registry_pagination_gaps.csv,219,"{""status"": {""PENDING_BODY_AND_SOURCE_SCOPE_REVIEW"": 219}}",6a05efb99f0ffcd374753ebfa57b3b5025a19ce58416a46e3ceeffd3ffb66019,LOCAL_SCHEMA_ROWS_STATUS_HASH_RECOUNTED,NOT_REVALIDATED_THIS_BATCH,HISTORICAL_AND_CURRENT_QUEUES_NOT_ADDED_TOGETHER
Reference/tables/47_global_directory_content_b22_20261008/prior_b21_registry_carried_historical_archive_gaps.csv,25,"{""review_status"": {""SIZE_RELEASE_AND_CONTENT_DEDUP_REVIEW_PENDING"": 25}}",4c691cf555e9dca758fb3bd8731fe9cd41c548f902df7c3ec3f303810ef1fa40,LOCAL_SCHEMA_ROWS_STATUS_HASH_RECOUNTED,NOT_REVALIDATED_THIS_BATCH,HISTORICAL_AND_CURRENT_QUEUES_NOT_ADDED_TOGETHER
Reference/tables/47_global_directory_content_b22_20261008/prior_b21_registry_pagination_gaps.csv,219,"{""status"": {""PENDING_BODY_AND_SOURCE_SCOPE_REVIEW"": 219}}",6a05efb99f0ffcd374753ebfa57b3b5025a19ce58416a46e3ceeffd3ffb66019,LOCAL_SCHEMA_ROWS_STATUS_HASH_RECOUNTED,NOT_REVALIDATED_THIS_BATCH,HISTORICAL_AND_CURRENT_QUEUES_NOT_ADDED_TOGETHER
Reference/tables/47_global_directory_content_b22_20261008/registry_all_4849_work_progress.csv,4849,"{""status"": {""OBSERVED_LINK_REQUIRES_CONTENT_VALIDATION"": 4849}, ""last_http_status"": {""200"": 1935, ""403"": 14, ""307"": 1, """": 2869, ""429"": 15, ""404"": 7, ""418"": 3, ""202"": 4, ""401"": 1}, ""acquisition_status"": {""HTTP200_CONTENT_AND_UNIVERSE_SCOPE_REVIEW"": 1931, ""FETCH_ERROR_OR_NON200_REVIEW"": 86, ""NOT_YET_ATTEMPTED"": 2828, ""HTTP200_BODY_TRUNCATED_REVIEW"": 4}}",88db5cf9587555dcc5d8ebf1bdefc3754fa6491102c97b410b707c16df74bcd9,LOCAL_SCHEMA_ROWS_STATUS_HASH_RECOUNTED,NOT_REVALIDATED_THIS_BATCH,HISTORICAL_AND_CURRENT_QUEUES_NOT_ADDED_TOGETHER
Reference/tables/47_global_directory_content_b22_20261008/registry_download_observations_pending_review.csv,33,"{""review_status"": {""DOWNLOAD_URL_OBSERVATION_NOT_YET_ACQUIRED"": 33}}",1d6c3e3e0e329195b6b70553a0db9b9b8a6fef4ceecfdfe2803f45fbed925a7a,LOCAL_SCHEMA_ROWS_STATUS_HASH_RECOUNTED,NOT_REVALIDATED_THIS_BATCH,HISTORICAL_AND_CURRENT_QUEUES_NOT_ADDED_TOGETHER
Reference/tables/47_global_directory_content_b22_20261008/registry_page_link_observations_pending_review.csv,77,"{""status"": {""OBSERVED_PAGE_LINK_NOT_YET_FETCHED"": 77}, ""review_status"": {""LINK_OBSERVATION_PAGINATION_NOT_YET_VERIFIED"": 77}}",42c6d29e037d48c211ecf580b6912bbd424a96bde28cb97c5796a2c4f0e61631,LOCAL_SCHEMA_ROWS_STATUS_HASH_RECOUNTED,NOT_REVALIDATED_THIS_BATCH,HISTORICAL_AND_CURRENT_QUEUES_NOT_ADDED_TOGETHER
Reference/tables/47_global_directory_content_b22_20261008/registry_pending_signal_candidates.csv,1748,"{""status"": {""OBSERVED_LINK_REQUIRES_CONTENT_VALIDATION"": 1748}}",c27a4190c7bc1e012d04544c98cf76af31bdd224673e127748f1e14dad457e6d,LOCAL_SCHEMA_ROWS_STATUS_HASH_RECOUNTED,NOT_REVALIDATED_THIS_BATCH,HISTORICAL_AND_CURRENT_QUEUES_NOT_ADDED_TOGETHER
Reference/tables/48_global_directory_followup_b23_20261008/registry_all_4849_work_progress.csv,4849,"{""status"": {""OBSERVED_LINK_REQUIRES_CONTENT_VALIDATION"": 4849}, ""last_http_status"": {""200"": 1935, ""403"": 14, ""307"": 1, """": 2869, ""429"": 15, ""404"": 7, ""418"": 3, ""202"": 4, ""401"": 1}, ""acquisition_status"": {""HTTP200_CONTENT_AND_UNIVERSE_SCOPE_REVIEW"": 1931, ""FETCH_ERROR_OR_NON200_REVIEW"": 86, ""NOT_YET_ATTEMPTED"": 2828, ""HTTP200_BODY_TRUNCATED_REVIEW"": 4}}",88db5cf9587555dcc5d8ebf1bdefc3754fa6491102c97b410b707c16df74bcd9,LOCAL_SCHEMA_ROWS_STATUS_HASH_RECOUNTED,NOT_REVALIDATED_THIS_BATCH,HISTORICAL_AND_CURRENT_QUEUES_NOT_ADDED_TOGETHER
Reference/tables/48_global_directory_followup_b23_20261008/registry_all_download_workqueue.csv,29,{},0395e66d24acfe945a90e228b2ac0bf101a078a148fb755abee1659f26c71c3b,LOCAL_SCHEMA_ROWS_STATUS_HASH_RECOUNTED,NOT_REVALIDATED_THIS_BATCH,HISTORICAL_AND_CURRENT_QUEUES_NOT_ADDED_TOGETHER
Reference/tables/48_global_directory_followup_b23_20261008/registry_carried_historical_archive_gaps.csv,25,"{""review_status"": {""SIZE_RELEASE_AND_CONTENT_DEDUP_REVIEW_PENDING"": 25}}",4c691cf555e9dca758fb3bd8731fe9cd41c548f902df7c3ec3f303810ef1fa40,LOCAL_SCHEMA_ROWS_STATUS_HASH_RECOUNTED,NOT_REVALIDATED_THIS_BATCH,HISTORICAL_AND_CURRENT_QUEUES_NOT_ADDED_TOGETHER
Reference/tables/48_global_directory_followup_b23_20261008/registry_file_acquisition_gaps.csv,0,{},f01a374e9c81e3db89b3a42940c4d6a5447684986a1296e42bf13f196eed6295,LOCAL_SCHEMA_ROWS_STATUS_HASH_RECOUNTED,NOT_REVALIDATED_THIS_BATCH,HISTORICAL_AND_CURRENT_QUEUES_NOT_ADDED_TOGETHER
Reference/tables/48_global_directory_followup_b23_20261008/registry_pagination_gaps.csv,378,"{""status"": {""PENDING_BODY_AND_SOURCE_SCOPE_REVIEW"": 378}}",b85549cb8b88943222b9ae74716029944bccde90c38c101872f09341cc6205d5,LOCAL_SCHEMA_ROWS_STATUS_HASH_RECOUNTED,NOT_REVALIDATED_THIS_BATCH,HISTORICAL_AND_CURRENT_QUEUES_NOT_ADDED_TOGETHER
Reference/tables/49_global_registry_review_b24_20261008/registry_actionplan.csv,5,"{""state"": {""LINEAGE_CHECKED_RELEASE_HELD"": 1, ""PREVIEW_READY_NOT_FETCHED"": 1, ""2828_ORIGINAL_WORK_ROWS_PENDING"": 1, ""PRESERVED_PENDING"": 1, ""UNIQUE_ENTITY_DENOMINATOR_UNKNOWN"": 1}}",e3210f655400e1c4864f0ab162e4c4895fd40601190a310df70a2723b615d0ff,LOCAL_SCHEMA_ROWS_STATUS_HASH_RECOUNTED,NOT_REVALIDATED_THIS_BATCH,HISTORICAL_AND_CURRENT_QUEUES_NOT_ADDED_TOGETHER
Reference/tables/49_global_registry_review_b24_20261008/registry_remaining_pagination_preview.csv,373,"{""status"": {""PENDING_BODY_AND_SOURCE_SCOPE_REVIEW"": 373}}",2e8c539b3303e6bf6883f46c8022f925207868630396d594bbfbe570fa1ac351,LOCAL_SCHEMA_ROWS_STATUS_HASH_RECOUNTED,NOT_REVALIDATED_THIS_BATCH,HISTORICAL_AND_CURRENT_QUEUES_NOT_ADDED_TOGETHER
Reference/tables/50_global_directory_content_b25_20261008/prior_b23_registry_carried_historical_archive_gaps.csv,25,"{""review_status"": {""SIZE_RELEASE_AND_CONTENT_DEDUP_REVIEW_PENDING"": 25}}",4c691cf555e9dca758fb3bd8731fe9cd41c548f902df7c3ec3f303810ef1fa40,LOCAL_SCHEMA_ROWS_STATUS_HASH_RECOUNTED,NOT_REVALIDATED_THIS_BATCH,HISTORICAL_AND_CURRENT_QUEUES_NOT_ADDED_TOGETHER
Reference/tables/50_global_directory_content_b25_20261008/prior_b23_registry_pagination_gaps.csv,378,"{""status"": {""PENDING_BODY_AND_SOURCE_SCOPE_REVIEW"": 378}}",b85549cb8b88943222b9ae74716029944bccde90c38c101872f09341cc6205d5,LOCAL_SCHEMA_ROWS_STATUS_HASH_RECOUNTED,NOT_REVALIDATED_THIS_BATCH,HISTORICAL_AND_CURRENT_QUEUES_NOT_ADDED_TOGETHER
Reference/tables/50_global_directory_content_b25_20261008/registry_all_4849_work_progress.csv,4849,"{""status"": {""OBSERVED_LINK_REQUIRES_CONTENT_VALIDATION"": 4849}, ""last_http_status"": {""200"": 2151, ""403"": 14, ""307"": 1, """": 2653, ""429"": 15, ""404"": 7, ""418"": 3, ""202"": 4, ""401"": 1}, ""acquisition_status"": {""HTTP200_CONTENT_AND_UNIVERSE_SCOPE_REVIEW"": 2146, ""FETCH_ERROR_OR_NON200_REVIEW"": 90, ""NOT_YET_ATTEMPTED"": 2608, ""HTTP200_BODY_TRUNCATED_REVIEW"": 5}}",1518bdcc214c17e12f430f5017d7764002a2eea491824e1141269843e2eaad04,LOCAL_SCHEMA_ROWS_STATUS_HASH_RECOUNTED,NOT_REVALIDATED_THIS_BATCH,HISTORICAL_AND_CURRENT_QUEUES_NOT_ADDED_TOGETHER
Reference/tables/50_global_directory_content_b25_20261008/registry_download_observations_pending_review.csv,44,"{""review_status"": {""DOWNLOAD_URL_OBSERVATION_NOT_YET_ACQUIRED"": 44}}",307601781437e35322a3f4fdd8139fb11967f978db795809533112cc38d58aca,LOCAL_SCHEMA_ROWS_STATUS_HASH_RECOUNTED,NOT_REVALIDATED_THIS_BATCH,HISTORICAL_AND_CURRENT_QUEUES_NOT_ADDED_TOGETHER
Reference/tables/50_global_directory_content_b25_20261008/registry_page_link_observations_pending_review.csv,11,"{""status"": {""OBSERVED_PAGE_LINK_NOT_YET_FETCHED"": 11}, ""review_status"": {""LINK_OBSERVATION_PAGINATION_NOT_YET_VERIFIED"": 11}}",a33020cb31af519dbef32b268252da303294da9fc7a21771720f524a16352f80,LOCAL_SCHEMA_ROWS_STATUS_HASH_RECOUNTED,NOT_REVALIDATED_THIS_BATCH,HISTORICAL_AND_CURRENT_QUEUES_NOT_ADDED_TOGETHER
Reference/tables/50_global_directory_content_b25_20261008/registry_pending_signal_candidates.csv,1524,"{""status"": {""OBSERVED_LINK_REQUIRES_CONTENT_VALIDATION"": 1524}}",1b8271b0fa78800fa76f29a29039058dfe5cccf2897ffecc581b0221513ddc19,LOCAL_SCHEMA_ROWS_STATUS_HASH_RECOUNTED,NOT_REVALIDATED_THIS_BATCH,HISTORICAL_AND_CURRENT_QUEUES_NOT_ADDED_TOGETHER
Reference/tables/53_global_registration_authorities_b28_20261008/registry_local_registry_workqueue.csv,6,"{""result"": {""PENDING_ENTITY_EXTRACT"": 6}}",63857760c792c52eef10ece9c78f721b9be48fab1abf8e2b39e4a6d1ba5369a6,LOCAL_SCHEMA_ROWS_STATUS_HASH_RECOUNTED,NOT_REVALIDATED_THIS_BATCH,HISTORICAL_AND_CURRENT_QUEUES_NOT_ADDED_TOGETHER
reports/2026-10-07/adjudication_field_review/remaining_unresolved.csv,73,"{""definition_status"": {""UNRESOLVED"": 73}}",e9d4af8240a6275549507240ad44fb161a5b259110672db7be1e3a16dc8f4f7d,LOCAL_SCHEMA_ROWS_STATUS_HASH_RECOUNTED,NOT_REVALIDATED_THIS_BATCH,HISTORICAL_AND_CURRENT_QUEUES_NOT_ADDED_TOGETHER
reports/2026-10-07/catalogue_field_review/remaining_unresolved.csv,292,"{""definition_status"": {""UNRESOLVED"": 292}}",6f40cce25627ca32cb4d6449a1ae1bd689a1c35b99dd904f0ef336429dda43db,LOCAL_SCHEMA_ROWS_STATUS_HASH_RECOUNTED,NOT_REVALIDATED_THIS_BATCH,HISTORICAL_AND_CURRENT_QUEUES_NOT_ADDED_TOGETHER
reports/2026-10-07/country_layer_contracts/remaining_unresolved.csv,302,"{""definition_status"": {""UNRESOLVED"": 302}}",1f6a7ac1289219bd0638952491a7d0cad79789f249a7157f6abe7f46c510587b,LOCAL_SCHEMA_ROWS_STATUS_HASH_RECOUNTED,NOT_REVALIDATED_THIS_BATCH,HISTORICAL_AND_CURRENT_QUEUES_NOT_ADDED_TOGETHER
reports/2026-10-07/governance_field_contracts/official_evidence_queue.csv,249,"{""historical_status"": {""NOT_A_SEPARATE_SOVEREIGN_HEAD_OF_STATE_OR_REQUIRES_LOCAL_STATUS_REVIEW"": 51, ""PENDING_CURRENT_LEADER_JOIN"": 155, ""VERIFIED_BASELINE_2026_10_04"": 43}, ""review_status"": {""PENDING_OFFICIAL_EVIDENCE"": 249}}",d965afdb6f39a1ac0cb05bb6e2f7025ec98d057d68a11ae06279852c2bb5cf0f,LOCAL_SCHEMA_ROWS_STATUS_HASH_RECOUNTED,NOT_REVALIDATED_THIS_BATCH,HISTORICAL_AND_CURRENT_QUEUES_NOT_ADDED_TOGETHER
reports/2026-10-07/governance_field_contracts/remaining_unresolved.csv,264,"{""definition_status"": {""UNRESOLVED"": 264}}",77713fa0478bd6444db01f65eadfc9ed5e418b8cac248da64754f4b1433eed5f,LOCAL_SCHEMA_ROWS_STATUS_HASH_RECOUNTED,NOT_REVALIDATED_THIS_BATCH,HISTORICAL_AND_CURRENT_QUEUES_NOT_ADDED_TOGETHER
reports/2026-10-07/incremental_contracts/remaining_pending.csv,266,"{""definition_status"": {""INCREMENTAL_FIELD_REVIEW_PENDING"": 266}, ""business_approval"": {""PENDING"": 266}}",7b88b23aa688505fec12d7aa4ebebe98c8c390ba49a35a7ee9eaacd7e32e28fa,LOCAL_SCHEMA_ROWS_STATUS_HASH_RECOUNTED,NOT_REVALIDATED_THIS_BATCH,HISTORICAL_AND_CURRENT_QUEUES_NOT_ADDED_TOGETHER
reports/2026-10-07/iso_field_contracts/remaining_unresolved.csv,334,"{""definition_status"": {""UNRESOLVED"": 334}}",ecb19b7cf044e983b84f09f093f35acd9da8ec2e08bf5fa00f2d0ab0ab3d097a,LOCAL_SCHEMA_ROWS_STATUS_HASH_RECOUNTED,NOT_REVALIDATED_THIS_BATCH,HISTORICAL_AND_CURRENT_QUEUES_NOT_ADDED_TOGETHER
reports/2026-10-07/projection_contracts/remaining_pending.csv,193,"{""definition_status"": {""INCREMENTAL_FIELD_REVIEW_PENDING"": 193}, ""business_approval"": {""PENDING"": 193}}",9693525419a792a93100ac8ff31215268a655c23a01cc918680bbd1634d60b3e,LOCAL_SCHEMA_ROWS_STATUS_HASH_RECOUNTED,NOT_REVALIDATED_THIS_BATCH,HISTORICAL_AND_CURRENT_QUEUES_NOT_ADDED_TOGETHER
reports/2026-10-07/provenance_field_review/remaining_unresolved.csv,239,"{""definition_status"": {""UNRESOLVED"": 239}}",1ecb27d51afdc382d33922ab2ae9b4fe115cb6d7dbc40f652b09e81bef8bf804,LOCAL_SCHEMA_ROWS_STATUS_HASH_RECOUNTED,NOT_REVALIDATED_THIS_BATCH,HISTORICAL_AND_CURRENT_QUEUES_NOT_ADDED_TOGETHER
reports/2026-10-07/reference_field_contracts/remaining_unresolved.csv,375,"{""definition_status"": {""UNRESOLVED"": 375}}",26b5bf073600238dc7ab660c5a8d294358f32a7e9cdb30a4d7a85a6ecc0f008a,LOCAL_SCHEMA_ROWS_STATUS_HASH_RECOUNTED,NOT_REVALIDATED_THIS_BATCH,HISTORICAL_AND_CURRENT_QUEUES_NOT_ADDED_TOGETHER
reports/2026-10-07/review_artifact_contracts/remaining_pending.csv,94,"{""definition_status"": {""INCREMENTAL_FIELD_REVIEW_PENDING"": 94}, ""business_approval"": {""PENDING"": 94}}",f7a310721b79e2616a9b2d68870ec0b710c3b5b52ce3ca7d153f181873738e81,LOCAL_SCHEMA_ROWS_STATUS_HASH_RECOUNTED,NOT_REVALIDATED_THIS_BATCH,HISTORICAL_AND_CURRENT_QUEUES_NOT_ADDED_TOGETHER
reports/2026-10-07/service_version_review/remaining_unresolved.csv,161,"{""definition_status"": {""UNRESOLVED"": 161}}",a7ace77416f72196dbbb4308fb9542651037b4076e62bdc89624fd2477b54b6e,LOCAL_SCHEMA_ROWS_STATUS_HASH_RECOUNTED,NOT_REVALIDATED_THIS_BATCH,HISTORICAL_AND_CURRENT_QUEUES_NOT_ADDED_TOGETHER
