work_id,url,checked_on,selection_evidence,http_status,final_url,content_type,bytes,sha256,truncated,elapsed_seconds,file,title,source_table_rows,directory_completeness
B05:150,https://blog.thecse.com/category/cse-issuer-stories/page/22/,2026-10-08,B15 explicit pagination signal; lineage:https://blog.thecse.com/category/cse-issuer-stories/page/23/,200,https://blog.thecse.com/category/cse-issuer-stories/page/22/,text/html; charset=UTF-8,220456,9ccc5bcea72f92b30213ba5aa9e5a1ab9e874f1bfccaa2ac60e32ca432614ccb,False,0.81,reports/2026-10-08/global_directory_followup_b15/raw/ab46975acc8828930de3.response,CSE Issuer Stories Archives - Page 22 of 26 -,0,UNKNOWN_PAGINATION_AND_DYNAMIC_CONTENT_REVIEW
B05:1380,https://www.bolsacr.com/empresas/emisores-registrados?page=1,2026-10-08,B15 explicit pagination signal; lineage:https://www.bolsacr.com/empresas/emisores-registrados,200,https://www.bolsacr.com/empresas/emisores-registrados?page=1,text/html; charset=utf-8,42465,f9ada4d346698db6e1839b1354048aa28fbf7218332781146687e58c411e5296,False,0.81,reports/2026-10-08/global_directory_followup_b15/raw/16af8007813e85959bb9.response,Emisores registrados | bolsacr.com,0,UNKNOWN_PAGINATION_AND_DYNAMIC_CONTENT_REVIEW
B05:1522,https://www.bsx.com/listed-securities?CoStatus%5B0%5D=1&page=9,2026-10-08,B15 explicit pagination signal; lineage:https://www.bsx.com/listed-securities?CoStatus%5B0%5D=1&page=5,200,https://www.bsx.com/listed-securities?CoStatus%5B0%5D=1&page=9,text/html; charset=utf-8,43549,0127f6dad61718cc939b098040989076e2eed7703020eeca83dcbe0fe0b57575,False,0.81,reports/2026-10-08/global_directory_followup_b15/raw/c0fc33351c7874871ce3.response,Listed Securities | Bermuda Stock Exchange | BSX,11,UNKNOWN_PAGINATION_AND_DYNAMIC_CONTENT_REVIEW
B05:147,https://blog.bit2me.com/es/page/31/,2026-10-08,B15 explicit pagination signal; lineage:https://blog.bit2me.com/es/page/32/,200,https://blog.bit2me.com/es/page/31/,text/html; charset=UTF-8,157930,e2b818a6ad2f22368aaff69a5abfad7993cc2da0b871de12e51b7c15aac846c1,False,0.95,reports/2026-10-08/global_directory_followup_b15/raw/3784d9cfc7c23915c2bc.response,Bit2Me Blog - Descubre todas las novedades de Bit2Me,0,UNKNOWN_PAGINATION_AND_DYNAMIC_CONTENT_REVIEW
B05:2990,https://www.iosco.org/about/?orgID=0&subsection=membership&LISTTODISPLAY=membership&memid=2&subSection1=main&page=2,2026-10-08,B15 explicit pagination signal; lineage:https://www.iosco.org/about/?subsection=membership&memid=2,200,https://www.iosco.org/about/?orgID=0&subsection=membership&LISTTODISPLAY=membership&memid=2&subSection1=main&page=2,text/html;charset=UTF-8,89560,4e4b5af707096bfe74b301a7fe840fe6aeec34edafa9abdc17a670e05fb5fc9f,False,0.45,reports/2026-10-08/global_directory_followup_b15/raw/b00f3ce8fd20e26fbe20.response,IOSCO,24,UNKNOWN_PAGINATION_AND_DYNAMIC_CONTENT_REVIEW
B05:2438,https://www.gmex-group.com/blockchain-cryptocurrencies-and-icos-where-are-we-headed/,2026-10-08,B15 explicit pagination signal; lineage:https://www.gmex-group.com/current-technologies-and-market-trends/,200,https://www.gmex-group.com/blockchain-cryptocurrencies-and-icos-where-are-we-headed/,text/html; charset=UTF-8,103076,d23d2c4cb0d11253784e49066a236c52a109c854b0a3f4c66ad6cafc9bdbdb8b,False,1.33,reports/2026-10-08/global_directory_followup_b15/raw/f337ee5fd8d7fdf14dac.response,"Blockchain, cryptocurrencies and ICOs – Where are we headed? – GMEX Group",0,UNKNOWN_PAGINATION_AND_DYNAMIC_CONTENT_REVIEW
B05:4088,https://www.secdex.net/solid-oak-insurance-pcc-ltd-2026-interim-financial-statements/,2026-10-08,B15 explicit pagination signal; lineage:https://www.secdex.net/notice-of-delisting-from-the-secdex-exchange-clp-bluecrest-bond/,200,https://www.secdex.net/solid-oak-insurance-pcc-ltd-2026-interim-financial-statements/,text/html; charset=UTF-8,92616,943d0b03939ca57ddf74e441f172cfd94bf126d90ac2d373846236314f9e904b,False,0.7,reports/2026-10-08/global_directory_followup_b15/raw/3705dbe71d1dab347764.response,Solid Oak Insurance PCC Ltd: 2026 Interim Financial Statements – SECDEX,0,UNKNOWN_PAGINATION_AND_DYNAMIC_CONTENT_REVIEW
B05:2047,https://www.ecsrc.com/gallery/NewsItemTypes/directory/13/page:1,2026-10-08,B15 explicit pagination signal; lineage:https://www.ecsrc.com/gallery/NewsItemTypes/directory/13,200,https://www.ecsrc.com/gallery/NewsItemTypes/directory/13/page:1,text/html; charset=UTF-8,57962,1259c80d6dd636197acc16cc9adce65bc4a358eaf7b885c4d894350c747c5b2f,False,1.62,reports/2026-10-08/global_directory_followup_b15/raw/c776bbe675845495dfda.response,East Caribbean Securities Regulatory Commission:,0,UNKNOWN_PAGINATION_AND_DYNAMIC_CONTENT_REVIEW
B05:466,https://info.memxtrading.com/category/alerts-notices/trader/page/5/,2026-10-08,B15 explicit pagination signal; lineage:https://info.memxtrading.com/category/alerts-notices/trader/page/4/,200,https://info.memxtrading.com/category/alerts-notices/trader/page/5/,text/html; charset=UTF-8,145717,553f4eda6fc1e2cee1d4fce829076e924ace077e9000229c5d3c222888910e42,False,1.66,reports/2026-10-08/global_directory_followup_b15/raw/9aa2a53d57978b24a353.response,Trader Alerts – Page 5 – MEMX Exchanges,0,UNKNOWN_PAGINATION_AND_DYNAMIC_CONTENT_REVIEW
B05:2074,https://www.efama.org/policy/capital-markets/central-securities-depositories-regulation-csdr?page=0%2C0%2C0%2C0,2026-10-08,B15 explicit pagination signal; lineage:https://www.efama.org/index.php/policy/capital-markets/central-securities-depositories-regulation-csdr,200,https://www.efama.org/policy/capital-markets/central-securities-depositories-regulation-csdr?page=0%2C0%2C0%2C0,text/html; charset=UTF-8,128740,2c21be892debafa22d379442404e61df4c55cf5ee350dc86220d71098482f597,False,1.83,reports/2026-10-08/global_directory_followup_b15/raw/01999a06431c7fab4d07.response,Central Securities Depositories Regulation (CSDR) | EFAMA,0,UNKNOWN_PAGINATION_AND_DYNAMIC_CONTENT_REVIEW
B05:147,https://blog.bit2me.com/es/page/5/,2026-10-08,B15 explicit pagination signal; lineage:https://blog.bit2me.com/es/page/4/,200,https://blog.bit2me.com/es/page/5/,text/html; charset=UTF-8,172694,32b0f335afd6d68dec4fe3a9091d8285a9976671448cd62b1ad9d58e5d464bf4,False,0.66,reports/2026-10-08/global_directory_followup_b15/raw/8408f7c134566f82ea6a.response,Bit2Me Blog - Descubre todas las novedades de Bit2Me,0,UNKNOWN_PAGINATION_AND_DYNAMIC_CONTENT_REVIEW
B05:4757,https://www.vorvel.eu/en/certificates/eventi/delisting-archive?page=13,2026-10-08,B15 explicit pagination signal; lineage:https://www.vorvel.eu/en/certificates/eventi/delisting-archive?page=9,200,https://www.vorvel.eu/en/certificates/eventi/delisting-archive?page=13,text/html; charset=UTF-8,117028,8a2d1ca0d9e628c7a96c4f8d6cbf52aaae212eab5c82f02f356e64d7dd6fcd35,False,1.19,reports/2026-10-08/global_directory_followup_b15/raw/7806def1ef57b28caaaf.response,Delisting Archive | Vorvel,31,UNKNOWN_PAGINATION_AND_DYNAMIC_CONTENT_REVIEW
B05:150,https://blog.thecse.com/category/cse-issuer-stories/page/6/,2026-10-08,B15 explicit pagination signal; lineage:https://blog.thecse.com/category/cse-issuer-stories/page/5/,200,https://blog.thecse.com/category/cse-issuer-stories/page/6/,text/html; charset=UTF-8,233705,b7a89f64b0e43f32e54b965eee364d24fc3faf573fbf47173d212727243ec2fb,False,0.7,reports/2026-10-08/global_directory_followup_b15/raw/0d2fa2ec046031ab3dd9.response,CSE Issuer Stories Archives - Page 6 of 26 -,0,UNKNOWN_PAGINATION_AND_DYNAMIC_CONTENT_REVIEW
B05:1522,https://www.bsx.com/listed-securities?CoStatus%5B0%5D=1&page=10,2026-10-08,B15 explicit pagination signal; lineage:https://www.bsx.com/listed-securities?CoStatus%5B0%5D=1&page=6,200,https://www.bsx.com/listed-securities?CoStatus%5B0%5D=1&page=10,text/html; charset=utf-8,43291,9b8166c60a352a96d9e5df726306ad20c7bc3516b21662237e595e10ba139e67,False,0.39,reports/2026-10-08/global_directory_followup_b15/raw/7294d6baa862ec3ec08f.response,Listed Securities | Bermuda Stock Exchange | BSX,11,UNKNOWN_PAGINATION_AND_DYNAMIC_CONTENT_REVIEW
B05:1380,https://www.bolsacr.com/empresas/emisores-registrados?page=2,2026-10-08,B15 explicit pagination signal; lineage:https://www.bolsacr.com/empresas/emisores-registrados,200,https://www.bolsacr.com/empresas/emisores-registrados?page=2,text/html; charset=utf-8,42493,7317f17160c948a757def68e581aac909da77c2eeecd1a98b0b22d4ca11bfa88,False,0.77,reports/2026-10-08/global_directory_followup_b15/raw/b17f38c653f46b89498a.response,Emisores registrados | bolsacr.com,0,UNKNOWN_PAGINATION_AND_DYNAMIC_CONTENT_REVIEW
B05:1962,https://www.dfsa.ae/what-we-do/dfsa-listing-authority/delisted-securities?ccm_paging_p=1&ccm_order_by=cv.cvName&ccm_order_by_direction=asc,2026-10-08,B15 explicit pagination signal; lineage:https://www.dfsa.ae/what-we-do/dfsa-listing-authority/delisted-securities?ccm_paging_p=2&ccm_order_by=cv.cvName&ccm_order_by_direction=asc,200,https://www.dfsa.ae/what-we-do/dfsa-listing-authority/delisted-securities?ccm_paging_p=1&ccm_order_by=cv.cvName&ccm_order_by_direction=asc,text/html; charset=UTF-8,63052,ecfcf419b391ecf9a825bcd28ce0fd88265801f0819663ece30a65fc8054a756,False,2.55,reports/2026-10-08/global_directory_followup_b15/raw/992b7581259e0f99a525.response,Delisted Securities | DFSA,0,UNKNOWN_PAGINATION_AND_DYNAMIC_CONTENT_REVIEW
B05:4840,https://www.xtb.com/int/company-news?page=8,2026-10-08,B15 explicit pagination signal; lineage:https://www.xtb.com/int/company-news?page=6,200,https://www.xtb.com/int/company-news?page=8,text/html; charset=UTF-8,250361,226680aa230c5095d64fcb1049e669e0e94f8fb59adb1e510879647a644e4fb8,False,1.81,reports/2026-10-08/global_directory_followup_b15/raw/96c03c04c755f3ea3997.response,"Trading hours, press releases, rollovers, and more. Page 8 | XTB",78,UNKNOWN_PAGINATION_AND_DYNAMIC_CONTENT_REVIEW
B05:4757,https://www.vorvel.eu/en/certificates/eventi/delisting-archive?page=14,2026-10-08,B15 explicit pagination signal; lineage:https://www.vorvel.eu/en/certificates/eventi/delisting-archive?page=10,200,https://www.vorvel.eu/en/certificates/eventi/delisting-archive?page=14,text/html; charset=UTF-8,117009,59d17a0b0dffe157cfa77bd87571b1e866c0f7c930373b0e68e2b63a69ef9bc7,False,0.78,reports/2026-10-08/global_directory_followup_b15/raw/a4c3535d15a8753377bb.response,Delisting Archive | Vorvel,31,UNKNOWN_PAGINATION_AND_DYNAMIC_CONTENT_REVIEW
B05:2438,https://www.gmex-group.com/press-release-the-worlds-first-hybrid-cryptocurrency-derivatives-trading-platform-goes-live/,2026-10-08,B15 explicit pagination signal; lineage:https://www.gmex-group.com/press-release-usave-blockchain-partners-with-gmex-to-build-secure-digital-exchange-for-physical-gold/,200,https://www.gmex-group.com/press-release-the-worlds-first-hybrid-cryptocurrency-derivatives-trading-platform-goes-live/,text/html; charset=UTF-8,110523,311b561039707ce07b6da7139994d0612d492194e564c45fc3d6bf7ebb09ce31,False,0.81,reports/2026-10-08/global_directory_followup_b15/raw/414ca212ec13355abad8.response,Press Release: The World’s First Hybrid Cryptocurrency Derivatives Trading Platform Goes Live – GMEX Group,0,UNKNOWN_PAGINATION_AND_DYNAMIC_CONTENT_REVIEW
B05:466,https://info.memxtrading.com/category/alerts-notices/trader/page/18/,2026-10-08,B15 explicit pagination signal; lineage:https://info.memxtrading.com/category/alerts-notices/trader/page/19/,200,https://info.memxtrading.com/category/alerts-notices/trader/page/18/,text/html; charset=UTF-8,145625,88ac4ca4fb5bb3d1966c3ac82cf4b444816693f1c4548e4ef25a2472b73b22a8,False,1.36,reports/2026-10-08/global_directory_followup_b15/raw/e0891dfa3798afcabce6.response,Trader Alerts – Page 18 – MEMX Exchanges,0,UNKNOWN_PAGINATION_AND_DYNAMIC_CONTENT_REVIEW
B05:147,https://blog.bit2me.com/es/secciones/notas-de-prensa/page/5/,2026-10-08,B15 explicit pagination signal; lineage:https://blog.bit2me.com/es/secciones/notas-de-prensa/page/4/,200,https://blog.bit2me.com/es/secciones/notas-de-prensa/page/5/,text/html; charset=UTF-8,146915,53e181ad12b58af21b55bbff283d7fffea691f7f810449bdd1f45d8b50ad4dbf,False,0.47,reports/2026-10-08/global_directory_followup_b15/raw/3ad45a67fce69ecb9879.response,Notas de prensa - Página 5 de 16,0,UNKNOWN_PAGINATION_AND_DYNAMIC_CONTENT_REVIEW
B05:1522,https://www.bsx.com/listed-securities?CoStatus%5B0%5D=1&page=11,2026-10-08,B15 explicit pagination signal; lineage:https://www.bsx.com/listed-securities?CoStatus%5B0%5D=1&page=7,200,https://www.bsx.com/listed-securities?CoStatus%5B0%5D=1&page=11,text/html; charset=utf-8,43025,651bd77652d4f907b1743ba5fa90573f1e3d3d3d36106cb2156f5ba10b354f77,False,0.33,reports/2026-10-08/global_directory_followup_b15/raw/a9b3543cee9b9e6babc3.response,Listed Securities | Bermuda Stock Exchange | BSX,11,UNKNOWN_PAGINATION_AND_DYNAMIC_CONTENT_REVIEW
B05:4840,https://www.xtb.com/int/company-news?page=9,2026-10-08,B15 explicit pagination signal; lineage:https://www.xtb.com/int/company-news?page=7,200,https://www.xtb.com/int/company-news?page=9,text/html; charset=UTF-8,307538,f80d3f35ee13d503451ef7c7a805838868618a4f53f1c9d74fc42bfb6b8dfe89,False,0.92,reports/2026-10-08/global_directory_followup_b15/raw/88e348c8bdc3c94b6a38.response,"Trading hours, press releases, rollovers, and more. Page 9 | XTB",79,UNKNOWN_PAGINATION_AND_DYNAMIC_CONTENT_REVIEW
B05:1380,https://www.bolsacr.com/empresas/emisores-registrados?page=3,2026-10-08,B15 explicit pagination signal; lineage:https://www.bolsacr.com/empresas/emisores-registrados,200,https://www.bolsacr.com/empresas/emisores-registrados?page=3,text/html; charset=utf-8,32884,a504e05cd3eaf35ee4c3bb2763734f8cc37ff3199c454c518225e11a5d11bf9f,False,0.55,reports/2026-10-08/global_directory_followup_b15/raw/01f04cfd7fcaf9c1fb86.response,Emisores registrados | bolsacr.com,0,UNKNOWN_PAGINATION_AND_DYNAMIC_CONTENT_REVIEW
B05:2074,https://www.efama.org/policy/capital-markets/central-securities-depositories-regulation-csdr?page=0%2C0%2C1%2C0,2026-10-08,B15 explicit pagination signal; lineage:https://www.efama.org/index.php/policy/capital-markets/central-securities-depositories-regulation-csdr,200,https://www.efama.org/policy/capital-markets/central-securities-depositories-regulation-csdr?page=0%2C0%2C1%2C0,text/html; charset=UTF-8,125104,4d445bf1b5f68d559809ef311beab7a21e677dfc8f97c6574bcc19c3c98b961f,False,1.39,reports/2026-10-08/global_directory_followup_b15/raw/997abc2e3b2ea12071fb.response,Central Securities Depositories Regulation (CSDR) | EFAMA,0,UNKNOWN_PAGINATION_AND_DYNAMIC_CONTENT_REVIEW
B05:1962,https://www.dfsa.ae/what-we-do/dfsa-listing-authority/delisted-securities?ccm_paging_p=9&ccm_order_by=cv.cvName&ccm_order_by_direction=asc,2026-10-08,B15 explicit pagination signal; lineage:https://www.dfsa.ae/what-we-do/dfsa-listing-authority/delisted-securities?ccm_paging_p=6&ccm_order_by=cv.cvName&ccm_order_by_direction=asc,200,https://www.dfsa.ae/what-we-do/dfsa-listing-authority/delisted-securities?ccm_paging_p=9&ccm_order_by=cv.cvName&ccm_order_by_direction=asc,text/html; charset=UTF-8,63908,e4964bd4fd095c9f161bc4fd283b9a4183c1189c43214a71f1ec5e4edf4739e7,False,0.97,reports/2026-10-08/global_directory_followup_b15/raw/f0105fd3eb4dfd1bfdf9.response,Delisted Securities | DFSA | THE INDEPENDENT REGULATOR OF FINANCIAL SERVICES,0,UNKNOWN_PAGINATION_AND_DYNAMIC_CONTENT_REVIEW
B05:466,https://info.memxtrading.com/category/alerts-notices/product-notices/page/59/,2026-10-08,B15 explicit pagination signal; lineage:https://info.memxtrading.com/category/alerts-notices/product-notices/page/60/,200,https://info.memxtrading.com/category/alerts-notices/product-notices/page/59/,text/html; charset=UTF-8,137297,8e56d5f7507690225ea30820e83893425b8b5d16b463f9882a371222c59a60b6,False,1.2,reports/2026-10-08/global_directory_followup_b15/raw/31a99737836f5d63b255.response,Product Notices – Page 59 – MEMX Exchanges,0,UNKNOWN_PAGINATION_AND_DYNAMIC_CONTENT_REVIEW
B05:4757,https://www.vorvel.eu/en/certificates/eventi/delisting-archive?page=15,2026-10-08,B15 explicit pagination signal; lineage:https://www.vorvel.eu/en/certificates/eventi/delisting-archive?page=11,200,https://www.vorvel.eu/en/certificates/eventi/delisting-archive?page=15,text/html; charset=UTF-8,116806,48661e033af61b7ee5cae1614886dbf80798884f6d7b78331736d83c05f7d49b,False,0.8,reports/2026-10-08/global_directory_followup_b15/raw/148f44424fb12159fee2.response,Delisting Archive | Vorvel,31,UNKNOWN_PAGINATION_AND_DYNAMIC_CONTENT_REVIEW
B05:1962,https://www.dfsa.ae/what-we-do/dfsa-listing-authority/delisted-securities?ccm_paging_p=8&ccm_order_by=cv.cvName&ccm_order_by_direction=asc,2026-10-08,B15 explicit pagination signal; lineage:https://www.dfsa.ae/what-we-do/dfsa-listing-authority/delisted-securities?ccm_paging_p=6&ccm_order_by=cv.cvName&ccm_order_by_direction=asc,200,https://www.dfsa.ae/what-we-do/dfsa-listing-authority/delisted-securities?ccm_paging_p=8&ccm_order_by=cv.cvName&ccm_order_by_direction=asc,text/html; charset=UTF-8,63369,d3afa0acf51ce3f0bcce0e16d0a164434dbd0b1c3c3b1bf58e2ae455bc3b301e,False,2.36,reports/2026-10-08/global_directory_followup_b15/raw/31204621f8585f2c4cd8.response,Delisted Securities | DFSA,0,UNKNOWN_PAGINATION_AND_DYNAMIC_CONTENT_REVIEW
B05:4840,https://www.xtb.com/int/company-news?page=524,2026-10-08,B15 explicit pagination signal; lineage:https://www.xtb.com/int/company-news?page=525,200,https://www.xtb.com/int/company-news?page=524,text/html; charset=UTF-8,212125,f9ea2552733a41d88171d23173d6e09fd3b8ceff13b3b5aeda24b4d6710c0e17,False,0.91,reports/2026-10-08/global_directory_followup_b15/raw/b58ebb4ec4f0aeb9171b.response,"Trading hours, press releases, rollovers, and more. Page 524 | XTB",66,UNKNOWN_PAGINATION_AND_DYNAMIC_CONTENT_REVIEW
B05:1522,https://www.bsx.com/listed-securities?CoStatus%5B0%5D=1&page=12,2026-10-08,B15 explicit pagination signal; lineage:https://www.bsx.com/listed-securities?CoStatus%5B0%5D=1&page=8,200,https://www.bsx.com/listed-securities?CoStatus%5B0%5D=1&page=12,text/html; charset=utf-8,43092,7a99bcd809ce1be8a16b7e0b25120a71d57fd6568a6c0468110296cdc054a23b,False,0.33,reports/2026-10-08/global_directory_followup_b15/raw/f5d2590ffe3386be935d.response,Listed Securities | Bermuda Stock Exchange | BSX,11,UNKNOWN_PAGINATION_AND_DYNAMIC_CONTENT_REVIEW
B05:147,https://blog.bit2me.com/es/secciones/notas-de-prensa/page/13/,2026-10-08,B15 explicit pagination signal; lineage:https://blog.bit2me.com/es/secciones/notas-de-prensa/page/14/,200,https://blog.bit2me.com/es/secciones/notas-de-prensa/page/13/,text/html; charset=UTF-8,146128,3741ccbcb5b20de0ef0dd1dd8534f59cd0c44abedd98700472fb8ceeecd78a8d,False,1.11,reports/2026-10-08/global_directory_followup_b15/raw/546295fee2209e23ac82.response,Notas de prensa - Página 13 de 16,0,UNKNOWN_PAGINATION_AND_DYNAMIC_CONTENT_REVIEW
B05:1522,https://www.bsx.com/listed-securities?CoStatus%5B0%5D=1&page=114,2026-10-08,B15 explicit pagination signal; lineage:https://www.bsx.com/listed-securities?CoStatus%5B0%5D=1&page=115,200,https://www.bsx.com/listed-securities?CoStatus%5B0%5D=1&page=114,text/html; charset=utf-8,43628,ca250923d50957b57a825c867d886e1204ed388f4ee2a804cf91515c4cc46729,False,0.34,reports/2026-10-08/global_directory_followup_b15/raw/57c217cdb3e546a084c8.response,Listed Securities | Bermuda Stock Exchange | BSX,11,UNKNOWN_PAGINATION_AND_DYNAMIC_CONTENT_REVIEW
B05:147,https://blog.bit2me.com/es/secciones/novedades/page/43/,2026-10-08,B15 explicit pagination signal; lineage:https://blog.bit2me.com/es/secciones/novedades/page/44/,200,https://blog.bit2me.com/es/secciones/novedades/page/43/,text/html; charset=UTF-8,145765,8846ced56329bb124906dc536ae41da2c61a19795c7e40693d3d35e4c27b8eda,False,0.45,reports/2026-10-08/global_directory_followup_b15/raw/1f67c40d7742d0ae7c74.response,Archivo blog - Página 43 de 46,0,UNKNOWN_PAGINATION_AND_DYNAMIC_CONTENT_REVIEW
B05:1705,https://www.cdcp.sk/cdcpweb/info-o-cp/j-s-a-register-akcionarov/?pageno=12,2026-10-08,B15 explicit pagination signal; lineage:https://www.cdcp.sk/cdcpweb/info-o-cp/j-s-a-register-akcionarov/?pageno=10,200,https://www.cdcp.sk/cdcpweb/info-o-cp/j-s-a-register-akcionarov/?pageno=12,text/html; charset=UTF-8,193822,39d23084827033e2941e7baf9db81006f1d7079fd4bbd590ceb68cf24a51fab8,False,4.92,reports/2026-10-08/global_directory_followup_b15/raw/d1559971abaa0fc58614.response,"J.S.A. – Register akcionárov < CENTRÁLNY DEPOZITÁR CENNÝCH PAPIEROV SR, a.s.",14,UNKNOWN_PAGINATION_AND_DYNAMIC_CONTENT_REVIEW
B05:147,https://blog.bit2me.com/es/secciones/novedades/page/5/,2026-10-08,B15 explicit pagination signal; lineage:https://blog.bit2me.com/es/secciones/novedades/page/4/,200,https://blog.bit2me.com/es/secciones/novedades/page/5/,text/html; charset=UTF-8,145178,ecd7b8d0787260be98b56e49990d91bd429975578039be46b1225602c537fd36,False,0.44,reports/2026-10-08/global_directory_followup_b15/raw/f48653efd0f8dd6821f1.response,Archivo blog - Página 5 de 46,0,UNKNOWN_PAGINATION_AND_DYNAMIC_CONTENT_REVIEW
B05:1522,https://www.bsx.com/listed-securities?CoStatus%5B0%5D=1&page=107,2026-10-08,B15 explicit pagination signal; lineage:https://www.bsx.com/listed-securities?CoStatus%5B0%5D=1&page=115,200,https://www.bsx.com/listed-securities?CoStatus%5B0%5D=1&page=107,text/html; charset=utf-8,43699,4d8f081bf54395729d32e801e21750cee50e9ec0a5571017122068a3194a12ad,False,0.33,reports/2026-10-08/global_directory_followup_b15/raw/9efb5538c11566405a5b.response,Listed Securities | Bermuda Stock Exchange | BSX,11,UNKNOWN_PAGINATION_AND_DYNAMIC_CONTENT_REVIEW
B05:4840,https://www.xtb.com/int/company-news?page=523,2026-10-08,B15 explicit pagination signal; lineage:https://www.xtb.com/int/company-news?page=525,200,https://www.xtb.com/int/company-news?page=523,text/html; charset=UTF-8,217490,d6133c967a3a38c83b80deeb190987a783d5fae5f77a1a79f650da3bcbb932a5,False,1.09,reports/2026-10-08/global_directory_followup_b15/raw/a34cfaea1dbaaaea1831.response,"Trading hours, press releases, rollovers, and more. Page 523 | XTB",66,UNKNOWN_PAGINATION_AND_DYNAMIC_CONTENT_REVIEW
B05:1522,https://www.bsx.com/listed-securities?CoStatus%5B0%5D=1&page=108,2026-10-08,B15 explicit pagination signal; lineage:https://www.bsx.com/listed-securities?CoStatus%5B0%5D=1&page=115,200,https://www.bsx.com/listed-securities?CoStatus%5B0%5D=1&page=108,text/html; charset=utf-8,43550,51e576b570170f6155feef13f96979379127a052ce206e3b2d07c850897b8630,False,0.34,reports/2026-10-08/global_directory_followup_b15/raw/ac70ea47d7bdf27021de.response,Listed Securities | Bermuda Stock Exchange | BSX,11,UNKNOWN_PAGINATION_AND_DYNAMIC_CONTENT_REVIEW
B05:1962,https://www.dfsa.ae/what-we-do/dfsa-listing-authority/delisted-securities?ccm_paging_p=11&ccm_order_by=cv.cvName&ccm_order_by_direction=asc,2026-10-08,B15 explicit pagination signal; lineage:https://www.dfsa.ae/what-we-do/dfsa-listing-authority/delisted-securities?ccm_paging_p=17&ccm_order_by=cv.cvName&ccm_order_by_direction=asc,200,https://www.dfsa.ae/what-we-do/dfsa-listing-authority/delisted-securities?ccm_paging_p=11&ccm_order_by=cv.cvName&ccm_order_by_direction=asc,text/html; charset=UTF-8,63898,0cb887441ee36fe0bc709f99d9285102fa98b4a82315561a4c2fcdf05a63e21f,False,0.98,reports/2026-10-08/global_directory_followup_b15/raw/0f6bcd697eb6e6f7cdba.response,Delisted Securities | DFSA | THE INDEPENDENT REGULATOR OF FINANCIAL SERVICES,0,UNKNOWN_PAGINATION_AND_DYNAMIC_CONTENT_REVIEW
B05:2074,https://www.efama.org/policy/capital-markets/central-securities-depositories-regulation-csdr?page=0%2C1%2C0%2C0,2026-10-08,B15 explicit pagination signal; lineage:https://www.efama.org/index.php/policy/capital-markets/central-securities-depositories-regulation-csdr,200,https://www.efama.org/policy/capital-markets/central-securities-depositories-regulation-csdr?page=0%2C1%2C0%2C0,text/html; charset=UTF-8,128102,cf4b0a2d0518585108873d89142f285c9c10bce68cfcaba14baecc2d7dcadfc0,False,2.38,reports/2026-10-08/global_directory_followup_b15/raw/d3ced0aaa17c9e60f9f8.response,Central Securities Depositories Regulation (CSDR) | EFAMA,0,UNKNOWN_PAGINATION_AND_DYNAMIC_CONTENT_REVIEW
B05:147,https://blog.bit2me.com/es/secciones/token-b2m/page/5/,2026-10-08,B15 explicit pagination signal; lineage:https://blog.bit2me.com/es/secciones/token-b2m/page/4/,200,https://blog.bit2me.com/es/secciones/token-b2m/page/5/,text/html; charset=UTF-8,146178,8de32d0870b694285d1ff135ee63b9bd1a4eec56ca9862e14f45087bef7d531b,False,0.49,reports/2026-10-08/global_directory_followup_b15/raw/9f1a3f2b3f36d319ad58.response,Token B2M - Página 5 de 10,0,UNKNOWN_PAGINATION_AND_DYNAMIC_CONTENT_REVIEW
B05:1522,https://www.bsx.com/listed-securities?CoStatus%5B0%5D=1&page=109,2026-10-08,B15 explicit pagination signal; lineage:https://www.bsx.com/listed-securities?CoStatus%5B0%5D=1&page=115,200,https://www.bsx.com/listed-securities?CoStatus%5B0%5D=1&page=109,text/html; charset=utf-8,43439,b4963a8977a964abaeb27bf8515b963406abad248d7c0939d13b03f581432717,False,0.36,reports/2026-10-08/global_directory_followup_b15/raw/446b10dc5fd9a4d76b66.response,Listed Securities | Bermuda Stock Exchange | BSX,11,UNKNOWN_PAGINATION_AND_DYNAMIC_CONTENT_REVIEW
B05:147,https://blog.bit2me.com/es/secciones/token-b2m/page/7/,2026-10-08,B15 explicit pagination signal; lineage:https://blog.bit2me.com/es/secciones/token-b2m/page/8/,200,https://blog.bit2me.com/es/secciones/token-b2m/page/7/,text/html; charset=UTF-8,145323,78313fd6cc3be2b21417057b8d5efd439cc539c6f26374bf493e164bbc922bfe,False,0.53,reports/2026-10-08/global_directory_followup_b15/raw/927dbce48760df2916d1.response,Token B2M - Página 7 de 10,0,UNKNOWN_PAGINATION_AND_DYNAMIC_CONTENT_REVIEW
B05:1705,https://www.cdcp.sk/cdcpweb/info-o-cp/j-s-a-register-akcionarov/?pageno=65,2026-10-08,B15 explicit pagination signal; lineage:https://www.cdcp.sk/cdcpweb/info-o-cp/j-s-a-register-akcionarov/?pageno=67,200,https://www.cdcp.sk/cdcpweb/info-o-cp/j-s-a-register-akcionarov/?pageno=65,text/html; charset=UTF-8,193778,626cd6d7207f379943303afab1e006a911bfa0a9d91bb385a90b35d3fb1b70b9,False,4.28,reports/2026-10-08/global_directory_followup_b15/raw/cc2cd6fa8abad10487eb.response,"J.S.A. – Register akcionárov < CENTRÁLNY DEPOZITÁR CENNÝCH PAPIEROV SR, a.s.",14,UNKNOWN_PAGINATION_AND_DYNAMIC_CONTENT_REVIEW
B05:147,https://blog.bit2me.com/pt/page/5/,2026-10-08,B15 explicit pagination signal; lineage:https://blog.bit2me.com/pt/page/4/,200,https://blog.bit2me.com/pt/page/5/,text/html; charset=UTF-8,166361,d15bf2dd0d39586d7e7eb9bb1fceea46ae377af3a68756c9b5547d921d5c0be9,False,0.51,reports/2026-10-08/global_directory_followup_b15/raw/328415f52203b19a46ca.response,Bit2Me Blog PT - Descubra todas as novidades do Bit2Me,0,UNKNOWN_PAGINATION_AND_DYNAMIC_CONTENT_REVIEW
B05:1522,https://www.bsx.com/listed-securities?CoStatus%5B0%5D=1&page=110,2026-10-08,B15 explicit pagination signal; lineage:https://www.bsx.com/listed-securities?CoStatus%5B0%5D=1&page=115,200,https://www.bsx.com/listed-securities?CoStatus%5B0%5D=1&page=110,text/html; charset=utf-8,43650,486e3166582bf7190af6dbd8312e44f09704bb81cbf0d988899a07eca47d5536,False,0.33,reports/2026-10-08/global_directory_followup_b15/raw/936c89b6b8042762ae8e.response,Listed Securities | Bermuda Stock Exchange | BSX,11,UNKNOWN_PAGINATION_AND_DYNAMIC_CONTENT_REVIEW
B05:1962,https://www.dfsa.ae/what-we-do/dfsa-listing-authority/delisted-securities?ccm_paging_p=10&ccm_order_by=cv.cvName&ccm_order_by_direction=asc,2026-10-08,B15 explicit pagination signal; lineage:https://www.dfsa.ae/what-we-do/dfsa-listing-authority/delisted-securities?ccm_paging_p=7&ccm_order_by=cv.cvName&ccm_order_by_direction=asc,200,https://www.dfsa.ae/what-we-do/dfsa-listing-authority/delisted-securities?ccm_paging_p=10&ccm_order_by=cv.cvName&ccm_order_by_direction=asc,text/html; charset=UTF-8,63377,e1f57e400bc866f0b159f74a3f9f264fcd0ab263131628e28c05fd8ad32f4497,False,2.19,reports/2026-10-08/global_directory_followup_b15/raw/3d164b6493de592d4ecf.response,Delisted Securities | DFSA,0,UNKNOWN_PAGINATION_AND_DYNAMIC_CONTENT_REVIEW
B05:1522,https://www.bsx.com/listed-securities?CoStatus%5B0%5D=1&page=111,2026-10-08,B15 explicit pagination signal; lineage:https://www.bsx.com/listed-securities?CoStatus%5B0%5D=1&page=115,200,https://www.bsx.com/listed-securities?CoStatus%5B0%5D=1&page=111,text/html; charset=utf-8,43569,eb62192d6155d9e949d8e4ed63f4c11cc785ac0e88b3efeaa48d2022e67b93a0,False,0.31,reports/2026-10-08/global_directory_followup_b15/raw/8a8f08cb6bec5f960328.response,Listed Securities | Bermuda Stock Exchange | BSX,11,UNKNOWN_PAGINATION_AND_DYNAMIC_CONTENT_REVIEW
B05:147,https://blog.bit2me.com/es/author/bit2me/page/102/,2026-10-08,B15 explicit pagination signal; lineage:https://blog.bit2me.com/es/author/bit2me/page/103/,200,https://blog.bit2me.com/es/author/bit2me/page/102/,text/html; charset=UTF-8,146378,82030d3318db278707dd772ad5068cbc0ec7e289e49c78fd34a604b4895c92ed,False,0.61,reports/2026-10-08/global_directory_followup_b15/raw/1430d3a473e6ca237c3f.response,"Bit2Me, autor en Bit2Me Blog - Página 102 de 105",0,UNKNOWN_PAGINATION_AND_DYNAMIC_CONTENT_REVIEW
B05:1522,https://www.bsx.com/listed-securities?CoStatus%5B0%5D=1&page=112,2026-10-08,B15 explicit pagination signal; lineage:https://www.bsx.com/listed-securities?CoStatus%5B0%5D=1&page=115,200,https://www.bsx.com/listed-securities?CoStatus%5B0%5D=1&page=112,text/html; charset=utf-8,43289,5359913516dad18021419ab08b445355f30efa0ddcfbc5b16fc2806c35fab231,False,0.31,reports/2026-10-08/global_directory_followup_b15/raw/c5f263d8489499ec2ea8.response,Listed Securities | Bermuda Stock Exchange | BSX,11,UNKNOWN_PAGINATION_AND_DYNAMIC_CONTENT_REVIEW
B05:147,https://blog.bit2me.com/pt/page/22/,2026-10-08,B15 explicit pagination signal; lineage:https://blog.bit2me.com/pt/page/23/,200,https://blog.bit2me.com/pt/page/22/,text/html; charset=UTF-8,157617,c235d71917de2e22a51fa285a2179df4795fc77251bdd399e95c33d27ef7862c,False,0.56,reports/2026-10-08/global_directory_followup_b15/raw/178869626e5b6a188f71.response,Bit2Me Blog PT - Descubra todas as novidades do Bit2Me,0,UNKNOWN_PAGINATION_AND_DYNAMIC_CONTENT_REVIEW
B05:1522,https://www.bsx.com/listed-securities?CoStatus%5B0%5D=1&page=113,2026-10-08,B15 explicit pagination signal; lineage:https://www.bsx.com/listed-securities?CoStatus%5B0%5D=1&page=115,200,https://www.bsx.com/listed-securities?CoStatus%5B0%5D=1&page=113,text/html; charset=utf-8,43402,a53413220898dad90f3bab1c513c77f5f3e97dfd57ebf510d10e858cc1c5ceec,False,0.31,reports/2026-10-08/global_directory_followup_b15/raw/7611453ca4cc3b794ffe.response,Listed Securities | Bermuda Stock Exchange | BSX,11,UNKNOWN_PAGINATION_AND_DYNAMIC_CONTENT_REVIEW
B05:147,https://blog.bit2me.com/es/author/bit2me/page/5/,2026-10-08,B15 explicit pagination signal; lineage:https://blog.bit2me.com/es/author/bit2me/page/4/,200,https://blog.bit2me.com/es/author/bit2me/page/5/,text/html; charset=UTF-8,148341,45e7f40f3e63e228963a4b6fff03b0303d2e7e10886cf35945ea949fbc0a899a,False,0.56,reports/2026-10-08/global_directory_followup_b15/raw/50194da8b74231a59484.response,"Bit2Me, autor en Bit2Me Blog - Página 5 de 105",0,UNKNOWN_PAGINATION_AND_DYNAMIC_CONTENT_REVIEW
B05:1962,https://www.dfsa.ae/what-we-do/dfsa-listing-authority/delisted-securities?ccm_paging_p=13&ccm_order_by=cv.cvName&ccm_order_by_direction=asc,2026-10-08,B15 explicit pagination signal; lineage:https://www.dfsa.ae/what-we-do/dfsa-listing-authority/delisted-securities?ccm_paging_p=17&ccm_order_by=cv.cvName&ccm_order_by_direction=asc,200,https://www.dfsa.ae/what-we-do/dfsa-listing-authority/delisted-securities?ccm_paging_p=13&ccm_order_by=cv.cvName&ccm_order_by_direction=asc,text/html; charset=UTF-8,63930,c06d6fb29a0c0d8922a749a531d53ca1165050eb0527ad62474818576fa16f1c,False,1.92,reports/2026-10-08/global_directory_followup_b15/raw/b2aebe8ac82d56f597b3.response,Delisted Securities | DFSA | THE INDEPENDENT REGULATOR OF FINANCIAL SERVICES,0,UNKNOWN_PAGINATION_AND_DYNAMIC_CONTENT_REVIEW
B05:147,https://blog.bit2me.com/en/page/5/,2026-10-08,B15 explicit pagination signal; lineage:https://blog.bit2me.com/en/page/4/,200,https://blog.bit2me.com/en/page/5/,text/html; charset=UTF-8,165919,3d1f32c18439b5304811c2bd42ed34841000088c320bfbdffec04a29b4561ebc,False,0.83,reports/2026-10-08/global_directory_followup_b15/raw/23e2e8d22e3801357160.response,Bit2Me Blog EN - Discover here all the news of Bit2Me,0,UNKNOWN_PAGINATION_AND_DYNAMIC_CONTENT_REVIEW
B05:1962,https://www.dfsa.ae/what-we-do/dfsa-listing-authority/delisted-securities?ccm_paging_p=12&ccm_order_by=cv.cvName&ccm_order_by_direction=asc,2026-10-08,B15 explicit pagination signal; lineage:https://www.dfsa.ae/what-we-do/dfsa-listing-authority/delisted-securities?ccm_paging_p=17&ccm_order_by=cv.cvName&ccm_order_by_direction=asc,200,https://www.dfsa.ae/what-we-do/dfsa-listing-authority/delisted-securities?ccm_paging_p=12&ccm_order_by=cv.cvName&ccm_order_by_direction=asc,text/html; charset=UTF-8,64035,ea166251a2e3ea8f057e7e7a5ed47ef0341c1732564c901dc2ae4ae49b08c32c,False,2.81,reports/2026-10-08/global_directory_followup_b15/raw/1b4c5aa6c2afafe05932.response,Delisted Securities | DFSA,0,UNKNOWN_PAGINATION_AND_DYNAMIC_CONTENT_REVIEW
B05:147,https://blog.bit2me.com/en/page/23/,2026-10-08,B15 explicit pagination signal; lineage:https://blog.bit2me.com/en/page/24/,200,https://blog.bit2me.com/en/page/23/,text/html; charset=UTF-8,159065,ec51607690ab3bbbefabbb8ae32afdaf6aabf2e569270d53b818715e328bf102,False,0.95,reports/2026-10-08/global_directory_followup_b15/raw/e059d046bd70471775b2.response,Bit2Me Blog EN - Discover here all the news of Bit2Me,0,UNKNOWN_PAGINATION_AND_DYNAMIC_CONTENT_REVIEW
B05:147,https://blog.bit2me.com/es/secciones/only-for-app/page/45/,2026-10-08,B15 explicit pagination signal; lineage:https://blog.bit2me.com/es/secciones/only-for-app/page/46/,200,https://blog.bit2me.com/es/secciones/only-for-app/page/45/,text/html; charset=UTF-8,145908,7249f6ab26a9fee59da3527afdbbd0ca4abc8435b078f4d352cd01f06b133abd,False,1.19,reports/2026-10-08/global_directory_followup_b15/raw/967098f2b4a227befdff.response,Only for app - Página 45 de 48,0,UNKNOWN_PAGINATION_AND_DYNAMIC_CONTENT_REVIEW
B05:147,https://blog.bit2me.com/es/secciones/only-for-app/page/5/,2026-10-08,B15 explicit pagination signal; lineage:https://blog.bit2me.com/es/secciones/only-for-app/page/4/,200,https://blog.bit2me.com/es/secciones/only-for-app/page/5/,text/html; charset=UTF-8,145571,3ec0dc2fa505eeb6bf352aea96038edb3bd8445b71d70b1a2bbdf9ab037d0ec9,False,1.28,reports/2026-10-08/global_directory_followup_b15/raw/7c9f27a320e29ba3422b.response,Only for app - Página 5 de 48,0,UNKNOWN_PAGINATION_AND_DYNAMIC_CONTENT_REVIEW
B05:1962,https://www.dfsa.ae/what-we-do/dfsa-listing-authority/delisted-securities?ccm_paging_p=15&ccm_order_by=cv.cvName&ccm_order_by_direction=asc,2026-10-08,B15 explicit pagination signal; lineage:https://www.dfsa.ae/what-we-do/dfsa-listing-authority/delisted-securities?ccm_paging_p=17&ccm_order_by=cv.cvName&ccm_order_by_direction=asc,200,https://www.dfsa.ae/what-we-do/dfsa-listing-authority/delisted-securities?ccm_paging_p=15&ccm_order_by=cv.cvName&ccm_order_by_direction=asc,text/html; charset=UTF-8,63923,f6f93679ec4c925194f8ae223a9252e34f1313ce975185fc9588c627a5c94df3,False,2.69,reports/2026-10-08/global_directory_followup_b15/raw/99044c48c8744f902f13.response,Delisted Securities | DFSA | THE INDEPENDENT REGULATOR OF FINANCIAL SERVICES,0,UNKNOWN_PAGINATION_AND_DYNAMIC_CONTENT_REVIEW
B05:147,https://blog.bit2me.com/es/secciones/portada/page/64/,2026-10-08,B15 explicit pagination signal; lineage:https://blog.bit2me.com/es/secciones/portada/page/65/,200,https://blog.bit2me.com/es/secciones/portada/page/64/,text/html; charset=UTF-8,144626,15d910bf56211e6080d92c6634ac82dc84a1f0637d5912fdac33c1dd932d82f9,False,1.45,reports/2026-10-08/global_directory_followup_b15/raw/86ecc218454443461a87.response,Portada - Página 64 de 67,0,UNKNOWN_PAGINATION_AND_DYNAMIC_CONTENT_REVIEW
B05:147,https://blog.bit2me.com/es/secciones/portada/page/5/,2026-10-08,B15 explicit pagination signal; lineage:https://blog.bit2me.com/es/secciones/portada/page/4/,200,https://blog.bit2me.com/es/secciones/portada/page/5/,text/html; charset=UTF-8,146141,21ee95f612d17fc92af4e00731c5e631b5afc7db869af300d0a0b1f927985977,False,1.72,reports/2026-10-08/global_directory_followup_b15/raw/e1cd264f18b1c225aa3c.response,Portada - Página 5 de 67,0,UNKNOWN_PAGINATION_AND_DYNAMIC_CONTENT_REVIEW
B05:1962,https://www.dfsa.ae/what-we-do/dfsa-listing-authority/delisted-securities?ccm_paging_p=14&ccm_order_by=cv.cvName&ccm_order_by_direction=asc,2026-10-08,B15 explicit pagination signal; lineage:https://www.dfsa.ae/what-we-do/dfsa-listing-authority/delisted-securities?ccm_paging_p=17&ccm_order_by=cv.cvName&ccm_order_by_direction=asc,200,https://www.dfsa.ae/what-we-do/dfsa-listing-authority/delisted-securities?ccm_paging_p=14&ccm_order_by=cv.cvName&ccm_order_by_direction=asc,text/html; charset=UTF-8,63143,d1bdebf72c3b39c80a6d5360852df8fdd41118f2f7664fc2b6ee7fcd50f3895e,False,3.89,reports/2026-10-08/global_directory_followup_b15/raw/b82331475abbd388f41a.response,Delisted Securities | DFSA,0,UNKNOWN_PAGINATION_AND_DYNAMIC_CONTENT_REVIEW
B05:1705,https://www.cdcp.sk/cdcpweb/info-o-cp/j-s-a-register-akcionarov/?pageno=66,2026-10-08,B15 explicit pagination signal; lineage:https://www.cdcp.sk/cdcpweb/info-o-cp/j-s-a-register-akcionarov/?pageno=67,200,https://www.cdcp.sk/cdcpweb/info-o-cp/j-s-a-register-akcionarov/?pageno=66,text/html; charset=UTF-8,193758,0d3a6541ce4fc42f4f3e081da5d1801f7840ef9e91a60da60fa2ab851337e5b1,False,7.17,reports/2026-10-08/global_directory_followup_b15/raw/bebf256812c5285a8a3b.response,"J.S.A. – Register akcionárov < CENTRÁLNY DEPOZITÁR CENNÝCH PAPIEROV SR, a.s.",14,UNKNOWN_PAGINATION_AND_DYNAMIC_CONTENT_REVIEW
B05:1705,https://www.cdcp.sk/cdcpweb/info-o-cp/j-s-a-register-akcionarov/?pageno=13,2026-10-08,B15 explicit pagination signal; lineage:https://www.cdcp.sk/cdcpweb/info-o-cp/j-s-a-register-akcionarov/?pageno=11,200,https://www.cdcp.sk/cdcpweb/info-o-cp/j-s-a-register-akcionarov/?pageno=13,text/html; charset=UTF-8,193810,b7d1809557b2b472b83f236f003501e963c3d57784eaa629c8b9a4b61a81f656,False,6.5,reports/2026-10-08/global_directory_followup_b15/raw/0b248d9538e5707cad6a.response,"J.S.A. – Register akcionárov < CENTRÁLNY DEPOZITÁR CENNÝCH PAPIEROV SR, a.s.",14,UNKNOWN_PAGINATION_AND_DYNAMIC_CONTENT_REVIEW
B05:1962,https://www.dfsa.ae/what-we-do/dfsa-listing-authority/delisted-securities?ccm_paging_p=16&ccm_order_by=cv.cvName&ccm_order_by_direction=asc,2026-10-08,B15 explicit pagination signal; lineage:https://www.dfsa.ae/what-we-do/dfsa-listing-authority/delisted-securities?ccm_paging_p=17&ccm_order_by=cv.cvName&ccm_order_by_direction=asc,200,https://www.dfsa.ae/what-we-do/dfsa-listing-authority/delisted-securities?ccm_paging_p=16&ccm_order_by=cv.cvName&ccm_order_by_direction=asc,text/html; charset=UTF-8,63184,5276f8a6ae11ca89a2ba17583c2adbab0dd7e118b0674a1282f1a8ed28bb6d44,False,4.55,reports/2026-10-08/global_directory_followup_b15/raw/02148cb0240c6d656af9.response,Delisted Securities | DFSA,0,UNKNOWN_PAGINATION_AND_DYNAMIC_CONTENT_REVIEW
