registry_id,registry_name,url,http_status,final_url,title,bytes,sha256,name_terms_found,verdict,error,checked_at
E0061,Moody’s Orbis / Bureau van Dijk,https://www.moodys.com/web/en/us/capabilities/company-reference-data/orbis.html,200,https://www.moodys.com/web/en/us/capabilities/company-reference-data/orbis.html,Orbis Database: Global Private Company Data | Moody's,174743,2230878bab0314762148fdbed1e6c7f9fcc8b621581acc322aaeb10bb5762dca,Moody’s Orbis+Bureau van Dijk,V_CONFIRMED,,2026-10-04T11:41:44+00:00
E0124,S&P Capital IQ Pro,https://www.spglobal.com/market-intelligence/en/solutions/products/sp-capital-iq-pro,403,https://www.spglobal.com/market-intelligence/en/solutions/products/sp-capital-iq-pro,Access Denied,459,dc98749a84773d92ad602a8858dc8b2a680bb2d6544a22cd58427e38e058d813,,BLOCKED_MANUAL_REVIEW,,2026-10-04T11:41:44+00:00
E0125,LSEG Workspace / Refinitiv,https://www.lseg.com/en/data-analytics/products/workspace,200,https://www.lseg.com/en/data-analytics/products/workspace,LSEG Workspace | Data Analytics,507350,9b9aca935dc4c9fbf116ed61ba341abe4937d5e155ad351d01c90f5095010723,LSEG Workspace,V_CONFIRMED,,2026-10-04T11:41:44+00:00
E0158,NIQ,https://nielseniq.com/,200,https://nielseniq.com/global/en/,NIQ - The Full View™ of Consumer Intelligence,359380,7684a23a9388878de1e79ea5d5d7d6f72e3f87c75d4daa75ed9c0c9169e93004,NIQ,V_CONFIRMED,,2026-10-04T11:41:44+00:00
E0159,Kantar,https://www.kantar.com/,200,https://www.kantar.com/,Kantar. Intelligence for Brand Growth.,91144,6f52d427af1537a759a7810aa919dbb36ee208100df68012fd4f5cd9da713596,Kantar,V_CONFIRMED,,2026-10-04T11:41:44+00:00
E0160,project44,https://www.project44.com/platform/visibility/,200,https://www.project44.com/platform/visibility/,Supply Chain Visibility Software | project44,347597,fb30ce9906efab0cd0003301aa58df1a7ba1735f101ff712b4cbc4e9efe001be,project44,V_CONFIRMED,,2026-10-04T11:41:45+00:00
E0161,CoStar,https://www.costargroup.com/about-us/brands/costar,403,https://www.costargroup.com/about-us/brands/costar,Access Denied,407,d25aeafa034d9dc273ff73120c1fb8f6557998050eb5b3076b74fa6a5bc77c29,CoStar,BLOCKED_MANUAL_REVIEW,,2026-10-04T11:41:44+00:00
E0162,ORCID,https://www.orcid.org/,200,https://orcid.org:443/,ORCID,65015,6be332e34f4f1c140d7694b352b09d761a5b59a210323458f2a92a6b394d8786,ORCID,V_CONFIRMED,,2026-10-04T11:41:45+00:00
E0163,OpenAlex,https://help.openalex.org/data/,200,https://help.openalex.org/data/,Data reference | OpenAlex Help Center,36465,9daf0f2853d2e30511d4f6e37ab1427f585db8f26bb0ee81b1bd252cc43b000b,OpenAlex,V_CONFIRMED,,2026-10-04T11:41:44+00:00
E0164,IQVIA,https://www.iqvia.com/solutions/real-world-evidence/real-world-data-and-insights,200,https://www.iqvia.com/solutions/real-world-evidence/real-world-data-and-insights,Real World & Health Data Sets | IQVIA,558236,5d4f04a70b4134e271ad83912cd0d75f60a9877160b9d6842e36e36d0ec8c8bf,IQVIA,V_CONFIRMED,,2026-10-04T11:41:47+00:00
E0165,TriNetX,https://trinetx.com/data/,200,https://trinetx.com/data/,Global Real-World Data Network | Federated Health Data | TriNetX,357452,723f02b1d51b7a509264a9f28449c96227467cb65c32e5d7a8473eac921617d4,TriNetX,V_CONFIRMED,,2026-10-04T11:41:44+00:00
E0166,Candid / GuideStar,https://candid.org/,200,https://candid.org/,"Research nonprofits, funders, and grants | Candid",109174,866a0ed51a3dc39124c9dd9876f938efb7a47921afb6ee2104599d2e5136f962,Candid+GuideStar,V_CONFIRMED,,2026-10-04T11:41:44+00:00
E0167,YouTube Analytics,https://support.google.com/youtube/answer/9002587,200,https://support.google.com/youtube/answer/9002587,Get started with YouTube Analytics - Computer - YouTube Help,1623459,d2a3671e9b3e7a72d1687cdaa6d5c2fcb7d2f9b99a9f258275cc773ad1262d83,YouTube Analytics,V_CONFIRMED,,2026-10-04T11:41:46+00:00
E0168,Spotify for Artists,https://support.spotify.com/us/article/spotify-for-artists/,200,https://support.spotify.com/us/article/spotify-for-artists/,Spotify for Artists - Spotify,721558,d33d89b1d08e402e65b698e65abc8204b31a09d135061796db9f51a9f0b2e5e2,Spotify for Artists,V_CONFIRMED,,2026-10-04T11:41:45+00:00
E0241,World Bank WGI / Government Analytics / GTMI,https://www.worldbank.org/en/publication/worldwide-governance-indicators,200,https://www.worldbank.org/en/publication/worldwide-governance-indicators,Home | Worldwide Governance Indicators,56301,5d8a5678f84ef3ea85e51e13f81d3c163a9a496c322a74090b9188c24e22a807,,REACHABLE_NAME_NOT_FOUND,,2026-10-04T11:41:45+00:00
E0252,UCDP,https://ucdp.uu.se/downloads/,200,https://ucdp.uu.se/downloads/,UCDP Dataset Download Center,139885,6739bd1dcc85b5e3467342c0da4e38577375eba8ac94470e6a78f49c77d97f2a,UCDP,V_CONFIRMED,,2026-10-04T11:41:45+00:00
E0253,SIPRI,https://www.sipri.org/databases/milex,200,https://www.sipri.org/databases/milex,SIPRI Military Expenditure Database | SIPRI,59145,1bd0f1f147ab063139838e5f0ee68338c423e891bdfddd319a8a3f92ad388d15,SIPRI,V_CONFIRMED,,2026-10-04T11:41:45+00:00
E0259,UNSD / UN M49 / ISIC / SALB,https://unstats.un.org/unsd/classifications/Econ/ISIC.cshtml,200,https://unstats.un.org/unsd/classifications/Econ/ISIC.cshtml,UNSD — ISIC,38073,3898d4e20e7f8acd2caefcc81954ca73e9a3a4d970ea78e1186d4569cfb9f3d4,UNSD+ISIC,V_CONFIRMED,,2026-10-04T11:41:46+00:00
E0260,ISO 3166,https://www.iso.org/iso-3166-country-codes.html,200,https://www.iso.org/iso-3166-country-codes.html,ISO - ISO 3166 — Country Codes,70310,60c69d3c9a7803a934a4860d991dbd5a8e0ee63ae0915f7d8438fea2fde844dd,ISO 3166,V_CONFIRMED,,2026-10-04T11:41:46+00:00
E0261,ITU / E.164 / ICT Development Index,https://www.itu.int/itu-d/reports/statistics/IDI2026/,200,https://www.itu.int/itu-d/reports/statistics/IDI2026/,Measuring digital development - The ICT Development Index 2026,39594,96e9038d57521323f7ca5858bb52cf70600eb6af222077bdb389836c869cfbf6,ICT Development Index+ITU,V_CONFIRMED,,2026-10-04T11:41:46+00:00
E0262,DOSM / MSIC,https://www.dosm.gov.my/,200,https://www.dosm.gov.my/,Department of Statistics Malaysia,30215,619199e902d980b5d50c55e089a7fb6d2e9becc41344f10b1ea8aa4cde4582aa,DOSM,V_CONFIRMED,,2026-10-04T11:41:48+00:00
E0263,SSM e-Info / Corporate Information,https://www.ssm.com.my/Pages/Buy_Corporate_Information/e-Info.aspx,200,https://www.ssm.com.my/Pages/Buy_Corporate_Information/e-Info.aspx,Pages - e-Info,278478,9147428db9c91db1f5fe09d76809bf58e560a455515a131953ff4a564e34447e,SSM e-Info,V_CONFIRMED,,2026-10-04T11:41:49+00:00
E0264,GLEIF Global LEI Index,https://search.gleif.org/,200,https://search.gleif.org/,LEI Search,810,db76e4a2b04415729622bc53dac7968500350b8b16e4741bb6aa8afe21f09f71,,REACHABLE_NAME_NOT_FOUND,,2026-10-04T11:41:46+00:00
E0265,EU BRIS,https://commission.europa.eu/topics/business-and-industry/company-law-and-corporate-governance_en,200,https://commission.europa.eu/topics/business-and-industry/company-law-and-corporate-governance_en,Company law and corporate governance - European Commission,169496,f65978f603982ffbdce7b2cdee1cff3a6144e887f03682dd41a5973025a8742a,,REACHABLE_NAME_NOT_FOUND,,2026-10-04T11:41:46+00:00
E0268,India MCA,https://data.gov.in/catalog/company-master-data,0,https://data.gov.in/catalog/company-master-data,,0,,,FAILED,curl: (28) Failed to connect to data.gov.in:443 after 21489 ms: Could not connect to server,2026-10-04T11:42:07+00:00
E0269,Singapore ACRA Bizfile,https://www.acra.gov.sg/resources/eservice-tools-portals/bizfile/,200,https://www.acra.gov.sg/resources/eservice-tools-portals/bizfile/,Bizfile | Accounting and Corporate Regulatory Authority,446171,6302b37f261f7576f94603db3cc7a16ab0bf8c2651db94fc4df5037910c8fe0a,,REACHABLE_NAME_NOT_FOUND,,2026-10-04T11:41:48+00:00
E0270,Japan NTA Corporate Number,https://www.houjin-bangou.nta.go.jp/en/,200,https://www.houjin-bangou.nta.go.jp/en/,National Tax Agency Corporate Number Publication Site(NTA-CNPS),21038,9ec2149bef8281ec07ad2cf9be73fb3a9be1fb75bb4190b199036ff0a7832a25,,REACHABLE_NAME_NOT_FOUND,,2026-10-04T11:41:48+00:00
E0271,Australia ASIC,https://www.asic.gov.au/online-services/search-asic-registers,200,https://www.asic.gov.au/online-services/search-asic-registers,Search ASIC registers | ASIC,109548,1b74af0bcce9bad9b1c0a369913f78659bef2b688436f42a14838b1ae2729a58,,REACHABLE_NAME_NOT_FOUND,,2026-10-04T11:41:47+00:00
E0272,ILO / ILOSTAT,https://ilostat.ilo.org/data/,403,https://ilostat.ilo.org/data/,Just a moment...,5506,cdf3fbb25ebcc17703dbed747ecffd037442bb8344b850c6acb38f6d98bb02c5,ILOSTAT+ILO,BLOCKED_MANUAL_REVIEW,,2026-10-04T11:41:47+00:00
E0273,FAO / FAOSTAT / FAM / AQUASTAT,https://www.fao.org/statistics/en,200,https://www.fao.org/statistics/en,Statistics | FAO | Food and Agriculture Organization of the United Nations,104554,457bee967de18afae9f054e988a0b62dc51a9b79d9e625536b90a4d06abbcb0b,FAO+FAOSTAT+FAM+AQUASTAT,V_CONFIRMED,,2026-10-04T11:41:48+00:00
E0274,World Bank LSMS / Microdata Catalog,https://microdata.worldbank.org/index.php/collections/lsms,200,https://microdata.worldbank.org/index.php/collections/lsms,Living Standards Measurement Study (LSMS),18586,a2feb16830c04ab840156fa8c0a072691fc06779e8b136a7d26a24aed8349799,Microdata Catalog,V_CONFIRMED,,2026-10-04T11:41:48+00:00
E0276,WTO / UN Comtrade / UNCTAD,https://comtradeplus.un.org/,200,https://comtradeplus.un.org/,UN Comtrade,3302,7103bdede81733b445651a506a0370723bbf3aefee1fa9c442319d363a3bbdd6,UN Comtrade,V_CONFIRMED,,2026-10-04T11:41:48+00:00
E0277,WHO Global Health Observatory,https://www.who.int/data/gho/,200,https://www.who.int/data/gho/,Global Health Observatory,142967,c7c62cd6f8c4ade4e2f08954e897f3c9d30af48d843c83a348aa56954e70f9de,,REACHABLE_NAME_NOT_FOUND,,2026-10-04T11:41:48+00:00
E0279,WorldPop,https://www.worldpop.org/,200,https://www.worldpop.org/,Open Spatial Demographic Data and Research - WorldPop,270968,fe8eb8a7d1df81a1e99f4a00a72dfec58425d9eef032e1d0366c06953025b9aa,WorldPop,V_CONFIRMED,,2026-10-04T11:41:49+00:00
E0281,OpenStreetMap / HOT,https://www.openstreetmap.org/,200,https://www.openstreetmap.org/,OpenStreetMap,32300,3d95cf350c80cc96fe787f3ea620b83d971ce04461282991cf9322989f0826cd,OpenStreetMap,V_CONFIRMED,,2026-10-04T11:41:48+00:00
E0282,GeoNames,https://www.geonames.org/,200,https://www.geonames.org/,GeoNames,15793,182c13d48af66052643dc36140f680ba39ba1b0af398fd6db2af98eee40b8f89,GeoNames,V_CONFIRMED,,2026-10-04T11:41:48+00:00
E0284,UN World Population Prospects,https://population.un.org/wpp/,200,https://population.un.org/wpp/,World Population Prospects,26012,081714e07350ddb4047087af9c7bd0b933625649ff5665e995d263231e5cb883,,REACHABLE_NAME_NOT_FOUND,,2026-10-04T11:41:49+00:00
E0287,NASA Earthdata,https://gis.earthdata.nasa.gov/,200,https://gis.earthdata.nasa.gov/portal/home/,,1141,99a86e924191a297dc2b3d176b923d67bf25d0a85bdc7f57257c1de502796b10,,REACHABLE_NAME_NOT_FOUND,,2026-10-04T11:41:49+00:00
E0288,Copernicus Data Space / Sentinel Hub,https://dataspace.copernicus.eu/,200,https://dataspace.copernicus.eu/,Copernicus Data Space Ecosystem | Europe's eyes on Earth,113925,f99c9c3118fd683d761ba7a4fdcc50ef57dd1367ee76d5f21ce4bd26d2fd0ac4,Sentinel Hub+Copernicus Data Space,V_CONFIRMED,,2026-10-04T11:41:50+00:00
E0289,ECMWF ERA5 / ERA5T,https://www.ecmwf.int/en/forecasts/dataset/ecmwf-reanalysis-v5,401,https://www.ecmwf.int/en/forecasts/dataset/ecmwf-reanalysis-v5,Access denied | ECMWF,38025,12adbdc8d88d9330aa3dc2e1d779b6fcc1ca8b7e38bc5ff582fe1ff6d7378f23,,BLOCKED_MANUAL_REVIEW,,2026-10-04T11:41:51+00:00
E0290,WMO,https://wmo.int/publication-series/state-of-global-climate/state-of-global-climate-2025,200,https://wmo.int/publication-series/state-of-global-climate/state-of-global-climate-2025,State of the Global Climate 2025,123278,252b83e29cdc24d849890349a4c70150dbb922e1a8e639b3f3fbed96482559b1,WMO,V_CONFIRMED,,2026-10-04T11:41:50+00:00
E0291,Protected Planet,https://www.protectedplanet.net/,200,https://www.protectedplanet.net/en,Explore the World's Protected Areas,45318,1e7feabff3c2fbbb6333bebc269298bf748656f7447c016167131128df6d7994,Protected Planet,V_CONFIRMED,,2026-10-04T11:41:53+00:00
E0292,IEA,https://www.iea.org/reports/global-critical-minerals-outlook-2026,200,https://www.iea.org/reports/global-critical-minerals-outlook-2026,Global Critical Minerals Outlook 2026 – Analysis - IEA,269517,ed51fa6f3b27c35f001b9eb698d0c60ef3ad27dcae05a4cde8f681dfb7099903,IEA,V_CONFIRMED,,2026-10-04T11:41:51+00:00
E0293,USGS,https://pubs.usgs.gov/publication/mcs2026,200,https://pubs.usgs.gov/publication/mcs2026,Mineral commodity summaries 2026,59019,e4a78bfbed1eb65eb28398fa198db8e9d7500c104652dcc9f78dd16d89c8cc20,USGS,V_CONFIRMED,,2026-10-04T11:41:50+00:00
E0294,SEMI,https://www.semi.org/en/products-services/market-data/,200,https://www.semi.org/en/products-services/market-intelligence,SEMI Market Intelligence | SEMI,302118,8138f133ff012052608eeedc13dba12abf438a841eb64c6bc10746d640334f8d,SEMI,V_CONFIRMED,,2026-10-04T11:41:52+00:00
E0295,WIPO,https://www.wipo.int/publications/en/details.jsp?id=4862,200,https://www.wipo.int/publications/en/details.jsp?id=4862,Patent Trends Update in GenAI,23917,50bf7b934d950d44af12d05abaf0e3f24977036cb39d95e9b4407285eb4d1c0f,WIPO,V_CONFIRMED,,2026-10-04T11:41:51+00:00
E0301,NASA / JPL Horizons / SPICE / PDS / Astrobiology,https://gis.earthdata.nasa.gov/,200,https://gis.earthdata.nasa.gov/portal/home/,,1141,99a86e924191a297dc2b3d176b923d67bf25d0a85bdc7f57257c1de502796b10,,REACHABLE_NAME_NOT_FOUND,,2026-10-04T11:41:50+00:00
E0302,ESA / DISCOS / PSA / Moonlight,https://www.esa.int/Space_Safety/Space_Debris/ESA_Space_Environment_Report_2026,200,https://www.esa.int/Space_Safety/Space_Debris/ESA_Space_Environment_Report_2026,ESA - ESA Space Environment Report 2026,48891,a8939dc69d268411c23650c46edd72fcbe2432aa46c4f1c4860c59f0d63d82ad,ESA,V_CONFIRMED,,2026-10-04T11:41:51+00:00
E0303,JAXA / DARTS,https://darts.isas.jaxa.jp/,200,https://darts.isas.jaxa.jp/,DARTS at ISAS/JAXA,108277,feeeceace60906420fc9591e1aca4a1ea9b38b732942ab6b5ff0f53b0b95098c,JAXA+DARTS,V_CONFIRMED,,2026-10-04T11:41:53+00:00
E0304,ISRO / ISSDC,https://www.issdc.gov.in/,200,https://www.issdc.gov.in/,ISSDC,27665,a4ef225c7714ab076479e6c7b8370f01932c3133e69c362bceef1a6bcfe23013,ISSDC+ISRO,V_CONFIRMED,,2026-10-04T11:41:53+00:00
E0305,CNSA / ILRS,https://www.cnsa.gov.cn/,200,https://www.cnsa.gov.cn/,国家航天局,173576,e9f76caef83dbe465b70506409624a125b0b3e72fdb6080be82b17a4c989126b,,REACHABLE_NAME_NOT_FOUND,,2026-10-04T11:41:53+00:00
E0308,UNOOSA / COPUOS,https://www.unoosa.org/oosa/en/ourwork/spacelaw/treaties/outerspacetreaty.html,200,https://www.unoosa.org/unoosa/en/ourwork/spacelaw/treaties/outerspacetreaty.html,The Outer Space Treaty,65038,e117034d5644310713078377bbb4d1fae80b4ad3cd55fecce8625dd55dcb92be,COPUOS,V_CONFIRMED,,2026-10-04T11:41:51+00:00
E0310,CCSDS,https://ccsds.org/publications/,200,https://ccsds.org/publications/,CCSDS.org - Publications,575660,e86dface4790d8ae4f1c4b6ed9b3d94ecfa9e879e9bfeafeecd6d69c1688b37b,CCSDS,V_CONFIRMED,,2026-10-04T11:41:57+00:00
E0311,COSPAR,https://cosparhq.cnes.fr/cospar-policy-on-planetary-protection/,200,https://cosparhq.cnes.fr/cospar-policy-on-planetary-protection/,Committee on Space Research (COSPAR) » COSPAR Policy on Planetary Protection,89283,71968ad037022a4c5b94d3d26f1673a5d56f8fcd0cb47693752620c491076aa3,COSPAR,V_CONFIRMED,,2026-10-04T11:41:52+00:00
E0354,Fortune Global 500,https://fortune.com/ranking/global500/,200,https://fortune.com/ranking/global500/,Fortune Global 500 – The largest companies in the world by revenue | Fortune,760587,0e1377b21c54e9f4988fb35ed74541069c896474a2156d75f05349eed0f49646,Fortune Global 500,V_CONFIRMED,,2026-10-04T11:41:52+00:00
E0355,Forbes Global 2000,https://www.forbes.com/,200,https://www.forbes.com/,Forbes,782118,ee8bd1e35ed0d2a219fb68d5ceaa41b559fcd6d49f156d3ee053c9c7bb890f23,,REACHABLE_NAME_NOT_FOUND,,2026-10-04T11:41:53+00:00
