work_id,source_url,target_url,label,evidence
B05:438,https://guyanastockexchangeinc.com/security/demerara-distillers-limited/,https://guyanastockexchangeinc.com/gse/sec/media/ddl.xlsx,Download Historical Trade Data,OBSERVED_DIRECT_FILE_LINK
B05:3939,https://www.psx.com.pk/psx/resources-and-tools/brokerage-firms/renewal-of-securities-brokerage-license-from-secp,https://www.psx.com.pk/psx/themes/psx/uploads/List-of-Online-Brokers-13-8-24.zip,List of Brokers facilitating Online Account Opening,OBSERVED_DIRECT_FILE_LINK
B05:3939,https://www.psx.com.pk/psx/resources-and-tools/brokerage-firms/renewal-of-securities-brokerage-license-from-secp,https://www.psx.com.pk/psx/themes/psx/uploads/List-of-Online-Brokers-13-8-24.zip,List of Brokers facilitating Online Account Opening,OBSERVED_DIRECT_FILE_LINK
B05:2117,https://www.esma.europa.eu/esmas-activities/markets-and-infrastructure/central-securities-depositories,https://www.esma.europa.eu/sites/default/files/esma70-155-11765_csdr_substantial_importance_indicators_template.xlsx,reporting templates,OBSERVED_DIRECT_FILE_LINK
B05:2117,https://www.esma.europa.eu/esmas-activities/markets-and-infrastructure/central-securities-depositories,https://www.esma.europa.eu/sites/default/files/esma70-155-11763_csdr_relevant_currencies_indicators_template.xlsx,reporting templates,OBSERVED_DIRECT_FILE_LINK
B05:2117,https://www.esma.europa.eu/esmas-activities/markets-and-infrastructure/central-securities-depositories,https://www.esma.europa.eu/sites/default/files/library/esma65-8-6905_csdr7_settlements_fails_xml_schema.zip,XML Schema,OBSERVED_DIRECT_FILE_LINK
B05:2117,https://www.esma.europa.eu/esmas-activities/markets-and-infrastructure/central-securities-depositories,https://www.esma.europa.eu/sites/default/files/2025-10/ESMA74-1194755578-334_CSDR_Register_Art_21_58.xlsx,CSD Register,OBSERVED_DIRECT_FILE_LINK
B05:2117,https://www.esma.europa.eu/esmas-activities/markets-and-infrastructure/central-securities-depositories,https://www.esma.europa.eu/sites/default/files/2025-10/ESMA74-2119945926-3416_Third-country_CSDs_notifications_-_Instructions_for_notary_and_central_maintenance_services.xlsx,Instructions for notary and central maintenance services,OBSERVED_DIRECT_FILE_LINK
B05:2117,https://www.esma.europa.eu/esmas-activities/markets-and-infrastructure/central-securities-depositories,https://www.esma.europa.eu/sites/default/files/2025-10/ESMA74-2119945926-3417_Third-country_CSDs_notifications_-_Instructions_for_settlement_services.xlsx,Instructions for settlement services,OBSERVED_DIRECT_FILE_LINK
B05:2117,https://www.esma.europa.eu/esmas-activities/markets-and-infrastructure/central-securities-depositories,https://www.esma.europa.eu/sites/default/files/esma65-8-6251_csdr-technical_guidance_for_settlement_internalisers_-_report_validation_rules_v1.0.0_embeddedfiles.zip,XML files,OBSERVED_DIRECT_FILE_LINK
B05:2117,https://www.esma.europa.eu/esmas-activities/markets-and-infrastructure/central-securities-depositories,https://www.esma.europa.eu/sites/default/files/2023-03/ESMA70-447-2367_CSDR_Internalised_Settlement_Reporting_-_Issuer_CSDs_LEIs.xlsx,List,OBSERVED_DIRECT_FILE_LINK
B05:2117,https://www.esma.europa.eu/esmas-activities/markets-and-infrastructure/central-securities-depositories,https://www.esma.europa.eu/sites/default/files/library/sfd_designated_authorities_and_systems.xlsx,"▸ List of designated authorities, payment systems and securities settlement systems",OBSERVED_DIRECT_FILE_LINK
B05:2624,https://www.indiainx.com/static/Membership_Forms_for_Banks.aspx,https://www.indiainx.com/download/Other_Documents_for_Reference.zip,Other Documents for Reference,OBSERVED_DIRECT_FILE_LINK
B05:440,https://guyanastockexchangeinc.com/security/guyana-bank-for-trade-and-industry-limited/,https://guyanastockexchangeinc.com/gse/sec/media/bti.xlsx,Download Historical Trade Data,OBSERVED_DIRECT_FILE_LINK
B05:3934,https://www.psx.com.pk/psx/resources-and-tools/brokerage-firms/how-to-become-a-securities-broker-trec-holder,https://www.psx.com.pk/psx/themes/psx/uploads/List-of-Online-Brokers-13-8-24.zip,List of Brokers facilitating Online Account Opening,OBSERVED_DIRECT_FILE_LINK
B05:3934,https://www.psx.com.pk/psx/resources-and-tools/brokerage-firms/how-to-become-a-securities-broker-trec-holder,https://www.psx.com.pk/psx/themes/psx/uploads/List-of-Online-Brokers-13-8-24.zip,List of Brokers facilitating Online Account Opening,OBSERVED_DIRECT_FILE_LINK
B05:2118,https://www.esma.europa.eu/esmas-activities/markets-and-infrastructure/securitisation,https://www.esma.europa.eu/sites/default/files/library/esma33-128-760_securitisations_designated_as_sts_as_from_01_01_2019_regulation_2402_2017.xlsx,previous STS list,OBSERVED_DIRECT_FILE_LINK
B05:2118,https://www.esma.europa.eu/esmas-activities/markets-and-infrastructure/securitisation,https://www.esma.europa.eu/sites/default/files/library/esma33-128-760_securitisations_designated_as_sts_as_from_01_01_2019_regulation_2402_2017.xlsx,STS list,OBSERVED_DIRECT_FILE_LINK
B05:2118,https://www.esma.europa.eu/esmas-activities/markets-and-infrastructure/securitisation,https://www.esma.europa.eu/sites/default/files/template_for_synthetic_sts_notification.xlsx,ESMAs STS template for synthetic STS securitisations.,OBSERVED_DIRECT_FILE_LINK
B05:2118,https://www.esma.europa.eu/esmas-activities/markets-and-infrastructure/securitisation,https://www.esma.europa.eu/sites/default/files/library/esma33-128-760_securitisations_designated_as_sts_as_from_01_01_2019_regulation_2402_2017.xlsx,STS traditional securitisations notified to ESMA,OBSERVED_DIRECT_FILE_LINK
B05:2118,https://www.esma.europa.eu/esmas-activities/markets-and-infrastructure/securitisation,https://www.esma.europa.eu/sites/default/files/library/esma33-128-765_sts_notifications_cancelled_as_from_01_01_2019_regulation_2402_2017.xlsx,STS traditional securitisations cancelled,OBSERVED_DIRECT_FILE_LINK
B05:2118,https://www.esma.europa.eu/esmas-activities/markets-and-infrastructure/securitisation,https://www.esma.europa.eu/sites/default/files/esma82-402-39_synthetic_securitisations_designated_as_sts_as_from_09_04_2021_regulation_2021_557.xlsx,Synthetic securitisations meeting the STS requirements,OBSERVED_DIRECT_FILE_LINK
B05:2118,https://www.esma.europa.eu/esmas-activities/markets-and-infrastructure/securitisation,https://www.esma.europa.eu/sites/default/files/esma33-128-765_securitisations_no_longer_eligible_for_sts_status_in_the_eu_due_to_brexit.xlsx,a separate list,OBSERVED_DIRECT_FILE_LINK
B05:2118,https://www.esma.europa.eu/esmas-activities/markets-and-infrastructure/securitisation,https://www.esma.europa.eu/sites/default/files/library/annex2_underlying_exposures-residential_real_estate.xlsx,Annex 2: Underlying exposures – residential real estate,OBSERVED_DIRECT_FILE_LINK
B05:2118,https://www.esma.europa.eu/esmas-activities/markets-and-infrastructure/securitisation,https://www.esma.europa.eu/sites/default/files/library/annex3_underlying_exposures-commercial_real_estate.xlsx,Annex 3: Underlying exposures – commercial real estate,OBSERVED_DIRECT_FILE_LINK
B05:2118,https://www.esma.europa.eu/esmas-activities/markets-and-infrastructure/securitisation,https://www.esma.europa.eu/sites/default/files/library/annex4_underlying_exposures-corporate.xlsx,Annex 4: Underlying exposures – corporate,OBSERVED_DIRECT_FILE_LINK
B05:2118,https://www.esma.europa.eu/esmas-activities/markets-and-infrastructure/securitisation,https://www.esma.europa.eu/sites/default/files/library/annex5_underlying_exposures-automobile.xlsx,Annex 5: Underlying exposures – automobile,OBSERVED_DIRECT_FILE_LINK
B05:2118,https://www.esma.europa.eu/esmas-activities/markets-and-infrastructure/securitisation,https://www.esma.europa.eu/sites/default/files/library/annex6_underlying_exposures-consumer.xlsx,Annex 6: Underlying exposures – consumer,OBSERVED_DIRECT_FILE_LINK
B05:2118,https://www.esma.europa.eu/esmas-activities/markets-and-infrastructure/securitisation,https://www.esma.europa.eu/sites/default/files/library/annex7_underlying_exposures-credit_cards.xlsx,Annex 7: Underlying exposures – credit cards,OBSERVED_DIRECT_FILE_LINK
B05:2118,https://www.esma.europa.eu/esmas-activities/markets-and-infrastructure/securitisation,https://www.esma.europa.eu/sites/default/files/library/annex8_underlying_exposures-leasing.xlsx,Annex 8: Underlying exposures – leasing,OBSERVED_DIRECT_FILE_LINK
B05:2118,https://www.esma.europa.eu/esmas-activities/markets-and-infrastructure/securitisation,https://www.esma.europa.eu/sites/default/files/library/annex9_underlying_exposures-esoteric.xlsx,Annex 9: Underlying exposures – esoteric,OBSERVED_DIRECT_FILE_LINK
B05:2118,https://www.esma.europa.eu/esmas-activities/markets-and-infrastructure/securitisation,https://www.esma.europa.eu/sites/default/files/library/annex10_underlying_exposures_add_on-non_performing_exposures.xlsx,Annex 10: Underlying exposures – add-on non-performing exposures,OBSERVED_DIRECT_FILE_LINK
B05:2118,https://www.esma.europa.eu/esmas-activities/markets-and-infrastructure/securitisation,https://www.esma.europa.eu/sites/default/files/library/annex11_underlying_exposures-abcp.xlsx,Annex 11: Underlying exposures – ABCP,OBSERVED_DIRECT_FILE_LINK
B05:2118,https://www.esma.europa.eu/esmas-activities/markets-and-infrastructure/securitisation,https://www.esma.europa.eu/sites/default/files/library/annex12_investor_report-non-abcp_securitisation.xlsx,Annex 12: Investor report – Non-ABCP securitisation,OBSERVED_DIRECT_FILE_LINK
B05:2118,https://www.esma.europa.eu/esmas-activities/markets-and-infrastructure/securitisation,https://www.esma.europa.eu/sites/default/files/library/annex13_investor_report-abcp_securitisation.xlsx,Annex 13: Investor report – ABCP securitisation,OBSERVED_DIRECT_FILE_LINK
B05:2118,https://www.esma.europa.eu/esmas-activities/markets-and-infrastructure/securitisation,https://www.esma.europa.eu/sites/default/files/library/disclosure_templates_1.3.1.zip,XML schema and validation rules,OBSERVED_DIRECT_FILE_LINK
B05:2118,https://www.esma.europa.eu/esmas-activities/markets-and-infrastructure/securitisation,https://www.esma.europa.eu/sites/default/files/library/end_of_day_and_rejection_reports_1.3.1.zip,XML Schema and technical guidance,OBSERVED_DIRECT_FILE_LINK
B05:2118,https://www.esma.europa.eu/esmas-activities/markets-and-infrastructure/securitisation,https://www.esma.europa.eu/sites/default/files/library/esma_register_secr.xlsx,▸ List of SRs registered in accordance with the Securitisation Regulation,OBSERVED_DIRECT_FILE_LINK
B05:2118,https://www.esma.europa.eu/esmas-activities/markets-and-infrastructure/securitisation,https://www.esma.europa.eu/sites/default/files/2025-12/SR_esma_data_templates_v1.xlsx,Data reporting templates (v1),OBSERVED_DIRECT_FILE_LINK
B05:2118,https://www.esma.europa.eu/esmas-activities/markets-and-infrastructure/securitisation,https://www.esma.europa.eu/sites/default/files/2025-12/SR_esma_gov_bus_templates_v1.xlsx,Governance and business templates (v1),OBSERVED_DIRECT_FILE_LINK
B05:2118,https://www.esma.europa.eu/esmas-activities/markets-and-infrastructure/securitisation,https://www.esma.europa.eu/sites/default/files/2025-12/SR_esma_ic_templates_v1.xlsx,Internal control templates (v1),OBSERVED_DIRECT_FILE_LINK
B05:2118,https://www.esma.europa.eu/esmas-activities/markets-and-infrastructure/securitisation,https://www.esma.europa.eu/sites/default/files/esma82-402-39_synthetic_securitisations_designated_as_sts_as_from_09_04_2021_regulation_2021_557.xlsx,List of Synthetic Securitisations notified to ESMA,OBSERVED_DIRECT_FILE_LINK
B05:2118,https://www.esma.europa.eu/esmas-activities/markets-and-infrastructure/securitisation,https://www.esma.europa.eu/sites/default/files/esma82-402-39_synthetic_securitisations_designated_as_sts_as_from_09_04_2021_regulation_2021_557.xlsx,,OBSERVED_DIRECT_FILE_LINK
B05:2579,https://www.icmagroup.org/market-practice-and-regulatory-policy/primary-markets/primary-market-products/securitisation/,https://www.icmagroup.org/assets/documents/Regulatory/Primary-Markets/Joint-Associations-Feedback-on-FCA-CP26-_6-templates-180526.xlsx,Joint Associations’ feedback on FCA CP 26/6 templates,OBSERVED_DIRECT_FILE_LINK
