path,column_name,definition,definition_status,definition_locator,owner_approval
DGEF/contracts/data_dictionary.csv,table,資料字典所描述的 SQL 表名，不是該行自身的業務實體,CONTEXT_DEFINED_OWNER_REVIEW_REQUIRED,DGEF/fabric.py:168; dictionary construction from PRAGMA and SPECS,PENDING
DGEF/contracts/data_dictionary.csv,table_name_zh,SPECS 中的表中文名稱，供字典顯示,CONTEXT_DEFINED_OWNER_REVIEW_REQUIRED,DGEF/fabric.py:168; dictionary construction from PRAGMA and SPECS,PENDING
DGEF/contracts/data_dictionary.csv,grain,SPECS 中宣告的表記錄粒度；須與實際約束及資料合讀,CONTEXT_DEFINED_OWNER_REVIEW_REQUIRED,DGEF/fabric.py:168; dictionary construction from PRAGMA and SPECS,PENDING
DGEF/contracts/data_dictionary.csv,column,資料字典所描述的 SQL 欄位名稱,CONTEXT_DEFINED_OWNER_REVIEW_REQUIRED,DGEF/fabric.py:168; dictionary construction from PRAGMA and SPECS,PENDING
DGEF/contracts/data_dictionary.csv,sql_type,生成時 PRAGMA table_info 返回的 SQL 宣告型別,CONTEXT_DEFINED_OWNER_REVIEW_REQUIRED,DGEF/fabric.py:168; dictionary construction from PRAGMA and SPECS,PENDING
DGEF/contracts/data_dictionary.csv,not_null,生成時 PRAGMA table_info 的 NOT NULL 宣告標記，不保證業務值有效,CONTEXT_DEFINED_OWNER_REVIEW_REQUIRED,DGEF/fabric.py:168; dictionary construction from PRAGMA and SPECS,PENDING
DGEF/contracts/data_dictionary.csv,primary_key,生成時 PRAGMA table_info 的主鍵序位，非現實身份核實標記,CONTEXT_DEFINED_OWNER_REVIEW_REQUIRED,DGEF/fabric.py:168; dictionary construction from PRAGMA and SPECS,PENDING
DGEF/contracts/data_dictionary.csv,null_semantics,生成器共用的未知／不適用及禁止補零說明，不是每個欄位完整缺值原因,CONTEXT_DEFINED_OWNER_REVIEW_REQUIRED,DGEF/fabric.py:168; dictionary construction from PRAGMA and SPECS,PENDING
DGEF/contracts/data_dictionary.csv,business_definition,field_definition 函數輸出的定義文字，可能仍是通用說明,CONTEXT_DEFINED_OWNER_REVIEW_REQUIRED,DGEF/fabric.py:168; dictionary construction from PRAGMA and SPECS,PENDING
DGEF/contracts/data_dictionary.csv,example_use,本生成器實際複製表粒度文字，不是獨立應用案例或已測效益,CONTEXT_DEFINED_OWNER_REVIEW_REQUIRED,DGEF/fabric.py:168; dictionary construction from PRAGMA and SPECS,PENDING
reports/2026-10-06/frontier_ecosystem/preview/Reference/tables/06_frontier_ecosystem_20261006/registry_frontier_claims.csv,product_leads_state,產品／計劃線索核實範圍；只有主張明示部分可能獲支持，名稱不自動核實,CONTEXT_DEFINED_OWNER_REVIEW_REQUIRED,BYTE_IDENTICAL_COPY_OF Reference/tables/06_frontier_ecosystem_20261006/registry_frontier_claims.csv; reports/2026-10-06/frontier_ecosystem/build_registry.py:248,PENDING
reports/2026-10-06/frontier_ecosystem/preview/Reference/tables/06_frontier_ecosystem_20261006/registry_frontier_organizations.csv,display_name,候選組織的展示名稱，非核實法律登記名稱,CONTEXT_DEFINED_OWNER_REVIEW_REQUIRED,BYTE_IDENTICAL_COPY_OF Reference/tables/06_frontier_ecosystem_20261006/registry_frontier_organizations.csv; reports/2026-10-06/frontier_ecosystem/build_registry.py:242,PENDING
reports/2026-10-06/frontier_ecosystem/preview/Reference/tables/06_frontier_ecosystem_20261006/registry_frontier_organizations.csv,entity_type,本批組織類型分類，未代替法人登記及身份消歧,CONTEXT_DEFINED_OWNER_REVIEW_REQUIRED,BYTE_IDENTICAL_COPY_OF Reference/tables/06_frontier_ecosystem_20261006/registry_frontier_organizations.csv; reports/2026-10-06/frontier_ecosystem/build_registry.py:242,PENDING
reports/2026-10-06/frontier_ecosystem/preview/Reference/tables/06_frontier_ecosystem_20261006/registry_frontier_organizations.csv,primary_domain,前沿生態候選的主要編輯領域分類，不限制其他業務範圍,CONTEXT_DEFINED_OWNER_REVIEW_REQUIRED,BYTE_IDENTICAL_COPY_OF Reference/tables/06_frontier_ecosystem_20261006/registry_frontier_organizations.csv; reports/2026-10-06/frontier_ecosystem/build_registry.py:242,PENDING
reports/2026-10-06/frontier_ecosystem/preview/Reference/tables/06_frontier_ecosystem_20261006/registry_frontier_organizations.csv,selection_status,前沿研究候選選入狀態；FRONTIER_RESEARCH_CANDIDATE_NOT_RANKED 明示未排名,CONTEXT_DEFINED_OWNER_REVIEW_REQUIRED,BYTE_IDENTICAL_COPY_OF Reference/tables/06_frontier_ecosystem_20261006/registry_frontier_organizations.csv; reports/2026-10-06/frontier_ecosystem/build_registry.py:245,PENDING
reports/2026-10-06/frontier_ecosystem/preview/Reference/tables/06_frontier_ecosystem_20261006/registry_frontier_sources.csv,supports,本來源所支持的主張文字範圍，不表示所有產品與性能均核實,CONTEXT_DEFINED_OWNER_REVIEW_REQUIRED,BYTE_IDENTICAL_COPY_OF Reference/tables/06_frontier_ecosystem_20261006/registry_frontier_sources.csv; reports/2026-10-06/frontier_ecosystem/build_registry.py:252,PENDING
reports/2026-10-06/frontier_ecosystem/preview/Reference/tables/06_frontier_ecosystem_20261006/registry_frontier_sources.csv,source_class,本批按組織類型生成的 P0／P1 分類，不是逐來源独立品質評分,CONTEXT_DEFINED_OWNER_REVIEW_REQUIRED,BYTE_IDENTICAL_COPY_OF Reference/tables/06_frontier_ecosystem_20261006/registry_frontier_sources.csv; reports/2026-10-06/frontier_ecosystem/build_registry.py:253,PENDING
reports/2026-10-06/frontier_ecosystem/preview/Reference/tables/06_frontier_ecosystem_20261006/registry_frontier_sources.csv,access_state,本批閱讀支持狀態；按主張狀態設定，非即時網址可達監測,CONTEXT_DEFINED_OWNER_REVIEW_REQUIRED,BYTE_IDENTICAL_COPY_OF Reference/tables/06_frontier_ecosystem_20261006/registry_frontier_sources.csv; reports/2026-10-06/frontier_ecosystem/build_registry.py:254,PENDING
reports/2026-10-06/frontier_ecosystem/preview/Reference/tables/06_frontier_ecosystem_20261006/registry_frontier_sources.csv,published_on,來源發布日欄；本批生成時空置，不能以 checked_on 替代,CONTEXT_DEFINED_OWNER_REVIEW_REQUIRED,BYTE_IDENTICAL_COPY_OF Reference/tables/06_frontier_ecosystem_20261006/registry_frontier_sources.csv; reports/2026-10-06/frontier_ecosystem/build_registry.py:256,PENDING
reports/2026-10-06/frontier_ecosystem/preview/Reference/tables/06_frontier_ecosystem_20261006/registry_frontier_sources.csv,archive_state,原始響應存檔狀態；NO_RAW_HTTP_ARCHIVE 明示未保存原始 HTTP,CONTEXT_DEFINED_OWNER_REVIEW_REQUIRED,BYTE_IDENTICAL_COPY_OF Reference/tables/06_frontier_ecosystem_20261006/registry_frontier_sources.csv; reports/2026-10-06/frontier_ecosystem/build_registry.py:256,PENDING
reports/2026-10-06/global_technology_iso249/preview/Reference/tables/07_global_technology_iso249_20261006/registry_country_search_leads.csv,lead_id,國別搜尋回應行的批次鍵；由查詢國別與回應序號生成，不是機構鍵,CONTEXT_DEFINED_OWNER_REVIEW_REQUIRED,BYTE_IDENTICAL_COPY_OF Reference/tables/07_global_technology_iso249_20261006/registry_country_search_leads.csv; reports/2026-10-06/global_technology_iso249/build_global_registry.py; leads construction and legacy lead notes,PENDING
reports/2026-10-06/global_technology_iso249/preview/Reference/tables/07_global_technology_iso249_20261006/registry_country_search_leads.csv,title,搜尋提供方返回的頁面標題；非官方組織規範名稱,CONTEXT_DEFINED_OWNER_REVIEW_REQUIRED,BYTE_IDENTICAL_COPY_OF Reference/tables/07_global_technology_iso249_20261006/registry_country_search_leads.csv; reports/2026-10-06/global_technology_iso249/build_global_registry.py; leads construction and legacy lead notes,PENDING
reports/2026-10-06/global_technology_iso249/preview/Reference/tables/07_global_technology_iso249_20261006/registry_country_search_leads.csv,country_relationship_state,搜尋命中的國別關係審核狀態；UNREVIEWED_SEARCH_RESULT 不建立國別歸屬,CONTEXT_DEFINED_OWNER_REVIEW_REQUIRED,BYTE_IDENTICAL_COPY_OF Reference/tables/07_global_technology_iso249_20261006/registry_country_search_leads.csv; reports/2026-10-06/global_technology_iso249/build_global_registry.py; leads construction and legacy lead notes,PENDING
reports/2026-10-06/global_technology_iso249/preview/Reference/tables/07_global_technology_iso249_20261006/registry_country_search_leads.csv,relevance_state,搜尋結果相關性狀態；UNKNOWN_MAY_BE_IRRELEVANT 保留不相關可能,CONTEXT_DEFINED_OWNER_REVIEW_REQUIRED,BYTE_IDENTICAL_COPY_OF Reference/tables/07_global_technology_iso249_20261006/registry_country_search_leads.csv; reports/2026-10-06/global_technology_iso249/build_global_registry.py; leads construction and legacy lead notes,PENDING
reports/2026-10-06/global_technology_iso249/preview/Reference/tables/07_global_technology_iso249_20261006/registry_legacy_product_project_leads.csv,notes,歷史產品／計劃線索限定說明；複合研究詞不升級為已核實產品登記,CONTEXT_DEFINED_OWNER_REVIEW_REQUIRED,BYTE_IDENTICAL_COPY_OF Reference/tables/07_global_technology_iso249_20261006/registry_legacy_product_project_leads.csv; reports/2026-10-06/global_technology_iso249/build_global_registry.py; leads construction and legacy lead notes,PENDING
