query_gsod_station_id,ncdc_station_id,identifier_row,id_type,identifier,begin_date,end_date,covers_full_2024
01001099999,30105150,1,ICAO,ENJA,1949-06-13T00:00:00.000,2022-08-27T00:00:00.000,False
01001099999,30105150,2,WMO,01001,1949-06-13T00:00:00.000,2022-08-27T00:00:00.000,False
01001099999,30105150,3,NCDCSTNID,30105150,1949-06-13T00:00:00.000,2022-08-27T00:00:00.000,False
01001099999,30105150,4,IGRA,JNM00001001,1949-06-13T00:00:00.000,2022-08-27T00:00:00.000,False
01001099999,30152243,1,ICAO,ENJA,1922-01-01T00:00:00.000,Present,True
01001099999,30152243,2,WMO,01001,1922-01-01T00:00:00.000,Present,True
01001099999,30152243,3,NCDCSTNID,30152243,1922-01-01T00:00:00.000,Present,True
01001099999,30152243,4,GHCNH,NOI0000ENJA,1922-01-01T00:00:00.000,Present,True
01008099999,30145003,1,ICAO,ENSB,1973-01-01T00:00:00.000,Present,True
01008099999,30145003,2,WMO,01008,1973-01-01T00:00:00.000,Present,True
01008099999,30145003,3,NCDCSTNID,30145003,1973-01-01T00:00:00.000,Present,True
01008099999,30145003,4,GHCNH,SVI0000ENSB,1973-01-01T00:00:00.000,Present,True
08594099999,30104924,1,ICAO,GVAC,1950-06-01T00:00:00.000,2017-06-28T00:00:00.000,False
08594099999,30104924,2,WMO,08594,1950-06-01T00:00:00.000,2017-06-28T00:00:00.000,False
08594099999,30104924,3,NCDCSTNID,30104924,1950-06-01T00:00:00.000,2017-06-28T00:00:00.000,False
08594099999,30104924,4,IGRA,CVM00008594,1950-06-01T00:00:00.000,2017-06-28T00:00:00.000,False
08594099999,30138849,1,ICAO,GVAC,1948-01-01T00:00:00.000,Present,True
08594099999,30138849,2,WMO,08594,1948-01-01T00:00:00.000,Present,True
08594099999,30138849,3,NCDCSTNID,30138849,1948-01-01T00:00:00.000,Present,True
08594099999,30138849,4,GHCNH,CVI0000GVAC,1948-01-01T00:00:00.000,Present,True
23220499999,30151399,1,ICAO,USTR,1948-01-01T00:00:00.000,Present,True
23220499999,30151399,2,NCDCSTNID,30151399,1948-01-01T00:00:00.000,Present,True
23220499999,30151399,3,GHCNH,RSI0000USTR,1948-01-01T00:00:00.000,Present,True
40856099999,30105074,1,ICAO,OIZH,2005-09-02T00:00:00.000,2022-08-27T00:00:00.000,False
40856099999,30105074,2,WMO,40856,2005-09-02T00:00:00.000,2022-08-27T00:00:00.000,False
40856099999,30105074,3,NCDCSTNID,30105074,2005-09-02T00:00:00.000,2022-08-27T00:00:00.000,False
40856099999,30105074,4,IGRA,IRM00040856,2005-09-02T00:00:00.000,2022-08-27T00:00:00.000,False
40856099999,30141853,1,ICAO,OIZH,1949-01-01T00:00:00.000,Present,True
40856099999,30141853,2,WMO,40856,1949-01-01T00:00:00.000,Present,True
40856099999,30141853,3,NCDCSTNID,30141853,1949-01-01T00:00:00.000,Present,True
40856099999,30141853,4,GHCNH,IRI0000OIZH,1949-01-01T00:00:00.000,Present,True
43599099999,30149673,1,ICAO,VRMG,1973-01-01T00:00:00.000,Present,True
43599099999,30149673,2,WMO,43599,1973-01-01T00:00:00.000,Present,True
43599099999,30149673,3,NCDCSTNID,30149673,1973-01-01T00:00:00.000,Present,True
43599099999,30149673,4,GHCNH,MVI0000VRMG,1973-01-01T00:00:00.000,Present,True
47418099999,30142079,1,ICAO,RJCS,1952-01-01T00:00:00.000,Present,True
47418099999,30142079,2,WMO,47418,1952-01-01T00:00:00.000,Present,True
47418099999,30142079,3,NCDCSTNID,30142079,1952-01-01T00:00:00.000,Present,True
47418099999,30142079,4,GHCNH,JAI0000RJCS,1952-01-01T00:00:00.000,Present,True
61902099999,20028982,1,GHCND,SHW00050101,1942-10-01T00:00:00.000,Present,True
61902099999,20028982,2,GHCNMLT,SHW00050101,1942-10-01T00:00:00.000,Present,True
61902099999,20028982,3,WBAN,50101,1942-10-01T00:00:00.000,Present,True
61902099999,20028982,4,FAA,FHAW,1942-10-01T00:00:00.000,Present,True
61902099999,20028982,5,ICAO,FHAW,1995-01-01T00:00:00.000,Present,True
61902099999,20028982,6,WMO,61902,2007-10-02T00:00:00.000,Present,True
61902099999,20028982,7,NCDCSTNID,20028982,1942-10-01T00:00:00.000,Present,True
61902099999,20028982,8,GHCNH,SHI0000FHAW,1995-01-01T00:00:00.000,Present,True
61902099999,30106024,1,WBAN,50101,1946-01-01T00:00:00.000,2010-09-30T00:00:00.000,False
61902099999,30106024,2,ICAO,FHAW,1946-01-01T00:00:00.000,2010-09-30T00:00:00.000,False
61902099999,30106024,3,WMO,61902,1946-01-01T00:00:00.000,2010-09-30T00:00:00.000,False
61902099999,30106024,4,NCDCSTNID,30106024,1946-01-01T00:00:00.000,2010-09-30T00:00:00.000,False
61902099999,30106024,5,IGRA,SHM00061902,1946-01-01T00:00:00.000,2010-09-30T00:00:00.000,False
61980099999,30105465,1,ICAO,FMEE,1973-01-01T00:00:00.000,2022-07-31T00:00:00.000,False
61980099999,30105465,2,WMO,61980,1973-01-01T00:00:00.000,2022-07-31T00:00:00.000,False
61980099999,30105465,3,NCDCSTNID,30105465,1973-01-01T00:00:00.000,2022-07-31T00:00:00.000,False
61980099999,30105465,4,IGRA,REM00061980,1973-01-01T00:00:00.000,2022-07-31T00:00:00.000,False
61980099999,30147502,1,ICAO,FMEE,1949-01-01T00:00:00.000,Present,True
61980099999,30147502,2,WMO,61980,1949-01-01T00:00:00.000,Present,True
61980099999,30147502,3,NCDCSTNID,30147502,1949-01-01T00:00:00.000,Present,True
61980099999,30147502,4,GHCNH,REI0000FMEE,1949-01-01T00:00:00.000,Present,True
68906099999,30106025,1,ICAO,FAGE,1957-07-01T00:00:00.000,2022-04-09T00:00:00.000,False
68906099999,30106025,2,WMO,68906,1957-07-01T00:00:00.000,2022-04-09T00:00:00.000,False
68906099999,30106025,3,NCDCSTNID,30106025,1957-07-01T00:00:00.000,2022-04-09T00:00:00.000,False
68906099999,30106025,4,IGRA,SHM00068906,1957-07-01T00:00:00.000,2022-04-09T00:00:00.000,False
69015093121,20001799,1,GHCND,USW00093121,Unknown,Present,False
69015093121,20001799,2,GHCNMLT,USW00093121,Unknown,Present,False
69015093121,20001799,3,WBAN,93121,Unknown,Present,False
69015093121,20001799,4,FAA,NXP,Unknown,Present,False
69015093121,20001799,5,ICAO,KNXP,Unknown,Present,False
69015093121,20001799,6,NWSLI,NXP,1993-06-30T00:00:00.000,Present,True
69015093121,20001799,7,NCDCSTNID,20001799,Unknown,Present,False
69015093121,20001799,8,GHCNH,USW00093121,Unknown,Present,False
70063899999,30144187,1,ICAO,PAKF,2009-01-01T00:00:00.000,Present,True
70063899999,30144187,2,NCDCSTNID,30144187,2009-01-01T00:00:00.000,Present,True
70063899999,30144187,3,GHCNH,USI0000PAKF,2009-01-01T00:00:00.000,Present,True
72026912982,30002277,1,WBAN,12982,2002-12-23T00:00:00.000,Present,True
72026912982,30002277,2,FAA,BKS,2002-12-23T00:00:00.000,Present,True
72026912982,30002277,3,ICAO,KBKS,2002-12-23T00:00:00.000,Present,True
72026912982,30002277,4,NCDCSTNID,30002277,2002-12-23T00:00:00.000,Present,True
72026912982,30002277,5,GHCNH,USW00012982,2002-12-23T00:00:00.000,Present,True
89615099999,30133811,1,ICAO,YWKS,2007-01-01T00:00:00.000,Present,True
89615099999,30133811,2,WMO,89615,2007-01-01T00:00:00.000,Present,True
89615099999,30133811,3,NCDCSTNID,30133811,2007-01-01T00:00:00.000,Present,True
89615099999,30133811,4,GHCNH,AYI0000YWKS,2007-01-01T00:00:00.000,Present,True
91066022701,20030391,1,GHCND,MQW00022701,1941-12-01T00:00:00.000,Present,True
91066022701,20030391,2,GHCNMLT,MQW00022701,1941-12-01T00:00:00.000,Present,True
91066022701,20030391,3,WBAN,22701,1941-12-01T00:00:00.000,Present,True
91066022701,20030391,4,FAA,MDY,1941-12-01T00:00:00.000,Present,True
91066022701,20030391,5,ICAO,PMDY,1941-12-01T00:00:00.000,Present,True
91066022701,20030391,6,WMO,91066,1941-12-01T00:00:00.000,Present,True
91066022701,20030391,7,NCDCSTNID,20030391,1941-12-01T00:00:00.000,Present,True
91066022701,20030391,8,GHCNH,MQW00022701,1941-12-01T00:00:00.000,Present,True
91066022701,30105495,1,WBAN,22701,1947-01-01T00:00:00.000,1991-09-30T00:00:00.000,False
91066022701,30105495,2,ICAO,PMDY,1947-01-01T00:00:00.000,1991-09-30T00:00:00.000,False
91066022701,30105495,3,WMO,91066,1947-01-01T00:00:00.000,1991-09-30T00:00:00.000,False
91066022701,30105495,4,NCDCSTNID,30105495,1947-01-01T00:00:00.000,1991-09-30T00:00:00.000,False
91066022701,30105495,5,IGRA,MQM00091066,1947-01-01T00:00:00.000,1991-09-30T00:00:00.000,False
91665099999,30139292,1,ICAO,NFNM,2002-01-01T00:00:00.000,2020-12-31T00:00:00.000,False
91665099999,30139292,2,WMO,91665,2002-01-01T00:00:00.000,2020-12-31T00:00:00.000,False
91665099999,30139292,3,NCDCSTNID,30139292,2002-01-01T00:00:00.000,2020-12-31T00:00:00.000,False
91665099999,30139292,4,GHCNH,FJI0000NFNM,2002-01-01T00:00:00.000,2020-12-31T00:00:00.000,False
93119099999,30105375,1,ICAO,NZAA,1967-05-11T00:00:00.000,1988-12-31T00:00:00.000,False
93119099999,30105375,2,WMO,93119,1967-05-11T00:00:00.000,1988-12-31T00:00:00.000,False
93119099999,30105375,3,NCDCSTNID,30105375,1967-05-11T00:00:00.000,1988-12-31T00:00:00.000,False
93119099999,30105375,4,IGRA,NZM00093119,1967-05-11T00:00:00.000,1988-12-31T00:00:00.000,False
93119099999,30151541,1,ICAO,NZAA,1965-01-01T00:00:00.000,Present,True
93119099999,30151541,2,WMO,93119,1965-01-01T00:00:00.000,Present,True
93119099999,30151541,3,NCDCSTNID,30151541,1965-01-01T00:00:00.000,Present,True
93119099999,30151541,4,GHCNH,NZI0000NZAA,1965-01-01T00:00:00.000,Present,True
