alias_id,entity_id,alias,language_tag,alias_kind,source_id,evidence_state,valid_from,valid_to,transaction_time
01a10630-2856-7a99-baad-58f89711590b,DUECG-EID::01a10630-2855-71b4-a3a0-5ce118f46122,Aruba,en,BASELINE_NAME,SOURCE_COUNTRY,CLAIMED,2026-10-04,,2026-10-04T09:13:01.782934+00:00
01a10630-2858-71ef-a1bc-e9052ef6b5d7,DUECG-EID::01a10630-2858-79a5-9c5a-fb5c142c5e72,Angola,en,BASELINE_NAME,SOURCE_COUNTRY,CLAIMED,2026-10-04,,2026-10-04T09:13:01.784932+00:00
01a10630-2858-7595-84c4-2824daaa7150,DUECG-EID::01a10630-2857-7949-9bde-f5bafc38a19f,Afghanistan,en,BASELINE_NAME,SOURCE_COUNTRY,CLAIMED,2026-10-04,,2026-10-04T09:13:01.784932+00:00
01a10630-2859-736f-97d0-31b35202fa39,DUECG-EID::01a10630-2859-78a0-914a-210bcefdd6bc,Albania,en,BASELINE_NAME,SOURCE_COUNTRY,CLAIMED,2026-10-04,,2026-10-04T09:13:01.785933+00:00
01a10630-2859-76e9-b782-5a8b218654b0,DUECG-EID::01a10630-2858-7452-851a-254f378d84e9,Anguilla,en,BASELINE_NAME,SOURCE_COUNTRY,CLAIMED,2026-10-04,,2026-10-04T09:13:01.785933+00:00
01a10630-2859-79e9-abde-8d60af165e83,DUECG-EID::01a10630-2859-7e37-ac69-f17c97a17872,Åland Islands,en,BASELINE_NAME,SOURCE_COUNTRY,CLAIMED,2026-10-04,,2026-10-04T09:13:01.785933+00:00
01a10630-285a-7357-b525-20221f471821,DUECG-EID::01a10630-2859-7b7d-915e-860e97027118,Andorra,en,BASELINE_NAME,SOURCE_COUNTRY,CLAIMED,2026-10-04,,2026-10-04T09:13:01.786932+00:00
01a10630-285a-7dd8-a657-9d9f174630f6,DUECG-EID::01a10630-285a-7f23-b741-fa92f79701e6,Argentina,en,BASELINE_NAME,SOURCE_COUNTRY,CLAIMED,2026-10-04,,2026-10-04T09:13:01.786932+00:00
01a10630-285a-7fe8-a76e-fb7b46a6fd68,DUECG-EID::01a10630-285a-7ea9-8cff-d7123a9be8a7,United Arab Emirates,en,BASELINE_NAME,SOURCE_COUNTRY,CLAIMED,2026-10-04,,2026-10-04T09:13:01.786932+00:00
01a10630-285b-77f6-b7cd-a592b0fdae46,DUECG-EID::01a10630-285b-7060-aff1-ebbac0035cbd,American Samoa,en,BASELINE_NAME,SOURCE_COUNTRY,CLAIMED,2026-10-04,,2026-10-04T09:13:01.787932+00:00
01a10630-285b-7b33-a855-15b5b406d556,DUECG-EID::01a10630-285a-7d5a-8677-dd02723d3f7d,Armenia,en,BASELINE_NAME,SOURCE_COUNTRY,CLAIMED,2026-10-04,,2026-10-04T09:13:01.787932+00:00
01a10630-285b-7d2e-af8a-7b0e5cbb13bf,DUECG-EID::01a10630-285b-7e77-b3d0-9295d5f7b700,Antarctica,en,BASELINE_NAME,SOURCE_COUNTRY,CLAIMED,2026-10-04,,2026-10-04T09:13:01.787932+00:00
01a10630-285b-7f2b-b4d8-a6d565dffa04,DUECG-EID::01a10630-285b-7033-9aaf-37d0c30a96e9,French Southern Territories,en,BASELINE_NAME,SOURCE_COUNTRY,CLAIMED,2026-10-04,,2026-10-04T09:13:01.787932+00:00
01a10630-285c-72bc-8718-a454be51b06e,DUECG-EID::01a10630-285c-737a-ad0c-62fad81f83d2,Australia,en,BASELINE_NAME,SOURCE_COUNTRY,CLAIMED,2026-10-04,,2026-10-04T09:13:01.788933+00:00
01a10630-285c-73e3-a14f-e033923b3cea,DUECG-EID::01a10630-285c-748a-b7e5-28ef95cf799d,Austria,en,BASELINE_NAME,SOURCE_COUNTRY,CLAIMED,2026-10-04,,2026-10-04T09:13:01.788933+00:00
01a10630-285c-7d2f-9b32-03a0e31e0b3c,DUECG-EID::01a10630-285c-770e-b744-7991ad0b0d92,Antigua and Barbuda,en,BASELINE_NAME,SOURCE_COUNTRY,CLAIMED,2026-10-04,,2026-10-04T09:13:01.788933+00:00
01a10630-285c-7fa7-8e02-15ec36d5671d,DUECG-EID::01a10630-285c-718b-9c26-a33f93cee8f0,Azerbaijan,en,BASELINE_NAME,SOURCE_COUNTRY,CLAIMED,2026-10-04,,2026-10-04T09:13:01.788933+00:00
01a10630-285d-7314-a37d-762be7cc651d,DUECG-EID::01a10630-285d-7412-8655-25758feb9c3e,"Bonaire, Sint Eustatius and Saba",en,BASELINE_NAME,SOURCE_COUNTRY,CLAIMED,2026-10-04,,2026-10-04T09:13:01.789933+00:00
01a10630-285d-76e4-bf99-ec3f5ecbfe74,DUECG-EID::01a10630-285d-7a09-995e-b441d1ded7c0,Burundi,en,BASELINE_NAME,SOURCE_COUNTRY,CLAIMED,2026-10-04,,2026-10-04T09:13:01.789933+00:00
01a10630-285d-77fb-84cf-21f43c4d0fcb,DUECG-EID::01a10630-285d-79d7-8354-6e52a6c11a55,Belgium,en,BASELINE_NAME,SOURCE_COUNTRY,CLAIMED,2026-10-04,,2026-10-04T09:13:01.789933+00:00
01a10630-285d-7fd5-bc0a-fab21ff58634,DUECG-EID::01a10630-285d-7248-8225-b21df0b22c4e,Benin,en,BASELINE_NAME,SOURCE_COUNTRY,CLAIMED,2026-10-04,,2026-10-04T09:13:01.789933+00:00
01a10630-285e-7233-aa83-45772d26c84d,DUECG-EID::01a10630-285e-7ed9-93b3-479b5019a01c,Burkina Faso,en,BASELINE_NAME,SOURCE_COUNTRY,CLAIMED,2026-10-04,,2026-10-04T09:13:01.790931+00:00
01a10630-285e-72b7-9ed3-727d9c48b9e2,DUECG-EID::01a10630-285e-72f2-b12f-b47b54cce7c1,Bulgaria,en,BASELINE_NAME,SOURCE_COUNTRY,CLAIMED,2026-10-04,,2026-10-04T09:13:01.790931+00:00
01a10630-285e-7612-a632-8c0b34d35c4e,DUECG-EID::01a10630-285e-7a07-b730-3acb033c7314,Bahrain,en,BASELINE_NAME,SOURCE_COUNTRY,CLAIMED,2026-10-04,,2026-10-04T09:13:01.790931+00:00
01a10630-285e-7f10-ae68-612161676873,DUECG-EID::01a10630-285e-7a2b-a054-51dd786956e0,Bangladesh,en,BASELINE_NAME,SOURCE_COUNTRY,CLAIMED,2026-10-04,,2026-10-04T09:13:01.790931+00:00
01a10630-285f-7288-ac1b-869e7068e0db,DUECG-EID::01a10630-285f-7b75-bec3-424446750b45,Saint Barthélemy,en,BASELINE_NAME,SOURCE_COUNTRY,CLAIMED,2026-10-04,,2026-10-04T09:13:01.791937+00:00
01a10630-285f-730b-9b71-c1804c5fb489,DUECG-EID::01a10630-285e-75e9-9e94-7a988101a6a7,Bahamas,en,BASELINE_NAME,SOURCE_COUNTRY,CLAIMED,2026-10-04,,2026-10-04T09:13:01.791937+00:00
01a10630-285f-7e35-bf46-75709d24ba5b,DUECG-EID::01a10630-285f-773f-b138-6e5afb68739a,Bosnia and Herzegovina,en,BASELINE_NAME,SOURCE_COUNTRY,CLAIMED,2026-10-04,,2026-10-04T09:13:01.791937+00:00
01a10630-2860-739b-a1d6-a21d6731b565,DUECG-EID::01a10630-2860-790f-8a9f-b0aadb181060,Belize,en,BASELINE_NAME,SOURCE_COUNTRY,CLAIMED,2026-10-04,,2026-10-04T09:13:01.792931+00:00
01a10630-2860-784f-bd17-d617d0718871,DUECG-EID::01a10630-2860-78f8-be3a-1d40319e42a5,Bermuda,en,BASELINE_NAME,SOURCE_COUNTRY,CLAIMED,2026-10-04,,2026-10-04T09:13:01.792931+00:00
01a10630-2860-7f42-a5fb-9408c9951909,DUECG-EID::01a10630-285f-7c8b-bf29-eb9debc77496,Belarus,en,BASELINE_NAME,SOURCE_COUNTRY,CLAIMED,2026-10-04,,2026-10-04T09:13:01.792931+00:00
01a10630-2861-717d-998f-125367e319ff,DUECG-EID::01a10630-2860-7364-9de7-7bbb39fee0f1,"Bolivia, Plurinational State of",en,BASELINE_NAME,SOURCE_COUNTRY,CLAIMED,2026-10-04,,2026-10-04T09:13:01.793931+00:00
01a10630-2861-7faa-8b2d-95fd3f6cdfd1,DUECG-EID::01a10630-2861-77d6-8db8-ea2686528474,Brazil,en,BASELINE_NAME,SOURCE_COUNTRY,CLAIMED,2026-10-04,,2026-10-04T09:13:01.793931+00:00
01a10630-2862-732c-8c6b-48557d9ada38,DUECG-EID::01a10630-2862-768a-a262-99d1114cdd7c,Bhutan,en,BASELINE_NAME,SOURCE_COUNTRY,CLAIMED,2026-10-04,,2026-10-04T09:13:01.794933+00:00
01a10630-2862-7450-88b9-7c87a9952ed2,DUECG-EID::01a10630-2861-7785-ac6d-f71bd8f103d7,Barbados,en,BASELINE_NAME,SOURCE_COUNTRY,CLAIMED,2026-10-04,,2026-10-04T09:13:01.794933+00:00
01a10630-2862-7cd7-97aa-ef41c5fe6b81,DUECG-EID::01a10630-2862-789e-938d-48f7be785b4b,Brunei Darussalam,en,BASELINE_NAME,SOURCE_COUNTRY,CLAIMED,2026-10-04,,2026-10-04T09:13:01.794933+00:00
01a10630-2863-712e-ad8f-2a1eb330582e,DUECG-EID::01a10630-2863-7be1-867c-ccc10d13b44a,Bouvet Island,en,BASELINE_NAME,SOURCE_COUNTRY,CLAIMED,2026-10-04,,2026-10-04T09:13:01.795932+00:00
01a10630-2863-7204-b7a8-d491ca8af291,DUECG-EID::01a10630-2863-7453-8513-9919c9757916,Central African Republic,en,BASELINE_NAME,SOURCE_COUNTRY,CLAIMED,2026-10-04,,2026-10-04T09:13:01.795932+00:00
01a10630-2863-72a8-bcb3-472cde479710,DUECG-EID::01a10630-2863-7c91-acdd-51fb664a7e9e,Botswana,en,BASELINE_NAME,SOURCE_COUNTRY,CLAIMED,2026-10-04,,2026-10-04T09:13:01.795932+00:00
01a10630-2864-7499-966b-9c097bde533f,DUECG-EID::01a10630-2864-789a-9b47-25b17e3bce31,Chile,en,BASELINE_NAME,SOURCE_COUNTRY,CLAIMED,2026-10-04,,2026-10-04T09:13:01.796941+00:00
01a10630-2864-7658-a1ff-5b1cdcfe9906,DUECG-EID::01a10630-2863-7314-a19d-542645590208,Canada,en,BASELINE_NAME,SOURCE_COUNTRY,CLAIMED,2026-10-04,,2026-10-04T09:13:01.796941+00:00
01a10630-2864-77b0-a209-e8e0b7df12ee,DUECG-EID::01a10630-2864-78dd-9a16-48b31d248d7d,Cocos (Keeling) Islands,en,BASELINE_NAME,SOURCE_COUNTRY,CLAIMED,2026-10-04,,2026-10-04T09:13:01.796941+00:00
01a10630-2864-7929-9a8a-1b396047d2ca,DUECG-EID::01a10630-2864-74a8-90c3-0b561ea87919,Switzerland,en,BASELINE_NAME,SOURCE_COUNTRY,CLAIMED,2026-10-04,,2026-10-04T09:13:01.796941+00:00
01a10630-2865-7034-9605-2d0d76e353cf,DUECG-EID::01a10630-2865-7c3d-b469-c12cbc3d9ad3,Côte d'Ivoire,en,BASELINE_NAME,SOURCE_COUNTRY,CLAIMED,2026-10-04,,2026-10-04T09:13:01.797931+00:00
01a10630-2865-7e9e-880c-c53796269d47,DUECG-EID::01a10630-2865-7b7c-8255-e7d5770f4064,China,en,BASELINE_NAME,SOURCE_COUNTRY,CLAIMED,2026-10-04,,2026-10-04T09:13:01.797931+00:00
01a10630-2866-71c0-b5fe-324a15f0625b,DUECG-EID::01a10630-2866-7698-bdba-8f81c0db8951,"Congo, The Democratic Republic of the",en,BASELINE_NAME,SOURCE_COUNTRY,CLAIMED,2026-10-04,,2026-10-04T09:13:01.798937+00:00
01a10630-2866-71ca-94d7-767d516b8844,DUECG-EID::01a10630-2866-7c4f-b1de-a9fb9a140fe4,Congo,en,BASELINE_NAME,SOURCE_COUNTRY,CLAIMED,2026-10-04,,2026-10-04T09:13:01.798937+00:00
01a10630-2866-78a4-8f55-124d01f9c0b2,DUECG-EID::01a10630-2865-7aa2-afb1-a1a246e26e1a,Cameroon,en,BASELINE_NAME,SOURCE_COUNTRY,CLAIMED,2026-10-04,,2026-10-04T09:13:01.798937+00:00
01a10630-2866-7c64-9c49-3a150cbb80ab,DUECG-EID::01a10630-2866-7e47-87cc-9e9c097f5d0a,Cook Islands,en,BASELINE_NAME,SOURCE_COUNTRY,CLAIMED,2026-10-04,,2026-10-04T09:13:01.798937+00:00
01a10630-2867-793c-933a-c3ba132b5d60,DUECG-EID::01a10630-2867-76cf-b878-32895795427a,Comoros,en,BASELINE_NAME,SOURCE_COUNTRY,CLAIMED,2026-10-04,,2026-10-04T09:13:01.799934+00:00
01a10630-2867-7943-924f-fbdc62778ff4,DUECG-EID::01a10630-2867-7a43-bbd7-f17d0f819f5b,Colombia,en,BASELINE_NAME,SOURCE_COUNTRY,CLAIMED,2026-10-04,,2026-10-04T09:13:01.799934+00:00
01a10630-2867-7b54-b1eb-1d3db5838041,DUECG-EID::01a10630-2867-7057-b919-69394a0290b9,Cabo Verde,en,BASELINE_NAME,SOURCE_COUNTRY,CLAIMED,2026-10-04,,2026-10-04T09:13:01.799934+00:00
01a10630-2868-7057-ab29-8efa0b9d08b0,DUECG-EID::01a10630-2868-7cce-9b37-c07544d01adb,Curaçao,en,BASELINE_NAME,SOURCE_COUNTRY,CLAIMED,2026-10-04,,2026-10-04T09:13:01.800931+00:00
01a10630-2868-70df-84c7-8da4c5e5d6c8,DUECG-EID::01a10630-2868-7e86-975f-d2f948fed42b,Cuba,en,BASELINE_NAME,SOURCE_COUNTRY,CLAIMED,2026-10-04,,2026-10-04T09:13:01.800931+00:00
01a10630-2868-72fb-99c9-005df83d38fe,DUECG-EID::01a10630-2868-7022-9b4e-ea5feb65a4d0,Christmas Island,en,BASELINE_NAME,SOURCE_COUNTRY,CLAIMED,2026-10-04,,2026-10-04T09:13:01.800931+00:00
01a10630-2868-76e7-b6a4-770095bd4f80,DUECG-EID::01a10630-2867-7e65-8917-fbe2ed86e240,Costa Rica,en,BASELINE_NAME,SOURCE_COUNTRY,CLAIMED,2026-10-04,,2026-10-04T09:13:01.800931+00:00
01a10630-2869-763d-970c-36c74a58822d,DUECG-EID::01a10630-2869-70d0-893d-e496c6b47338,Germany,en,BASELINE_NAME,SOURCE_COUNTRY,CLAIMED,2026-10-04,,2026-10-04T09:13:01.801948+00:00
01a10630-2869-7977-9e4b-695606ca58c5,DUECG-EID::01a10630-2868-7256-aa3a-7734719b42b9,Cayman Islands,en,BASELINE_NAME,SOURCE_COUNTRY,CLAIMED,2026-10-04,,2026-10-04T09:13:01.801948+00:00
01a10630-2869-79e8-9e68-43d813ea6b09,DUECG-EID::01a10630-2869-7315-aedb-498534628b1a,Czechia,en,BASELINE_NAME,SOURCE_COUNTRY,CLAIMED,2026-10-04,,2026-10-04T09:13:01.801948+00:00
01a10630-2869-7c70-b9c8-7796a98c77c1,DUECG-EID::01a10630-2869-7435-8d15-6495ce1b2758,Cyprus,en,BASELINE_NAME,SOURCE_COUNTRY,CLAIMED,2026-10-04,,2026-10-04T09:13:01.801948+00:00
01a10630-2869-7e17-8ebe-3d66842b4e9a,DUECG-EID::01a10630-2869-7d28-b353-c95b0c25fcf3,Djibouti,en,BASELINE_NAME,SOURCE_COUNTRY,CLAIMED,2026-10-04,,2026-10-04T09:13:01.801948+00:00
01a10630-286a-74f1-8e3e-c2632fa13fde,DUECG-EID::01a10630-286a-77f1-a8f9-6a2671a770b4,Dominica,en,BASELINE_NAME,SOURCE_COUNTRY,CLAIMED,2026-10-04,,2026-10-04T09:13:01.802931+00:00
01a10630-286a-798a-9d6d-3f242c74bf9f,DUECG-EID::01a10630-286a-77ad-a6c4-81378e4b44ac,Denmark,en,BASELINE_NAME,SOURCE_COUNTRY,CLAIMED,2026-10-04,,2026-10-04T09:13:01.802931+00:00
01a10630-286b-73a1-b26e-e0cc73bd220e,DUECG-EID::01a10630-286b-7e95-8328-fe250b982db5,Ecuador,en,BASELINE_NAME,SOURCE_COUNTRY,CLAIMED,2026-10-04,,2026-10-04T09:13:01.803932+00:00
01a10630-286b-7dbe-b52f-df9088977e2f,DUECG-EID::01a10630-286a-7b9b-878a-99dc02923642,Dominican Republic,en,BASELINE_NAME,SOURCE_COUNTRY,CLAIMED,2026-10-04,,2026-10-04T09:13:01.803932+00:00
01a10630-286b-7faf-b3ce-84ffa78638f1,DUECG-EID::01a10630-286b-7620-8e61-b13c0e01028c,Algeria,en,BASELINE_NAME,SOURCE_COUNTRY,CLAIMED,2026-10-04,,2026-10-04T09:13:01.803932+00:00
01a10630-286c-74ad-b5f9-d49f4c125c6f,DUECG-EID::01a10630-286c-7d86-8906-f8a19162fa04,Egypt,en,BASELINE_NAME,SOURCE_COUNTRY,CLAIMED,2026-10-04,,2026-10-04T09:13:01.804934+00:00
01a10630-286c-79f8-99dd-685e528af8d3,DUECG-EID::01a10630-286c-7a74-b0b4-097be18bc0cc,Eritrea,en,BASELINE_NAME,SOURCE_COUNTRY,CLAIMED,2026-10-04,,2026-10-04T09:13:01.804934+00:00
01a10630-286d-73e2-a5e0-46107f8dfd02,DUECG-EID::01a10630-286d-77a3-a6a5-2c9da8f3d0b7,Ethiopia,en,BASELINE_NAME,SOURCE_COUNTRY,CLAIMED,2026-10-04,,2026-10-04T09:13:01.805932+00:00
01a10630-286d-79ed-b1de-2859621a6359,DUECG-EID::01a10630-286d-756b-bbec-ff85019ba764,Estonia,en,BASELINE_NAME,SOURCE_COUNTRY,CLAIMED,2026-10-04,,2026-10-04T09:13:01.805932+00:00
01a10630-286d-7df4-b807-a35e583c8b0a,DUECG-EID::01a10630-286d-7053-a6a8-5c62747f40f8,Spain,en,BASELINE_NAME,SOURCE_COUNTRY,CLAIMED,2026-10-04,,2026-10-04T09:13:01.805932+00:00
01a10630-286d-7fde-a32d-d41ff8178aba,DUECG-EID::01a10630-286c-7279-bcd8-fe1e272bdc77,Western Sahara,en,BASELINE_NAME,SOURCE_COUNTRY,CLAIMED,2026-10-04,,2026-10-04T09:13:01.805932+00:00
01a10630-286e-70ab-bbd2-121902e284f8,DUECG-EID::01a10630-286d-76b1-a94a-177f5322a198,Finland,en,BASELINE_NAME,SOURCE_COUNTRY,CLAIMED,2026-10-04,,2026-10-04T09:13:01.806936+00:00
01a10630-286e-711b-b0a9-ad883eb902e4,DUECG-EID::01a10630-286e-7d61-b599-7e0b0b9624fa,France,en,BASELINE_NAME,SOURCE_COUNTRY,CLAIMED,2026-10-04,,2026-10-04T09:13:01.806936+00:00
01a10630-286e-7dbd-8228-890e9b2922a4,DUECG-EID::01a10630-286e-7ca0-bcdb-88595a37733c,Fiji,en,BASELINE_NAME,SOURCE_COUNTRY,CLAIMED,2026-10-04,,2026-10-04T09:13:01.806936+00:00
01a10630-286e-7f07-aa5e-a1d4f4ada10e,DUECG-EID::01a10630-286e-7390-a897-c14499e3b0ac,Falkland Islands (Malvinas),en,BASELINE_NAME,SOURCE_COUNTRY,CLAIMED,2026-10-04,,2026-10-04T09:13:01.806936+00:00
01a10630-286f-734f-bd2b-3ffb7980740e,DUECG-EID::01a10630-286f-74f9-9c07-e303a68cf1d1,Georgia,en,BASELINE_NAME,SOURCE_COUNTRY,CLAIMED,2026-10-04,,2026-10-04T09:13:01.807933+00:00
01a10630-286f-799f-9863-ef04290461ee,DUECG-EID::01a10630-286f-730e-8eda-8ac5bf67ae76,"Micronesia, Federated States of",en,BASELINE_NAME,SOURCE_COUNTRY,CLAIMED,2026-10-04,,2026-10-04T09:13:01.807933+00:00
01a10630-286f-7cdd-bf52-b407e70a7f23,DUECG-EID::01a10630-286f-78a1-a6a7-12b672de7b14,Gabon,en,BASELINE_NAME,SOURCE_COUNTRY,CLAIMED,2026-10-04,,2026-10-04T09:13:01.807933+00:00
01a10630-286f-7dc5-98b2-1e3e72dd3845,DUECG-EID::01a10630-286f-7293-af82-45e444ded92a,United Kingdom,en,BASELINE_NAME,SOURCE_COUNTRY,CLAIMED,2026-10-04,,2026-10-04T09:13:01.807933+00:00
01a10630-286f-7e99-8115-9eeca4204161,DUECG-EID::01a10630-286e-7f60-b855-c5de2ccf4d4d,Faroe Islands,en,BASELINE_NAME,SOURCE_COUNTRY,CLAIMED,2026-10-04,,2026-10-04T09:13:01.807933+00:00
01a10630-2870-79c1-a61f-848f0ece4947,DUECG-EID::01a10630-2870-7f40-be7e-d584d787558e,Guinea,en,BASELINE_NAME,SOURCE_COUNTRY,CLAIMED,2026-10-04,,2026-10-04T09:13:01.808935+00:00
01a10630-2870-7d0a-b5ba-f27c5e8cd924,DUECG-EID::01a10630-2870-79ad-98dc-98bbd12e423f,Guernsey,en,BASELINE_NAME,SOURCE_COUNTRY,CLAIMED,2026-10-04,,2026-10-04T09:13:01.808935+00:00
01a10630-2870-7dd2-96c2-831e3a14055b,DUECG-EID::01a10630-2870-7631-906a-9d598a432de9,Gibraltar,en,BASELINE_NAME,SOURCE_COUNTRY,CLAIMED,2026-10-04,,2026-10-04T09:13:01.808935+00:00
01a10630-2870-7f98-b0f3-5b5ca7899232,DUECG-EID::01a10630-2870-7844-9f00-77654ab43b1f,Ghana,en,BASELINE_NAME,SOURCE_COUNTRY,CLAIMED,2026-10-04,,2026-10-04T09:13:01.808935+00:00
01a10630-2871-7438-8c4e-a8c9493cf56a,DUECG-EID::01a10630-2871-7549-ba56-0af84b23590d,Equatorial Guinea,en,BASELINE_NAME,SOURCE_COUNTRY,CLAIMED,2026-10-04,,2026-10-04T09:13:01.809934+00:00
01a10630-2871-7671-8af2-42b57f825c26,DUECG-EID::01a10630-2871-79a6-94f7-1d431baab68a,Gambia,en,BASELINE_NAME,SOURCE_COUNTRY,CLAIMED,2026-10-04,,2026-10-04T09:13:01.809934+00:00
01a10630-2871-7bd2-ad77-ef652f0ff8d6,DUECG-EID::01a10630-2871-7b96-950c-4ba2fc72d8af,Guinea-Bissau,en,BASELINE_NAME,SOURCE_COUNTRY,CLAIMED,2026-10-04,,2026-10-04T09:13:01.809934+00:00
01a10630-2871-7f7b-800e-4e3a5fc3e88a,DUECG-EID::01a10630-2871-763e-bbee-4000521291c5,Guadeloupe,en,BASELINE_NAME,SOURCE_COUNTRY,CLAIMED,2026-10-04,,2026-10-04T09:13:01.809934+00:00
01a10630-2872-716b-9adf-0bf10d21c721,DUECG-EID::01a10630-2872-7606-b26b-17e86f1217bc,Greece,en,BASELINE_NAME,SOURCE_COUNTRY,CLAIMED,2026-10-04,,2026-10-04T09:13:01.810936+00:00
01a10630-2872-79dc-9470-13c8fd4bbca2,DUECG-EID::01a10630-2872-7a40-86af-9bc77ba7c8be,Grenada,en,BASELINE_NAME,SOURCE_COUNTRY,CLAIMED,2026-10-04,,2026-10-04T09:13:01.810936+00:00
01a10630-2872-7a32-b323-2b7fbdc713b4,DUECG-EID::01a10630-2872-7cd4-9dee-378afafd99dd,Greenland,en,BASELINE_NAME,SOURCE_COUNTRY,CLAIMED,2026-10-04,,2026-10-04T09:13:01.810936+00:00
01a10630-2873-7025-80f2-194114f021a5,DUECG-EID::01a10630-2873-7a58-8bf8-3dfc087eea78,Guyana,en,BASELINE_NAME,SOURCE_COUNTRY,CLAIMED,2026-10-04,,2026-10-04T09:13:01.811934+00:00
01a10630-2873-7c1b-9b65-5d6944664723,DUECG-EID::01a10630-2873-7617-bce6-f4ea403fd650,Guam,en,BASELINE_NAME,SOURCE_COUNTRY,CLAIMED,2026-10-04,,2026-10-04T09:13:01.811934+00:00
01a10630-2873-7d88-ba77-bd393dd68fbb,DUECG-EID::01a10630-2873-75dc-ba6e-406ffd80c2e1,Guatemala,en,BASELINE_NAME,SOURCE_COUNTRY,CLAIMED,2026-10-04,,2026-10-04T09:13:01.811934+00:00
01a10630-2873-7fb1-8454-02d3ff2f1f57,DUECG-EID::01a10630-2873-77d4-b45b-8a5de85853df,French Guiana,en,BASELINE_NAME,SOURCE_COUNTRY,CLAIMED,2026-10-04,,2026-10-04T09:13:01.811934+00:00
01a10630-2874-7400-a21c-8425a10948e7,DUECG-EID::01a10630-2874-7de3-bf8c-d7747c7a90ac,Croatia,en,BASELINE_NAME,SOURCE_COUNTRY,CLAIMED,2026-10-04,,2026-10-04T09:13:01.812932+00:00
01a10630-2874-74dc-896d-ed8c03192093,DUECG-EID::01a10630-2874-7609-9106-181170dc58fe,Heard Island and McDonald Islands,en,BASELINE_NAME,SOURCE_COUNTRY,CLAIMED,2026-10-04,,2026-10-04T09:13:01.812932+00:00
01a10630-2874-7aa0-8c7f-88fcc6a29682,DUECG-EID::01a10630-2874-739b-b372-b24bc09bf652,Hong Kong,en,BASELINE_NAME,SOURCE_COUNTRY,CLAIMED,2026-10-04,,2026-10-04T09:13:01.812932+00:00
01a10630-2874-7f5c-8522-1950d09142a8,DUECG-EID::01a10630-2874-7964-8922-3ee17d19e1e7,Honduras,en,BASELINE_NAME,SOURCE_COUNTRY,CLAIMED,2026-10-04,,2026-10-04T09:13:01.812932+00:00
01a10630-2875-750b-844c-5648b648b5c9,DUECG-EID::01a10630-2874-7ace-814f-2c58bc4e3fe3,Haiti,en,BASELINE_NAME,SOURCE_COUNTRY,CLAIMED,2026-10-04,,2026-10-04T09:13:01.813934+00:00
01a10630-2875-7a75-93bf-57fdfe8c71b3,DUECG-EID::01a10630-2875-7d08-8d4e-fe2bc08c4720,Hungary,en,BASELINE_NAME,SOURCE_COUNTRY,CLAIMED,2026-10-04,,2026-10-04T09:13:01.813934+00:00
01a10630-2876-7604-a7dd-fa8148a02382,DUECG-EID::01a10630-2875-7e3b-84d8-3a26d4cbd0d6,Indonesia,en,BASELINE_NAME,SOURCE_COUNTRY,CLAIMED,2026-10-04,,2026-10-04T09:13:01.814935+00:00
01a10630-2876-7eb7-b17b-c70951f02fa3,DUECG-EID::01a10630-2876-7e19-bec1-0761e9d69c2a,Isle of Man,en,BASELINE_NAME,SOURCE_COUNTRY,CLAIMED,2026-10-04,,2026-10-04T09:13:01.814935+00:00
01a10630-2877-750e-8907-4e3de7540245,DUECG-EID::01a10630-2876-7be3-af8f-3ee624e8fdfc,India,en,BASELINE_NAME,SOURCE_COUNTRY,CLAIMED,2026-10-04,,2026-10-04T09:13:01.815933+00:00
01a10630-2877-7603-b263-2759ed3e12c4,DUECG-EID::01a10630-2877-755a-93b8-903a4c6f4174,British Indian Ocean Territory,en,BASELINE_NAME,SOURCE_COUNTRY,CLAIMED,2026-10-04,,2026-10-04T09:13:01.815933+00:00
01a10630-2877-7aea-b9cd-19a4af5083e9,DUECG-EID::01a10630-2877-7b76-975f-62212fb4d630,Ireland,en,BASELINE_NAME,SOURCE_COUNTRY,CLAIMED,2026-10-04,,2026-10-04T09:13:01.815933+00:00
01a10630-2878-708d-a443-cb55ecab5861,DUECG-EID::01a10630-2878-7f1e-acb0-07b92b76fc9c,"Iran, Islamic Republic of",en,BASELINE_NAME,SOURCE_COUNTRY,CLAIMED,2026-10-04,,2026-10-04T09:13:01.816933+00:00
01a10630-2878-7cbb-ae1f-d97f71014de9,DUECG-EID::01a10630-2878-7691-8923-8747c709fa33,Iraq,en,BASELINE_NAME,SOURCE_COUNTRY,CLAIMED,2026-10-04,,2026-10-04T09:13:01.816933+00:00
01a10630-2879-70f7-b617-5e08a11f3f96,DUECG-EID::01a10630-2879-7321-984e-10838748fc1d,Italy,en,BASELINE_NAME,SOURCE_COUNTRY,CLAIMED,2026-10-04,,2026-10-04T09:13:01.817932+00:00
01a10630-2879-734f-90ef-7e3ad4783866,DUECG-EID::01a10630-2879-7332-8ff3-7d04185b699d,Israel,en,BASELINE_NAME,SOURCE_COUNTRY,CLAIMED,2026-10-04,,2026-10-04T09:13:01.817932+00:00
01a10630-2879-776c-8c82-f6a76846dee4,DUECG-EID::01a10630-2878-7c27-b93a-3064d3f2c8c2,Iceland,en,BASELINE_NAME,SOURCE_COUNTRY,CLAIMED,2026-10-04,,2026-10-04T09:13:01.817932+00:00
01a10630-2879-7e50-b9f5-65e7c3c6a6ee,DUECG-EID::01a10630-2879-7331-844b-a3b1759648db,Jamaica,en,BASELINE_NAME,SOURCE_COUNTRY,CLAIMED,2026-10-04,,2026-10-04T09:13:01.817932+00:00
01a10630-287a-74bd-82d1-ca3cff7d5538,DUECG-EID::01a10630-287a-7813-92a1-8a8e36baa578,Jordan,en,BASELINE_NAME,SOURCE_COUNTRY,CLAIMED,2026-10-04,,2026-10-04T09:13:01.818936+00:00
01a10630-287a-77cf-8029-0e5929b0aaea,DUECG-EID::01a10630-287a-76f4-91e2-cf155e40f451,Japan,en,BASELINE_NAME,SOURCE_COUNTRY,CLAIMED,2026-10-04,,2026-10-04T09:13:01.818936+00:00
01a10630-287a-791d-bb57-a203192eea23,DUECG-EID::01a10630-287a-7154-a2a6-58f287cfe31a,Jersey,en,BASELINE_NAME,SOURCE_COUNTRY,CLAIMED,2026-10-04,,2026-10-04T09:13:01.818936+00:00
01a10630-287b-7185-ab21-c4dd5018525d,DUECG-EID::01a10630-287b-7a4b-9c03-f4d9bcc84614,Kenya,en,BASELINE_NAME,SOURCE_COUNTRY,CLAIMED,2026-10-04,,2026-10-04T09:13:01.819937+00:00
01a10630-287b-728f-928e-5db9771fdc33,DUECG-EID::01a10630-287a-7e6a-a42e-43f83e62267e,Kazakhstan,en,BASELINE_NAME,SOURCE_COUNTRY,CLAIMED,2026-10-04,,2026-10-04T09:13:01.819937+00:00
01a10630-287c-7cc2-bb64-eefde9bc52e2,DUECG-EID::01a10630-287c-75af-9c3a-fd5eaa46cd1c,Kyrgyzstan,en,BASELINE_NAME,SOURCE_COUNTRY,CLAIMED,2026-10-04,,2026-10-04T09:13:01.820938+00:00
01a10630-287c-7d73-ae69-e100a81fef32,DUECG-EID::01a10630-287c-7498-8c24-7c26f8315d00,Cambodia,en,BASELINE_NAME,SOURCE_COUNTRY,CLAIMED,2026-10-04,,2026-10-04T09:13:01.820938+00:00
01a10630-287d-71d1-bd23-b042624a7224,DUECG-EID::01a10630-287d-7921-8bbc-386dbf99d521,Saint Kitts and Nevis,en,BASELINE_NAME,SOURCE_COUNTRY,CLAIMED,2026-10-04,,2026-10-04T09:13:01.821938+00:00
01a10630-287d-7999-89a2-d4d18f48027e,DUECG-EID::01a10630-287d-730f-b6bc-b9b74f8a90c7,Kiribati,en,BASELINE_NAME,SOURCE_COUNTRY,CLAIMED,2026-10-04,,2026-10-04T09:13:01.821938+00:00
01a10630-287e-7138-888c-b09e2ea36222,DUECG-EID::01a10630-287e-737a-82b7-91fe9fa54276,Kuwait,en,BASELINE_NAME,SOURCE_COUNTRY,CLAIMED,2026-10-04,,2026-10-04T09:13:01.822938+00:00
01a10630-287e-7392-9034-dcb960c9b76e,DUECG-EID::01a10630-287e-711b-84e7-15244734f56a,Lao People's Democratic Republic,en,BASELINE_NAME,SOURCE_COUNTRY,CLAIMED,2026-10-04,,2026-10-04T09:13:01.822938+00:00
01a10630-287e-7a3d-b7e4-9790a9330326,DUECG-EID::01a10630-287d-75fe-9e4f-39d667376eb0,"Korea, Republic of",en,BASELINE_NAME,SOURCE_COUNTRY,CLAIMED,2026-10-04,,2026-10-04T09:13:01.822938+00:00
01a10630-287e-7b5f-81bf-121a41f69587,DUECG-EID::01a10630-287e-7c91-b576-462962739319,Lebanon,en,BASELINE_NAME,SOURCE_COUNTRY,CLAIMED,2026-10-04,,2026-10-04T09:13:01.822938+00:00
01a10630-287f-71b6-b641-9cb9f4ed4526,DUECG-EID::01a10630-287f-7f24-867f-5f4cb894000f,Libya,en,BASELINE_NAME,SOURCE_COUNTRY,CLAIMED,2026-10-04,,2026-10-04T09:13:01.823937+00:00
01a10630-287f-7ce4-8e7f-6d79c26ab74a,DUECG-EID::01a10630-287f-7cef-a0f5-ae735a016ee1,Saint Lucia,en,BASELINE_NAME,SOURCE_COUNTRY,CLAIMED,2026-10-04,,2026-10-04T09:13:01.823937+00:00
01a10630-287f-7fd6-8e27-0929f213b7c1,DUECG-EID::01a10630-287f-7f78-a7f5-1613f87d04dc,Liberia,en,BASELINE_NAME,SOURCE_COUNTRY,CLAIMED,2026-10-04,,2026-10-04T09:13:01.823937+00:00
01a10630-2880-739b-a1b4-a33d16ca4297,DUECG-EID::01a10630-2880-7954-be14-78578f24d1f7,Lithuania,en,BASELINE_NAME,SOURCE_COUNTRY,CLAIMED,2026-10-04,,2026-10-04T09:13:01.824936+00:00
01a10630-2880-74d2-b142-0e059b7adb01,DUECG-EID::01a10630-287f-7ba7-80f4-5cc63eca499f,Liechtenstein,en,BASELINE_NAME,SOURCE_COUNTRY,CLAIMED,2026-10-04,,2026-10-04T09:13:01.824936+00:00
01a10630-2880-78fa-a739-bc78ddfc759e,DUECG-EID::01a10630-2880-7b70-8ddb-84a7fee2510b,Lesotho,en,BASELINE_NAME,SOURCE_COUNTRY,CLAIMED,2026-10-04,,2026-10-04T09:13:01.824936+00:00
01a10630-2880-7cc6-b301-7536e27034a6,DUECG-EID::01a10630-2880-7504-9750-a1224199c4b7,Sri Lanka,en,BASELINE_NAME,SOURCE_COUNTRY,CLAIMED,2026-10-04,,2026-10-04T09:13:01.824936+00:00
01a10630-2881-71d7-98a0-fc9c877fc8f5,DUECG-EID::01a10630-2881-7ada-a8a3-7f9e7bcbae26,Luxembourg,en,BASELINE_NAME,SOURCE_COUNTRY,CLAIMED,2026-10-04,,2026-10-04T09:13:01.825937+00:00
01a10630-2881-7a7a-91c4-ad4987bc7670,DUECG-EID::01a10630-2881-7d34-87f2-2021e252c7d3,Latvia,en,BASELINE_NAME,SOURCE_COUNTRY,CLAIMED,2026-10-04,,2026-10-04T09:13:01.825937+00:00
01a10630-2881-7e7f-87f8-1c48ee3cc349,DUECG-EID::01a10630-2881-7a07-b9ce-b97a1ba709da,Macao,en,BASELINE_NAME,SOURCE_COUNTRY,CLAIMED,2026-10-04,,2026-10-04T09:13:01.825937+00:00
01a10630-2882-713b-ac0d-49aedb9008f2,DUECG-EID::01a10630-2882-78be-956e-635575d07d50,Madagascar,en,BASELINE_NAME,SOURCE_COUNTRY,CLAIMED,2026-10-04,,2026-10-04T09:13:01.826938+00:00
01a10630-2882-7a21-bf24-a4c220adf4d5,DUECG-EID::01a10630-2882-7f98-a303-b16614165fb5,Morocco,en,BASELINE_NAME,SOURCE_COUNTRY,CLAIMED,2026-10-04,,2026-10-04T09:13:01.826938+00:00
01a10630-2882-7c0a-be2f-a2d270fb1d0c,DUECG-EID::01a10630-2882-7f60-99ff-3745e53d6652,Monaco,en,BASELINE_NAME,SOURCE_COUNTRY,CLAIMED,2026-10-04,,2026-10-04T09:13:01.826938+00:00
01a10630-2882-7dff-8209-539d52f70b95,DUECG-EID::01a10630-2881-78e2-a9cc-3fbbf2a847a1,Saint Martin (French part),en,BASELINE_NAME,SOURCE_COUNTRY,CLAIMED,2026-10-04,,2026-10-04T09:13:01.826938+00:00
01a10630-2882-7fc2-ae8c-663598546ded,DUECG-EID::01a10630-2882-7fca-b648-5009582a0516,"Moldova, Republic of",en,BASELINE_NAME,SOURCE_COUNTRY,CLAIMED,2026-10-04,,2026-10-04T09:13:01.826938+00:00
01a10630-2883-7531-899b-a009f40bab23,DUECG-EID::01a10630-2883-78b0-b826-9c315f02e7a5,Maldives,en,BASELINE_NAME,SOURCE_COUNTRY,CLAIMED,2026-10-04,,2026-10-04T09:13:01.827938+00:00
01a10630-2883-78c3-ae66-060289f98370,DUECG-EID::01a10630-2883-7eef-8117-1e792fe18cf9,Mexico,en,BASELINE_NAME,SOURCE_COUNTRY,CLAIMED,2026-10-04,,2026-10-04T09:13:01.827938+00:00
01a10630-2883-7ffd-a5d0-b5efd1d0976b,DUECG-EID::01a10630-2883-74ab-9e5a-cf29af9ac76f,Marshall Islands,en,BASELINE_NAME,SOURCE_COUNTRY,CLAIMED,2026-10-04,,2026-10-04T09:13:01.827938+00:00
01a10630-2884-774c-b0a9-95f82942e920,DUECG-EID::01a10630-2884-7e50-aa38-df07555a04aa,Myanmar,en,BASELINE_NAME,SOURCE_COUNTRY,CLAIMED,2026-10-04,,2026-10-04T09:13:01.828940+00:00
01a10630-2884-7d46-8997-4326c3970918,DUECG-EID::01a10630-2884-72df-835f-c92bed7c0c88,Mali,en,BASELINE_NAME,SOURCE_COUNTRY,CLAIMED,2026-10-04,,2026-10-04T09:13:01.828940+00:00
01a10630-2884-7d82-beba-b89c3f81d9e5,DUECG-EID::01a10630-2883-70bd-bf87-445a097cae6f,North Macedonia,en,BASELINE_NAME,SOURCE_COUNTRY,CLAIMED,2026-10-04,,2026-10-04T09:13:01.828940+00:00
01a10630-2884-7d8a-9542-20aa55778a52,DUECG-EID::01a10630-2884-7a27-bc81-ec7007a497bf,Malta,en,BASELINE_NAME,SOURCE_COUNTRY,CLAIMED,2026-10-04,,2026-10-04T09:13:01.828940+00:00
01a10630-2885-762a-998c-fc048298dd90,DUECG-EID::01a10630-2885-7add-a0ab-ddb3bda20157,Montenegro,en,BASELINE_NAME,SOURCE_COUNTRY,CLAIMED,2026-10-04,,2026-10-04T09:13:01.829936+00:00
01a10630-2885-7929-a9e5-01f9946630c1,DUECG-EID::01a10630-2885-7a25-b305-4f503c62df25,Northern Mariana Islands,en,BASELINE_NAME,SOURCE_COUNTRY,CLAIMED,2026-10-04,,2026-10-04T09:13:01.829936+00:00
01a10630-2885-7e65-afb9-bdc26842a768,DUECG-EID::01a10630-2885-768a-ad46-075e28cd922d,Mongolia,en,BASELINE_NAME,SOURCE_COUNTRY,CLAIMED,2026-10-04,,2026-10-04T09:13:01.829936+00:00
01a10630-2886-70ad-9ab4-5ce789e0cf66,DUECG-EID::01a10630-2886-7bff-b37f-f96ec65df709,Montserrat,en,BASELINE_NAME,SOURCE_COUNTRY,CLAIMED,2026-10-04,,2026-10-04T09:13:01.830936+00:00
01a10630-2886-75aa-a7d2-149ccb59e4ba,DUECG-EID::01a10630-2885-7157-aad1-b1e8e994ec1c,Mozambique,en,BASELINE_NAME,SOURCE_COUNTRY,CLAIMED,2026-10-04,,2026-10-04T09:13:01.830936+00:00
01a10630-2886-7c99-915b-53cb56229bad,DUECG-EID::01a10630-2886-7155-9a41-e96c237e30d4,Martinique,en,BASELINE_NAME,SOURCE_COUNTRY,CLAIMED,2026-10-04,,2026-10-04T09:13:01.830936+00:00
01a10630-2886-7dff-8a7e-b906ade01aff,DUECG-EID::01a10630-2886-7cfa-a82d-53104b12651e,Mauritania,en,BASELINE_NAME,SOURCE_COUNTRY,CLAIMED,2026-10-04,,2026-10-04T09:13:01.830936+00:00
01a10630-2887-7cdf-94f3-5411f0ce7388,DUECG-EID::01a10630-2887-706d-91a6-96970d13a0ee,Mayotte,en,BASELINE_NAME,SOURCE_COUNTRY,CLAIMED,2026-10-04,,2026-10-04T09:13:01.831939+00:00
01a10630-2887-7de3-bedd-718e4f3cc81d,DUECG-EID::01a10630-2887-7637-a1f0-bf181b76aaf2,Malawi,en,BASELINE_NAME,SOURCE_COUNTRY,CLAIMED,2026-10-04,,2026-10-04T09:13:01.831939+00:00
01a10630-2887-7f43-a0fd-c1fe210bc042,DUECG-EID::01a10630-2887-7217-93cd-74aa2cf2b8fa,Mauritius,en,BASELINE_NAME,SOURCE_COUNTRY,CLAIMED,2026-10-04,,2026-10-04T09:13:01.831939+00:00
01a10630-2887-7f99-9134-c8cfb4c79ff2,DUECG-EID::01a10630-2887-7814-afce-504f9a4f35a9,Malaysia,en,BASELINE_NAME,SOURCE_COUNTRY,CLAIMED,2026-10-04,,2026-10-04T09:13:01.831939+00:00
01a10630-2888-703b-b6e4-d786c2a2cc45,DUECG-EID::01a10630-2888-75b4-8d64-0bf8498af66d,Norfolk Island,en,BASELINE_NAME,SOURCE_COUNTRY,CLAIMED,2026-10-04,,2026-10-04T09:13:01.832938+00:00
01a10630-2888-7497-8fc6-5195534cb2a7,DUECG-EID::01a10630-2888-7015-b8fc-6a8bd274d2c7,Niue,en,BASELINE_NAME,SOURCE_COUNTRY,CLAIMED,2026-10-04,,2026-10-04T09:13:01.832938+00:00
01a10630-2888-7a0c-a31e-e6d7e26134e7,DUECG-EID::01a10630-2888-7cea-a3a5-e9ab148295de,Niger,en,BASELINE_NAME,SOURCE_COUNTRY,CLAIMED,2026-10-04,,2026-10-04T09:13:01.832938+00:00
01a10630-2888-7a29-8f2d-ac3eca789c06,DUECG-EID::01a10630-2888-7c4a-bf8f-260a2152388a,Netherlands,en,BASELINE_NAME,SOURCE_COUNTRY,CLAIMED,2026-10-04,,2026-10-04T09:13:01.832938+00:00
01a10630-2888-7b36-a451-1704002daab0,DUECG-EID::01a10630-2888-7469-9f8f-f4d195ca802f,New Caledonia,en,BASELINE_NAME,SOURCE_COUNTRY,CLAIMED,2026-10-04,,2026-10-04T09:13:01.832938+00:00
01a10630-2888-7bd2-b29e-bb113859b5e3,DUECG-EID::01a10630-2888-7e78-8b76-0b813589bc98,Nicaragua,en,BASELINE_NAME,SOURCE_COUNTRY,CLAIMED,2026-10-04,,2026-10-04T09:13:01.832938+00:00
01a10630-2888-7cb9-b54b-87f58ef31bb4,DUECG-EID::01a10630-2888-7334-8292-b9ffb4cdbe22,Namibia,en,BASELINE_NAME,SOURCE_COUNTRY,CLAIMED,2026-10-04,,2026-10-04T09:13:01.832938+00:00
01a10630-2888-7ffc-a0c0-bd3a3e0286d5,DUECG-EID::01a10630-2888-72fc-a093-02d65e7e803d,Nigeria,en,BASELINE_NAME,SOURCE_COUNTRY,CLAIMED,2026-10-04,,2026-10-04T09:13:01.832938+00:00
01a10630-288a-7c9a-9f94-9f40461431ff,DUECG-EID::01a10630-288a-71ab-bca2-01272a947c15,Norway,en,BASELINE_NAME,SOURCE_COUNTRY,CLAIMED,2026-10-04,,2026-10-04T09:13:01.834692+00:00
01a10630-288a-7f16-87fd-372787872502,DUECG-EID::01a10630-288a-785d-99f2-1fb592103f62,Nepal,en,BASELINE_NAME,SOURCE_COUNTRY,CLAIMED,2026-10-04,,2026-10-04T09:13:01.834692+00:00
01a10630-2893-71e2-a5de-b02f88b289ad,DUECG-EID::01a10630-2893-73d5-abe1-a7f83375e273,New Zealand,en,BASELINE_NAME,SOURCE_COUNTRY,CLAIMED,2026-10-04,,2026-10-04T09:13:01.843698+00:00
01a10630-2893-7fca-aa70-3e045ef6ae85,DUECG-EID::01a10630-2892-74e0-99e8-9c6d685f6c94,Nauru,en,BASELINE_NAME,SOURCE_COUNTRY,CLAIMED,2026-10-04,,2026-10-04T09:13:01.843698+00:00
01a10630-2894-70ad-adbd-bcdf3ebfd734,DUECG-EID::01a10630-2894-7968-86d0-f80eb8d6def8,Pakistan,en,BASELINE_NAME,SOURCE_COUNTRY,CLAIMED,2026-10-04,,2026-10-04T09:13:01.844701+00:00
01a10630-2894-7d01-b0eb-5cc324fc8c3c,DUECG-EID::01a10630-2893-7ced-8890-ac16b7d665b5,Oman,en,BASELINE_NAME,SOURCE_COUNTRY,CLAIMED,2026-10-04,,2026-10-04T09:13:01.844701+00:00
01a10630-2895-7f39-9b5c-4336248358a8,DUECG-EID::01a10630-2895-77ca-8b8a-358f5349dd66,Panama,en,BASELINE_NAME,SOURCE_COUNTRY,CLAIMED,2026-10-04,,2026-10-04T09:13:01.845699+00:00
01a10630-2895-7f5c-908e-a19c2346aa5e,DUECG-EID::01a10630-2895-7e33-b821-50110318ad28,Pitcairn,en,BASELINE_NAME,SOURCE_COUNTRY,CLAIMED,2026-10-04,,2026-10-04T09:13:01.845699+00:00
01a10630-2896-70a1-93fe-7806f7e8d0fa,DUECG-EID::01a10630-2896-7a61-982e-5f543f1be207,Philippines,en,BASELINE_NAME,SOURCE_COUNTRY,CLAIMED,2026-10-04,,2026-10-04T09:13:01.846699+00:00
01a10630-2896-7e97-bc54-da8cf8048d4d,DUECG-EID::01a10630-2896-71d5-adcc-20c7ba8368d6,Peru,en,BASELINE_NAME,SOURCE_COUNTRY,CLAIMED,2026-10-04,,2026-10-04T09:13:01.846699+00:00
01a10630-2897-7240-a128-95a5c9a8ed6e,DUECG-EID::01a10630-2897-7bad-854c-5f23a8d57bde,Papua New Guinea,en,BASELINE_NAME,SOURCE_COUNTRY,CLAIMED,2026-10-04,,2026-10-04T09:13:01.847698+00:00
01a10630-2897-7ddc-8176-f53c8ffe856c,DUECG-EID::01a10630-2897-7572-87ef-8428774daaeb,Palau,en,BASELINE_NAME,SOURCE_COUNTRY,CLAIMED,2026-10-04,,2026-10-04T09:13:01.847698+00:00
01a10630-2898-74fd-89ce-551515419c6d,DUECG-EID::01a10630-2898-7546-bd52-6d165318e3e8,Puerto Rico,en,BASELINE_NAME,SOURCE_COUNTRY,CLAIMED,2026-10-04,,2026-10-04T09:13:01.848701+00:00
01a10630-2898-767b-b9be-8b72646e8ad4,DUECG-EID::01a10630-2897-78b8-a6e7-e142dc37b480,Poland,en,BASELINE_NAME,SOURCE_COUNTRY,CLAIMED,2026-10-04,,2026-10-04T09:13:01.848701+00:00
01a10630-2898-7c50-b024-eea0d47156b9,DUECG-EID::01a10630-2898-7c65-a3e3-243d0ce16d7a,"Korea, Democratic People's Republic of",en,BASELINE_NAME,SOURCE_COUNTRY,CLAIMED,2026-10-04,,2026-10-04T09:13:01.848701+00:00
01a10630-2899-74b0-9dbc-99308490f350,DUECG-EID::01a10630-2899-7077-bd55-f926f5f3d39c,Portugal,en,BASELINE_NAME,SOURCE_COUNTRY,CLAIMED,2026-10-04,,2026-10-04T09:13:01.849699+00:00
01a10630-289a-70d1-9272-9a22b25f431e,DUECG-EID::01a10630-289a-7570-934f-3036742e9d27,"Palestine, State of",en,BASELINE_NAME,SOURCE_COUNTRY,CLAIMED,2026-10-04,,2026-10-04T09:13:01.850698+00:00
01a10630-289a-7762-a6f7-593663b069ee,DUECG-EID::01a10630-2899-78f0-b1b9-7fb23d074d1f,Paraguay,en,BASELINE_NAME,SOURCE_COUNTRY,CLAIMED,2026-10-04,,2026-10-04T09:13:01.850698+00:00
01a10630-289b-715c-9b4e-d84581b292b3,DUECG-EID::01a10630-289b-73f1-94cb-31f70b10dcce,Qatar,en,BASELINE_NAME,SOURCE_COUNTRY,CLAIMED,2026-10-04,,2026-10-04T09:13:01.851700+00:00
01a10630-289b-71e5-bc1c-0d362d4ed00f,DUECG-EID::01a10630-289a-7fa3-897e-e43dc8153bab,French Polynesia,en,BASELINE_NAME,SOURCE_COUNTRY,CLAIMED,2026-10-04,,2026-10-04T09:13:01.851700+00:00
01a10630-289c-70cb-ad5c-783c562b8f98,DUECG-EID::01a10630-289c-7fdc-9954-06fa3eddb968,Romania,en,BASELINE_NAME,SOURCE_COUNTRY,CLAIMED,2026-10-04,,2026-10-04T09:13:01.852699+00:00
01a10630-289c-7970-95e0-a3fc089eb0e9,DUECG-EID::01a10630-289b-7e80-b480-37bfd88cdf2e,Réunion,en,BASELINE_NAME,SOURCE_COUNTRY,CLAIMED,2026-10-04,,2026-10-04T09:13:01.852699+00:00
01a10630-289d-7635-ad71-4dacb5c67efe,DUECG-EID::01a10630-289c-7d2c-bd3d-120653d7652b,Russian Federation,en,BASELINE_NAME,SOURCE_COUNTRY,CLAIMED,2026-10-04,,2026-10-04T09:13:01.853700+00:00
01a10630-289e-7388-8319-6d5d13512467,DUECG-EID::01a10630-289d-7fd1-bb2f-c3012b992c2f,Rwanda,en,BASELINE_NAME,SOURCE_COUNTRY,CLAIMED,2026-10-04,,2026-10-04T09:13:01.854701+00:00
01a10630-289e-77e1-b719-bfd11f1859f8,DUECG-EID::01a10630-289e-7752-9123-94c93261096c,Sudan,en,BASELINE_NAME,SOURCE_COUNTRY,CLAIMED,2026-10-04,,2026-10-04T09:13:01.854701+00:00
01a10630-289e-7bd1-8f06-4633d78de779,DUECG-EID::01a10630-289e-73f5-b705-e9f3b442fc6d,Saudi Arabia,en,BASELINE_NAME,SOURCE_COUNTRY,CLAIMED,2026-10-04,,2026-10-04T09:13:01.854701+00:00
01a10630-289f-7218-97b5-dc68f9820029,DUECG-EID::01a10630-289f-7116-aa4f-f3d73e3a9b31,Senegal,en,BASELINE_NAME,SOURCE_COUNTRY,CLAIMED,2026-10-04,,2026-10-04T09:13:01.855701+00:00
01a10630-289f-747e-8a5d-3b3423297a6f,DUECG-EID::01a10630-289f-7e28-9e1c-ead2483e253e,Singapore,en,BASELINE_NAME,SOURCE_COUNTRY,CLAIMED,2026-10-04,,2026-10-04T09:13:01.855701+00:00
01a10630-28a0-7a0b-a616-5c6925c38ca0,DUECG-EID::01a10630-289f-7f74-9da9-44c7783c58ce,South Georgia and the South Sandwich Islands,en,BASELINE_NAME,SOURCE_COUNTRY,CLAIMED,2026-10-04,,2026-10-04T09:13:01.856699+00:00
01a10630-28a0-7a66-a996-84efccc430a6,DUECG-EID::01a10630-28a0-7a7f-a125-efe19c09f872,"Saint Helena, Ascension and Tristan da Cunha",en,BASELINE_NAME,SOURCE_COUNTRY,CLAIMED,2026-10-04,,2026-10-04T09:13:01.856699+00:00
01a10630-28a0-7b43-83dc-e1a06109eea4,DUECG-EID::01a10630-28a0-7f79-bd74-aafa6c190589,Svalbard and Jan Mayen,en,BASELINE_NAME,SOURCE_COUNTRY,CLAIMED,2026-10-04,,2026-10-04T09:13:01.856699+00:00
01a10630-28a1-73fc-96c5-9e16b355043f,DUECG-EID::01a10630-28a1-7cea-ab50-ce770758ed01,Solomon Islands,en,BASELINE_NAME,SOURCE_COUNTRY,CLAIMED,2026-10-04,,2026-10-04T09:13:01.857701+00:00
01a10630-28a1-7455-a7f8-4640c0b346d5,DUECG-EID::01a10630-28a1-7bf7-a851-b27eca6667d4,El Salvador,en,BASELINE_NAME,SOURCE_COUNTRY,CLAIMED,2026-10-04,,2026-10-04T09:13:01.857701+00:00
01a10630-28a1-7484-b797-ec630d17dc29,DUECG-EID::01a10630-28a1-717d-bde0-8d6161f206df,Sierra Leone,en,BASELINE_NAME,SOURCE_COUNTRY,CLAIMED,2026-10-04,,2026-10-04T09:13:01.857701+00:00
01a10630-28a2-7202-bb13-434c4276ad17,DUECG-EID::01a10630-28a2-7cd5-99ad-277cf8960504,Saint Pierre and Miquelon,en,BASELINE_NAME,SOURCE_COUNTRY,CLAIMED,2026-10-04,,2026-10-04T09:13:01.858719+00:00
01a10630-28a2-7aa4-8a8e-33dc9fb8be13,DUECG-EID::01a10630-28a2-77a4-9984-3e5dd4221b85,Somalia,en,BASELINE_NAME,SOURCE_COUNTRY,CLAIMED,2026-10-04,,2026-10-04T09:13:01.858719+00:00
01a10630-28a2-7ab8-a6c6-5b120c01e976,DUECG-EID::01a10630-28a2-7f0b-984e-1c2595c900c0,San Marino,en,BASELINE_NAME,SOURCE_COUNTRY,CLAIMED,2026-10-04,,2026-10-04T09:13:01.858719+00:00
01a10630-28a3-74e9-84d3-62fa6a5a7109,DUECG-EID::01a10630-28a3-770a-8f00-5655a1a39213,South Sudan,en,BASELINE_NAME,SOURCE_COUNTRY,CLAIMED,2026-10-04,,2026-10-04T09:13:01.859699+00:00
01a10630-28a3-7e97-bcb6-7dad258ed171,DUECG-EID::01a10630-28a3-73f8-8f22-d0a769837c49,Serbia,en,BASELINE_NAME,SOURCE_COUNTRY,CLAIMED,2026-10-04,,2026-10-04T09:13:01.859699+00:00
01a10630-28a4-7051-ba72-89fc242d4f3b,DUECG-EID::01a10630-28a4-7e23-802d-994c273051a8,Suriname,en,BASELINE_NAME,SOURCE_COUNTRY,CLAIMED,2026-10-04,,2026-10-04T09:13:01.860698+00:00
01a10630-28a4-7161-9117-ff37bdea7193,DUECG-EID::01a10630-28a3-7bd5-bde0-3e7fe8c57d58,Sao Tome and Principe,en,BASELINE_NAME,SOURCE_COUNTRY,CLAIMED,2026-10-04,,2026-10-04T09:13:01.860698+00:00
01a10630-28a4-7414-8b5f-58d6c5a22f95,DUECG-EID::01a10630-28a4-727c-bfa7-9aefc256d1da,Slovenia,en,BASELINE_NAME,SOURCE_COUNTRY,CLAIMED,2026-10-04,,2026-10-04T09:13:01.860698+00:00
01a10630-28a4-79f4-a7ca-f4af7a34b399,DUECG-EID::01a10630-28a4-721a-8fca-e3635668b539,Slovakia,en,BASELINE_NAME,SOURCE_COUNTRY,CLAIMED,2026-10-04,,2026-10-04T09:13:01.860698+00:00
01a10630-28a5-7580-ac5d-c30da22e8e76,DUECG-EID::01a10630-28a5-7705-8eed-33f8713808ec,Sweden,en,BASELINE_NAME,SOURCE_COUNTRY,CLAIMED,2026-10-04,,2026-10-04T09:13:01.861702+00:00
01a10630-28a6-780e-a07b-0d9e921d4a30,DUECG-EID::01a10630-28a6-7ece-889d-e2f5791ec6ff,Sint Maarten (Dutch part),en,BASELINE_NAME,SOURCE_COUNTRY,CLAIMED,2026-10-04,,2026-10-04T09:13:01.862699+00:00
01a10630-28a6-789e-9a1f-0b8038b6cc5d,DUECG-EID::01a10630-28a6-722f-aa5d-1736f78fc9c9,Eswatini,en,BASELINE_NAME,SOURCE_COUNTRY,CLAIMED,2026-10-04,,2026-10-04T09:13:01.862699+00:00
01a10630-28a7-7224-8150-53245ef73df4,DUECG-EID::01a10630-28a7-7d95-8b77-bfe41421e7c6,Seychelles,en,BASELINE_NAME,SOURCE_COUNTRY,CLAIMED,2026-10-04,,2026-10-04T09:13:01.863699+00:00
01a10630-28a8-732d-850d-8cc8f702a6e7,DUECG-EID::01a10630-28a8-7bfa-8b4f-19375e6e3646,Turks and Caicos Islands,en,BASELINE_NAME,SOURCE_COUNTRY,CLAIMED,2026-10-04,,2026-10-04T09:13:01.864700+00:00
01a10630-28a8-78d4-b1d6-27111ccf6ca6,DUECG-EID::01a10630-28a8-7e19-8550-7e38d7bbba48,Chad,en,BASELINE_NAME,SOURCE_COUNTRY,CLAIMED,2026-10-04,,2026-10-04T09:13:01.864700+00:00
01a10630-28a8-78df-842d-e4d87bcf85f6,DUECG-EID::01a10630-28a7-7cc4-a519-7b754c7862ef,Syrian Arab Republic,en,BASELINE_NAME,SOURCE_COUNTRY,CLAIMED,2026-10-04,,2026-10-04T09:13:01.864700+00:00
01a10630-28a9-75a2-bad4-25b4ead13bf8,DUECG-EID::01a10630-28a9-7d7e-b838-f65277afd7fb,Thailand,en,BASELINE_NAME,SOURCE_COUNTRY,CLAIMED,2026-10-04,,2026-10-04T09:13:01.865702+00:00
01a10630-28a9-7dd2-96ea-5f59731b6f2a,DUECG-EID::01a10630-28a9-7b3f-83ed-35112b5e22e7,Togo,en,BASELINE_NAME,SOURCE_COUNTRY,CLAIMED,2026-10-04,,2026-10-04T09:13:01.865702+00:00
01a10630-28aa-7258-8755-98167223d6b3,DUECG-EID::01a10630-28aa-74e4-9268-41ea91290538,Tajikistan,en,BASELINE_NAME,SOURCE_COUNTRY,CLAIMED,2026-10-04,,2026-10-04T09:13:01.866702+00:00
01a10630-28ab-70a8-af86-8675e5888d5d,DUECG-EID::01a10630-28ab-7862-9064-83fd3b025699,Turkmenistan,en,BASELINE_NAME,SOURCE_COUNTRY,CLAIMED,2026-10-04,,2026-10-04T09:13:01.867700+00:00
01a10630-28ab-70b7-adbf-2f83468e7901,DUECG-EID::01a10630-28aa-7f91-a99d-d8becb8ad71a,Tokelau,en,BASELINE_NAME,SOURCE_COUNTRY,CLAIMED,2026-10-04,,2026-10-04T09:13:01.867700+00:00
01a10630-28ac-7325-bd9c-2ba9e7ab9b22,DUECG-EID::01a10630-28ac-7bdb-851e-84a07cf0a63a,Tonga,en,BASELINE_NAME,SOURCE_COUNTRY,CLAIMED,2026-10-04,,2026-10-04T09:13:01.868698+00:00
01a10630-28ac-7ae7-ac27-6f84b53c497e,DUECG-EID::01a10630-28ab-7d2e-bb69-0bcc0ff270f3,Timor-Leste,en,BASELINE_NAME,SOURCE_COUNTRY,CLAIMED,2026-10-04,,2026-10-04T09:13:01.868698+00:00
01a10630-28ad-74c1-91dd-6beb4b8992e6,DUECG-EID::01a10630-28ac-7e20-b74e-e1a1a271e703,Trinidad and Tobago,en,BASELINE_NAME,SOURCE_COUNTRY,CLAIMED,2026-10-04,,2026-10-04T09:13:01.869698+00:00
01a10630-28ad-7f1b-b0fe-4f70705b69c4,DUECG-EID::01a10630-28ad-71f7-8784-b77734d9c72a,Tunisia,en,BASELINE_NAME,SOURCE_COUNTRY,CLAIMED,2026-10-04,,2026-10-04T09:13:01.869698+00:00
01a10630-28ae-732a-a7bd-db95e724e361,DUECG-EID::01a10630-28ae-76c0-9761-5ecac7cd29f1,Türkiye,en,BASELINE_NAME,SOURCE_COUNTRY,CLAIMED,2026-10-04,,2026-10-04T09:13:01.870701+00:00
01a10630-28af-746c-acc9-cc8eddb181db,DUECG-EID::01a10630-28af-7fde-ad18-4f4afe30c62b,"Taiwan, Province of China",en,BASELINE_NAME,SOURCE_COUNTRY,CLAIMED,2026-10-04,,2026-10-04T09:13:01.871700+00:00
01a10630-28af-7d45-9b99-c025fdc37960,DUECG-EID::01a10630-28ae-77cf-8d28-1e022a3a75be,Tuvalu,en,BASELINE_NAME,SOURCE_COUNTRY,CLAIMED,2026-10-04,,2026-10-04T09:13:01.871700+00:00
01a10630-28b0-7884-b8d9-3bde59d33df1,DUECG-EID::01a10630-28b0-7a4c-b50d-36369f5b5f01,Uganda,en,BASELINE_NAME,SOURCE_COUNTRY,CLAIMED,2026-10-04,,2026-10-04T09:13:01.872699+00:00
01a10630-28b0-7c5e-8f6b-78a32ba87f77,DUECG-EID::01a10630-28b0-7e1a-9a20-fc91ac2ff1f7,"Tanzania, United Republic of",en,BASELINE_NAME,SOURCE_COUNTRY,CLAIMED,2026-10-04,,2026-10-04T09:13:01.872699+00:00
01a10630-28b1-7611-bac5-22069e03d60a,DUECG-EID::01a10630-28b1-7dcc-a225-d13297b1480e,United States Minor Outlying Islands,en,BASELINE_NAME,SOURCE_COUNTRY,CLAIMED,2026-10-04,,2026-10-04T09:13:01.873699+00:00
01a10630-28b1-7d1a-ada9-621d432636c9,DUECG-EID::01a10630-28b1-70ec-a7f7-1c05ec9c4051,Ukraine,en,BASELINE_NAME,SOURCE_COUNTRY,CLAIMED,2026-10-04,,2026-10-04T09:13:01.873699+00:00
01a10630-28b2-7201-8dfa-36f27b49f101,DUECG-EID::01a10630-28b2-76e0-b850-c8524a8ae2fd,United States,en,BASELINE_NAME,SOURCE_COUNTRY,CLAIMED,2026-10-04,,2026-10-04T09:13:01.874700+00:00
01a10630-28b2-77ed-8473-379e8d94c622,DUECG-EID::01a10630-28b1-785d-85d0-579f27a29a27,Uruguay,en,BASELINE_NAME,SOURCE_COUNTRY,CLAIMED,2026-10-04,,2026-10-04T09:13:01.874700+00:00
01a10630-28b3-74e0-9b82-d59d5b93c4c1,DUECG-EID::01a10630-28b3-7ec7-9eb0-18b1cb693c23,Holy See (Vatican City State),en,BASELINE_NAME,SOURCE_COUNTRY,CLAIMED,2026-10-04,,2026-10-04T09:13:01.875701+00:00
01a10630-28b3-7686-8006-5fe673690762,DUECG-EID::01a10630-28b3-7606-91e1-b3169c1691a3,Saint Vincent and the Grenadines,en,BASELINE_NAME,SOURCE_COUNTRY,CLAIMED,2026-10-04,,2026-10-04T09:13:01.875701+00:00
01a10630-28b3-7be3-9235-c86635e86ada,DUECG-EID::01a10630-28b2-7aa0-a2ae-4372649ce32a,Uzbekistan,en,BASELINE_NAME,SOURCE_COUNTRY,CLAIMED,2026-10-04,,2026-10-04T09:13:01.875701+00:00
01a10630-28b4-7ac0-997a-8249f25b2dc7,DUECG-EID::01a10630-28b4-78ec-aa0f-758b7fbb15d7,"Venezuela, Bolivarian Republic of",en,BASELINE_NAME,SOURCE_COUNTRY,CLAIMED,2026-10-04,,2026-10-04T09:13:01.876700+00:00
01a10630-28b4-7feb-ad5e-1b2b9bdd7225,DUECG-EID::01a10630-28b4-7658-a8fb-039a48ff82b7,"Virgin Islands, British",en,BASELINE_NAME,SOURCE_COUNTRY,CLAIMED,2026-10-04,,2026-10-04T09:13:01.876700+00:00
01a10630-28b5-7468-9cea-592662e49938,DUECG-EID::01a10630-28b5-75dd-841a-aafde9f4740b,Viet Nam,en,BASELINE_NAME,SOURCE_COUNTRY,CLAIMED,2026-10-04,,2026-10-04T09:13:01.877703+00:00
01a10630-28b5-7c54-b2af-26a9016a3b8e,DUECG-EID::01a10630-28b5-7c29-baa0-57aee65d12eb,"Virgin Islands, U.S.",en,BASELINE_NAME,SOURCE_COUNTRY,CLAIMED,2026-10-04,,2026-10-04T09:13:01.877703+00:00
01a10630-28b6-7530-9367-a77a0c1a3dd1,DUECG-EID::01a10630-28b5-7218-ac4e-f3b5024975a5,Vanuatu,en,BASELINE_NAME,SOURCE_COUNTRY,CLAIMED,2026-10-04,,2026-10-04T09:13:01.878699+00:00
01a10630-28b6-7813-8669-f1536eb85315,DUECG-EID::01a10630-28b6-7447-842a-95853efc4150,Samoa,en,BASELINE_NAME,SOURCE_COUNTRY,CLAIMED,2026-10-04,,2026-10-04T09:13:01.878699+00:00
01a10630-28b6-7d10-b10a-828eab2441f2,DUECG-EID::01a10630-28b6-77b7-8178-62aae387da13,Wallis and Futuna,en,BASELINE_NAME,SOURCE_COUNTRY,CLAIMED,2026-10-04,,2026-10-04T09:13:01.878699+00:00
01a10630-28b7-7084-8075-f47d2eb41216,DUECG-EID::01a10630-28b7-7c17-b8e9-f87c99f793e4,South Africa,en,BASELINE_NAME,SOURCE_COUNTRY,CLAIMED,2026-10-04,,2026-10-04T09:13:01.879697+00:00
01a10630-28b7-7151-b91f-9667f0865425,DUECG-EID::01a10630-28b7-7298-b4cc-671f744785f4,Yemen,en,BASELINE_NAME,SOURCE_COUNTRY,CLAIMED,2026-10-04,,2026-10-04T09:13:01.879697+00:00
01a10630-28b7-749f-9259-3d326ddbedbc,DUECG-EID::01a10630-28b7-7b06-863b-6ecb6ebcc92b,Zambia,en,BASELINE_NAME,SOURCE_COUNTRY,CLAIMED,2026-10-04,,2026-10-04T09:13:01.879697+00:00
01a10630-28b8-7a31-b1c5-72b5dc37cc6c,DUECG-EID::01a10630-28b8-730a-b4d8-60119ff71850,Zimbabwe,en,BASELINE_NAME,SOURCE_COUNTRY,CLAIMED,2026-10-04,,2026-10-04T09:13:01.880698+00:00
