url,checked_on,requested_url,http_status,final_url,content_type,acquisition,truncated,file,bytes,sha256
https://dados.cvm.gov.br/dados/SECURIT/DOC/INF_MENSAL_OTS/DADOS/inf_mensal_ots_2023.zip,2026-10-08,https://dados.cvm.gov.br/dados/SECURIT/DOC/INF_MENSAL_OTS/DADOS/inf_mensal_ots_2023.zip,200,https://dados.cvm.gov.br/dados/SECURIT/DOC/INF_MENSAL_OTS/DADOS/inf_mensal_ots_2023.zip,application/zip,DIRECT_OBSERVED_LINK,False,reports/2026-10-08/global_directory_followup_b17/downloads/43e83666103bc3f615bd.response,119502,8676fcf7ad88e4ff86baf096c7d9bd79577198ec6e60fa9e5adfa746de1f4f7f
https://dados.cvm.gov.br/dados/SECURIT/DOC/INF_MENSAL_OTS/DADOS/inf_mensal_ots_2024.zip,2026-10-08,https://dados.cvm.gov.br/dados/SECURIT/DOC/INF_MENSAL_OTS/DADOS/inf_mensal_ots_2024.zip,200,https://dados.cvm.gov.br/dados/SECURIT/DOC/INF_MENSAL_OTS/DADOS/inf_mensal_ots_2024.zip,application/zip,DIRECT_OBSERVED_LINK,False,reports/2026-10-08/global_directory_followup_b17/downloads/3a59019908936e9ba268.response,237318,d3c1e0009837e7e5864746dc80894bad5f250e8896d8d3789dab04853726408a
https://dados.cvm.gov.br/dados/SECURIT/DOC/INF_MENSAL_OTS/DADOS/inf_mensal_ots_2025.zip,2026-10-08,https://dados.cvm.gov.br/dados/SECURIT/DOC/INF_MENSAL_OTS/DADOS/inf_mensal_ots_2025.zip,200,https://dados.cvm.gov.br/dados/SECURIT/DOC/INF_MENSAL_OTS/DADOS/inf_mensal_ots_2025.zip,application/zip,DIRECT_OBSERVED_LINK,False,reports/2026-10-08/global_directory_followup_b17/downloads/ca5d376d1b44e0d5362e.response,459063,623d559aeb546faa20f0fc1117f50f1640dc97cf321172ba9daced4e6ba382da
https://dados.cvm.gov.br/dados/SECURIT/DOC/INF_MENSAL_OTS/DADOS/inf_mensal_ots_2026.zip,2026-10-08,https://dados.cvm.gov.br/dados/SECURIT/DOC/INF_MENSAL_OTS/DADOS/inf_mensal_ots_2026.zip,200,https://dados.cvm.gov.br/dados/SECURIT/DOC/INF_MENSAL_OTS/DADOS/inf_mensal_ots_2026.zip,application/zip,DIRECT_OBSERVED_LINK,False,reports/2026-10-08/global_directory_followup_b17/downloads/399dc5df06c4595edd1b.response,467578,3c10785562d189a1dea7039eb1fc9a3150fef939855bc117dda7caffc5cf3cec
https://dados.cvm.gov.br/dados/SECURIT/DOC/INF_MENSAL_OTS/META/meta_inf_mensal_ots.zip,2026-10-08,https://dados.cvm.gov.br/dados/SECURIT/DOC/INF_MENSAL_OTS/META/meta_inf_mensal_ots.zip,200,https://dados.cvm.gov.br/dados/SECURIT/DOC/INF_MENSAL_OTS/META/meta_inf_mensal_ots.zip,application/zip,DIRECT_OBSERVED_LINK,False,reports/2026-10-08/global_directory_followup_b17/downloads/c92dcc5a9e48f01e7975.response,5520,6bbcaa6d45aad57f3ee5f7702b5f57c19fa57b8fc810a766824c2320db37a98c
https://guyanastockexchangeinc.com/gse/sec/media/rdl.xlsx,2026-10-08,https://guyanastockexchangeinc.com/gse/sec/media/rdl.xlsx,200,https://guyanastockexchangeinc.com/gse/sec/media/rdl.xlsx,application/vnd.openxmlformats,DIRECT_OBSERVED_LINK,False,reports/2026-10-08/global_directory_followup_b17/downloads/264f17f5d009f561ac98.response,17263,1a6647a83aa46a4ce91f6eb1a91c3ca71f6bed8f1da31181ce516022b81d5764
https://www.bdcb.gov.bn/docs/amlcft/inforeporting/UN_Consolidated_List_of_Designated_Individuals_and_Entities_06Aug2026.xlsx,2026-10-08,,200,,,REUSE_PRIOR_HASH_VERIFIED,False,reports/2026-10-08/global_directory_content_b07/downloads/e7885d2e35c9d2ff8c00.response,365319,03778d232bd995d73d14d96403b3028823aafc80b023fce8d85dc4a041c3d30d
https://www.icexindia.com/docs/default-source/default-document-library/membership-gst-registration-format.xlsx?sfvrsn=abf66d0f_2,2026-10-08,,200,,,REUSE_PRIOR_HASH_VERIFIED,False,reports/2026-10-08/global_directory_content_b07/downloads/fd47837fba8b2acf5b24.response,10659,610e9c22cc464a0bddd8c2093bb01bace14d77490ad799d6e9176ce1ce95241d
https://www.traditionsef.com/assets/documents/Authorized-Trader-and-Customer-Contacts-List.xlsx,2026-10-08,https://www.traditionsef.com/assets/documents/Authorized-Trader-and-Customer-Contacts-List.xlsx,200,https://www.traditionsef.com/assets/documents/Authorized-Trader-and-Customer-Contacts-List.xlsx,application/vnd.openxmlformats-officedocument.spreadsheetml.sheet,DIRECT_OBSERVED_LINK,False,reports/2026-10-08/global_directory_followup_b17/downloads/908a222db844d57a2d4e.response,16857,41e652918b9200d474f65f7f7f3042271fb511ec2e42b8017150ebcf95ab05a8
