url,member,bytes,sha256,status
https://dados.cvm.gov.br/dados/SECURIT/DOC/INF_MENSAL_OTS/DADOS/inf_mensal_ots_2023.zip,inf_mensal_ots_ativo_passivo_2023.csv,140716,e31cf0c1207abfa445f24a7ad14ea3d0f95611da91f5e773dd748417464ab0c9,MEMBER_OBSERVED_NOT_AUTOMATICALLY_BUSINESS_ENTITY
https://dados.cvm.gov.br/dados/SECURIT/DOC/INF_MENSAL_OTS/DADOS/inf_mensal_ots_2023.zip,inf_mensal_ots_cedente_devedor_2023.csv,37769,d5ef548898f3a76958dee3d80b54156f64a3d5a704ea0a2743c127b8d70ce8d3,MEMBER_OBSERVED_NOT_AUTOMATICALLY_BUSINESS_ENTITY
https://dados.cvm.gov.br/dados/SECURIT/DOC/INF_MENSAL_OTS/DADOS/inf_mensal_ots_2023.zip,inf_mensal_ots_classe_2023.csv,244605,9f5ce38b9d34cd897dbee157910725819f835be08959aada0439408e8b5adcaa,MEMBER_OBSERVED_NOT_AUTOMATICALLY_BUSINESS_ENTITY
https://dados.cvm.gov.br/dados/SECURIT/DOC/INF_MENSAL_OTS/DADOS/inf_mensal_ots_2023.zip,inf_mensal_ots_derivativos_2023.csv,144967,5a2aa647595c2bf279795f3078d3d7591a551e743b901d0fb4ad099d3916dbc4,MEMBER_OBSERVED_NOT_AUTOMATICALLY_BUSINESS_ENTITY
https://dados.cvm.gov.br/dados/SECURIT/DOC/INF_MENSAL_OTS/DADOS/inf_mensal_ots_2023.zip,inf_mensal_ots_desembolso_2023.csv,77132,356e457c6b6fe21da32eaa01a1b358a93a20f786ce907723c62bccb04f9cb56d,MEMBER_OBSERVED_NOT_AUTOMATICALLY_BUSINESS_ENTITY
https://dados.cvm.gov.br/dados/SECURIT/DOC/INF_MENSAL_OTS/DADOS/inf_mensal_ots_2023.zip,inf_mensal_ots_direitos_creditorios_2023.csv,206277,383156059041f0f55965ffdd74916e096edfd22b4229ad18e9f83774909031f2,MEMBER_OBSERVED_NOT_AUTOMATICALLY_BUSINESS_ENTITY
https://dados.cvm.gov.br/dados/SECURIT/DOC/INF_MENSAL_OTS/DADOS/inf_mensal_ots_2023.zip,inf_mensal_ots_fluxo_caixa_2023.csv,67633,28477c1a3e889746cf9138c5a3caf4bcdfea41e7bcf9dd727eb3184c10b7866c,MEMBER_OBSERVED_NOT_AUTOMATICALLY_BUSINESS_ENTITY
https://dados.cvm.gov.br/dados/SECURIT/DOC/INF_MENSAL_OTS/DADOS/inf_mensal_ots_2023.zip,inf_mensal_ots_geral_2023.csv,175759,8a351bfd84df61a0fc0b54831437554596448684ae4733683fd7ba2bc2f4fc1f,MEMBER_OBSERVED_NOT_AUTOMATICALLY_BUSINESS_ENTITY
https://dados.cvm.gov.br/dados/SECURIT/DOC/INF_MENSAL_OTS/DADOS/inf_mensal_ots_2024.zip,inf_mensal_ots_ativo_passivo_2024.csv,325188,1a1124c2ad31e6a95e2263e2f5a3991070de37b93d9ecb854c9d704368055514,MEMBER_OBSERVED_NOT_AUTOMATICALLY_BUSINESS_ENTITY
https://dados.cvm.gov.br/dados/SECURIT/DOC/INF_MENSAL_OTS/DADOS/inf_mensal_ots_2024.zip,inf_mensal_ots_cedente_devedor_2024.csv,96875,b5cda615239b23dee9beed9a314ac0c6c2ff3caba77a5a4e3bccf65e85a19f25,MEMBER_OBSERVED_NOT_AUTOMATICALLY_BUSINESS_ENTITY
https://dados.cvm.gov.br/dados/SECURIT/DOC/INF_MENSAL_OTS/DADOS/inf_mensal_ots_2024.zip,inf_mensal_ots_classe_2024.csv,614714,6f2e71d6c2ddff24da913d23e069af144bbc5b586a23432d6efce16809267f07,MEMBER_OBSERVED_NOT_AUTOMATICALLY_BUSINESS_ENTITY
https://dados.cvm.gov.br/dados/SECURIT/DOC/INF_MENSAL_OTS/DADOS/inf_mensal_ots_2024.zip,inf_mensal_ots_derivativos_2024.csv,364583,fc43d71234c6907bbf8936d2f2724d5d50615e3f58e059c55969c79f6e2788d9,MEMBER_OBSERVED_NOT_AUTOMATICALLY_BUSINESS_ENTITY
https://dados.cvm.gov.br/dados/SECURIT/DOC/INF_MENSAL_OTS/DADOS/inf_mensal_ots_2024.zip,inf_mensal_ots_desembolso_2024.csv,180167,d78c492e458f3c8d51f5271740a3a748ae79fbb1fc44ea8745b61cfff68168d1,MEMBER_OBSERVED_NOT_AUTOMATICALLY_BUSINESS_ENTITY
https://dados.cvm.gov.br/dados/SECURIT/DOC/INF_MENSAL_OTS/DADOS/inf_mensal_ots_2024.zip,inf_mensal_ots_direitos_creditorios_2024.csv,499019,a7ca204ecf8f269a07d8eb722c08ca2663a05b5a3a0f237b0430ffefbc0f6844,MEMBER_OBSERVED_NOT_AUTOMATICALLY_BUSINESS_ENTITY
https://dados.cvm.gov.br/dados/SECURIT/DOC/INF_MENSAL_OTS/DADOS/inf_mensal_ots_2024.zip,inf_mensal_ots_fluxo_caixa_2024.csv,156014,f90adaffec2c60f509a0a980e9ec0b12138db313c29ace0a92440ff65146db59,MEMBER_OBSERVED_NOT_AUTOMATICALLY_BUSINESS_ENTITY
https://dados.cvm.gov.br/dados/SECURIT/DOC/INF_MENSAL_OTS/DADOS/inf_mensal_ots_2024.zip,inf_mensal_ots_geral_2024.csv,420281,65615a15e25d967d5e301efff8b6498d3bf0e4140b1fe0baa45f8da90c8a6ccd,MEMBER_OBSERVED_NOT_AUTOMATICALLY_BUSINESS_ENTITY
https://dados.cvm.gov.br/dados/SECURIT/DOC/INF_MENSAL_OTS/DADOS/inf_mensal_ots_2025.zip,inf_mensal_ots_ativo_passivo_2025.csv,561458,9b787dc57166bbb3f163cc192f22b51de6f962ee3417abeffdd80bde8c121a2e,MEMBER_OBSERVED_NOT_AUTOMATICALLY_BUSINESS_ENTITY
https://dados.cvm.gov.br/dados/SECURIT/DOC/INF_MENSAL_OTS/DADOS/inf_mensal_ots_2025.zip,inf_mensal_ots_cedente_devedor_2025.csv,141305,337789a3ad8a703550744e7d342820c9c9e6b10c42c37251f3e680fa2411826d,MEMBER_OBSERVED_NOT_AUTOMATICALLY_BUSINESS_ENTITY
https://dados.cvm.gov.br/dados/SECURIT/DOC/INF_MENSAL_OTS/DADOS/inf_mensal_ots_2025.zip,inf_mensal_ots_classe_2025.csv,2119681,0008ad90b309768b7bca6c8bec47c87187068f24204d53f2b3e32930b6302d52,MEMBER_OBSERVED_NOT_AUTOMATICALLY_BUSINESS_ENTITY
https://dados.cvm.gov.br/dados/SECURIT/DOC/INF_MENSAL_OTS/DADOS/inf_mensal_ots_2025.zip,inf_mensal_ots_derivativos_2025.csv,671003,bc53045756bcf1b015bf3c2df11b046df1424b9a8ab1b9127d0410ff1a640be1,MEMBER_OBSERVED_NOT_AUTOMATICALLY_BUSINESS_ENTITY
https://dados.cvm.gov.br/dados/SECURIT/DOC/INF_MENSAL_OTS/DADOS/inf_mensal_ots_2025.zip,inf_mensal_ots_desembolso_2025.csv,314863,df127b1688c75ce50e483a2014eabdd704d20ad70c0907671f84aeba0190d0ea,MEMBER_OBSERVED_NOT_AUTOMATICALLY_BUSINESS_ENTITY
https://dados.cvm.gov.br/dados/SECURIT/DOC/INF_MENSAL_OTS/DADOS/inf_mensal_ots_2025.zip,inf_mensal_ots_direitos_creditorios_2025.csv,851558,3ba68bbd6c7ddccb8c44de6fff79b1a76b00a44084c9d5243391d80208866980,MEMBER_OBSERVED_NOT_AUTOMATICALLY_BUSINESS_ENTITY
https://dados.cvm.gov.br/dados/SECURIT/DOC/INF_MENSAL_OTS/DADOS/inf_mensal_ots_2025.zip,inf_mensal_ots_fluxo_caixa_2025.csv,276386,91bd3b8826b255edcf9538d9338a1719d9b417c2092487f44823e87a5b046838,MEMBER_OBSERVED_NOT_AUTOMATICALLY_BUSINESS_ENTITY
https://dados.cvm.gov.br/dados/SECURIT/DOC/INF_MENSAL_OTS/DADOS/inf_mensal_ots_2025.zip,inf_mensal_ots_geral_2025.csv,746353,57e6a5916420d15eb0868734b7c7cfc6d1c208c140f1f704ac9518810495a6e6,MEMBER_OBSERVED_NOT_AUTOMATICALLY_BUSINESS_ENTITY
https://dados.cvm.gov.br/dados/SECURIT/DOC/INF_MENSAL_OTS/DADOS/inf_mensal_ots_2026.zip,inf_mensal_ots_ativo_passivo_2026.csv,548126,c20cfbf45e0e411efde8a3d87a892c1d847207781e4d5f922381a13966ebe60f,MEMBER_OBSERVED_NOT_AUTOMATICALLY_BUSINESS_ENTITY
https://dados.cvm.gov.br/dados/SECURIT/DOC/INF_MENSAL_OTS/DADOS/inf_mensal_ots_2026.zip,inf_mensal_ots_cedente_devedor_2026.csv,139561,84dafb93ebd066371d456409ed2feeaa4c6944a7278be379dfc61264b3fcb9c3,MEMBER_OBSERVED_NOT_AUTOMATICALLY_BUSINESS_ENTITY
https://dados.cvm.gov.br/dados/SECURIT/DOC/INF_MENSAL_OTS/DADOS/inf_mensal_ots_2026.zip,inf_mensal_ots_classe_2026.csv,1955337,82dd5010af04c185cabebfd0cc9f5860dd34fdce42dff3a4a39885b2ea9e962f,MEMBER_OBSERVED_NOT_AUTOMATICALLY_BUSINESS_ENTITY
https://dados.cvm.gov.br/dados/SECURIT/DOC/INF_MENSAL_OTS/DADOS/inf_mensal_ots_2026.zip,inf_mensal_ots_derivativos_2026.csv,688293,39fb52439f3de6bfb8772a4da2fda6cba4a844584a34647376616468caba7409,MEMBER_OBSERVED_NOT_AUTOMATICALLY_BUSINESS_ENTITY
https://dados.cvm.gov.br/dados/SECURIT/DOC/INF_MENSAL_OTS/DADOS/inf_mensal_ots_2026.zip,inf_mensal_ots_desembolso_2026.csv,312280,b60d74b44ddb73b6e216cccefa26e1dd4a579574e1c7a35080060fa167c57ea8,MEMBER_OBSERVED_NOT_AUTOMATICALLY_BUSINESS_ENTITY
https://dados.cvm.gov.br/dados/SECURIT/DOC/INF_MENSAL_OTS/DADOS/inf_mensal_ots_2026.zip,inf_mensal_ots_direitos_creditorios_2026.csv,824095,ef5b0839fb26cffab3303bfa9e60b12a9e2903976b375e3ea540c1cced6a47b3,MEMBER_OBSERVED_NOT_AUTOMATICALLY_BUSINESS_ENTITY
https://dados.cvm.gov.br/dados/SECURIT/DOC/INF_MENSAL_OTS/DADOS/inf_mensal_ots_2026.zip,inf_mensal_ots_fluxo_caixa_2026.csv,275022,e7ff765ec6597a9cc0783d61b59c3d765d8da326114bcdf4fbe995e387493716,MEMBER_OBSERVED_NOT_AUTOMATICALLY_BUSINESS_ENTITY
https://dados.cvm.gov.br/dados/SECURIT/DOC/INF_MENSAL_OTS/DADOS/inf_mensal_ots_2026.zip,inf_mensal_ots_geral_2026.csv,727623,ab3ef17370049a1e3e8210874f523d90afaecfd083335629b7b83193b25f5c15,MEMBER_OBSERVED_NOT_AUTOMATICALLY_BUSINESS_ENTITY
https://dados.cvm.gov.br/dados/SECURIT/DOC/INF_MENSAL_OTS/META/meta_inf_mensal_ots.zip,meta_inf_mensal_ots_ativo_passivo.txt,5252,a0e45285da209d804653a3f2aadf3d8f484495b3443dfc7e451c4f504a774a88,MEMBER_OBSERVED_NOT_AUTOMATICALLY_BUSINESS_ENTITY
https://dados.cvm.gov.br/dados/SECURIT/DOC/INF_MENSAL_OTS/META/meta_inf_mensal_ots.zip,meta_inf_mensal_ots_cedente_devedor.txt,1222,5ca780f4cfd7c8d99155532f605756ecfdab03671d309f1ffa00356ad7dc20a4,MEMBER_OBSERVED_NOT_AUTOMATICALLY_BUSINESS_ENTITY
https://dados.cvm.gov.br/dados/SECURIT/DOC/INF_MENSAL_OTS/META/meta_inf_mensal_ots.zip,meta_inf_mensal_ots_classe.txt,3947,9aa80d7445d790bad4eb7bd76bfe8e358e7d74b6da654d87344cd0749adb325c,MEMBER_OBSERVED_NOT_AUTOMATICALLY_BUSINESS_ENTITY
https://dados.cvm.gov.br/dados/SECURIT/DOC/INF_MENSAL_OTS/META/meta_inf_mensal_ots.zip,meta_inf_mensal_ots_derivativos.txt,3466,0662b247ceea067c123545b142b0953645a84f2b00fcf7d020e8ad21abde9cee,MEMBER_OBSERVED_NOT_AUTOMATICALLY_BUSINESS_ENTITY
https://dados.cvm.gov.br/dados/SECURIT/DOC/INF_MENSAL_OTS/META/meta_inf_mensal_ots.zip,meta_inf_mensal_ots_desembolso.txt,4054,12cb2a261b7a36aa83d1bf236fd6d9a1db56e8d86cade86ddfd363996eb19035,MEMBER_OBSERVED_NOT_AUTOMATICALLY_BUSINESS_ENTITY
https://dados.cvm.gov.br/dados/SECURIT/DOC/INF_MENSAL_OTS/META/meta_inf_mensal_ots.zip,meta_inf_mensal_ots_direitos_creditorios.txt,7504,edb6cdada92e596d61bd9c31c355bc6c808eb79271bd04826971e867819a8538,MEMBER_OBSERVED_NOT_AUTOMATICALLY_BUSINESS_ENTITY
https://dados.cvm.gov.br/dados/SECURIT/DOC/INF_MENSAL_OTS/META/meta_inf_mensal_ots.zip,meta_inf_mensal_ots_fluxo_caixa.txt,3883,c4f9be2ed5a39c90db9cbe7281085cc2b82c36cbec56b13c573c49feeb0f44ff,MEMBER_OBSERVED_NOT_AUTOMATICALLY_BUSINESS_ENTITY
https://dados.cvm.gov.br/dados/SECURIT/DOC/INF_MENSAL_OTS/META/meta_inf_mensal_ots.zip,meta_inf_mensal_ots_geral.txt,6016,1e40a3b86bf939904ad6686913753858579cedd980b98c5a9545bff7e9452948,MEMBER_OBSERVED_NOT_AUTOMATICALLY_BUSINESS_ENTITY
https://guyanastockexchangeinc.com/gse/sec/media/rdl.xlsx,[Content_Types].xml,1296,6504cbf95a0f19df96c98f46e032720f9ea839ba91e22ce2a0a6dc94e088f03f,MEMBER_OBSERVED_NOT_AUTOMATICALLY_BUSINESS_ENTITY
https://guyanastockexchangeinc.com/gse/sec/media/rdl.xlsx,_rels/.rels,588,73e5a29f48d5ab979eeda062493bc7e679265c1344ef936978b8becec5549497,MEMBER_OBSERVED_NOT_AUTOMATICALLY_BUSINESS_ENTITY
https://guyanastockexchangeinc.com/gse/sec/media/rdl.xlsx,xl/workbook.xml,2299,20e87e2230435d163e9b7c44d1ab0d41bb12ee4c01e8ab29135de9b01da1d8c8,MEMBER_OBSERVED_NOT_AUTOMATICALLY_BUSINESS_ENTITY
https://guyanastockexchangeinc.com/gse/sec/media/rdl.xlsx,xl/_rels/workbook.xml.rels,831,371ca5b9d79477a00c2a6f29d90f2c1ee9f14f96a2f931ca6a5943cffa08d7a9,MEMBER_OBSERVED_NOT_AUTOMATICALLY_BUSINESS_ENTITY
https://guyanastockexchangeinc.com/gse/sec/media/rdl.xlsx,xl/worksheets/sheet1.xml,46228,fcc41c2ef852481a4133dbf2041c967ea0ec927580b9b45364545ad814d4cca2,MEMBER_OBSERVED_NOT_AUTOMATICALLY_BUSINESS_ENTITY
https://guyanastockexchangeinc.com/gse/sec/media/rdl.xlsx,xl/theme/theme1.xml,8721,0c8f48efbaa9f9470fd12aea56b8b7f992d43343c84808b46a0d1738ca46c7ab,MEMBER_OBSERVED_NOT_AUTOMATICALLY_BUSINESS_ENTITY
https://guyanastockexchangeinc.com/gse/sec/media/rdl.xlsx,xl/styles.xml,17768,658b8bf8e87b010c5111b9adffd42da24dc4e22ea64086dedcc27ff269d460a2,MEMBER_OBSERVED_NOT_AUTOMATICALLY_BUSINESS_ENTITY
https://guyanastockexchangeinc.com/gse/sec/media/rdl.xlsx,xl/sharedStrings.xml,1445,8a4f26397dce9eb2cdc3c9031548abbd8e41024f2ca04242183370ca3dcd3cc3,MEMBER_OBSERVED_NOT_AUTOMATICALLY_BUSINESS_ENTITY
https://guyanastockexchangeinc.com/gse/sec/media/rdl.xlsx,xl/calcChain.xml,260,da3aeef35e9c6af0f4d149c9d9c9065d049cbe63b7b7dc0c74e1d49416748f80,MEMBER_OBSERVED_NOT_AUTOMATICALLY_BUSINESS_ENTITY
https://guyanastockexchangeinc.com/gse/sec/media/rdl.xlsx,docProps/core.xml,615,726b428ac0e9600faa99824aa33d18bf0fc9b0377d8d6f222f31a7e257c5e450,MEMBER_OBSERVED_NOT_AUTOMATICALLY_BUSINESS_ENTITY
https://guyanastockexchangeinc.com/gse/sec/media/rdl.xlsx,docProps/app.xml,792,925a70dedb4ff46be36eca28bb024529d1d4c3486f595c1e485f9aed6ea6d63c,MEMBER_OBSERVED_NOT_AUTOMATICALLY_BUSINESS_ENTITY
https://www.bdcb.gov.bn/docs/amlcft/inforeporting/UN_Consolidated_List_of_Designated_Individuals_and_Entities_06Aug2026.xlsx,[Content_Types].xml,2183,3268a24c4f9adb7e836a83a7daed489b13e610d96bea50d05f5d03a2db333cf4,MEMBER_OBSERVED_NOT_AUTOMATICALLY_BUSINESS_ENTITY
https://www.bdcb.gov.bn/docs/amlcft/inforeporting/UN_Consolidated_List_of_Designated_Individuals_and_Entities_06Aug2026.xlsx,_rels/.rels,881,0232528331d562bf624eefe3a130075aaeeb8061f35ba77f5fd3e659ae5a61fa,MEMBER_OBSERVED_NOT_AUTOMATICALLY_BUSINESS_ENTITY
https://www.bdcb.gov.bn/docs/amlcft/inforeporting/UN_Consolidated_List_of_Designated_Individuals_and_Entities_06Aug2026.xlsx,xl/workbook.xml,2629,613ddafb7175cf47d9773c4aebf0a47fa004c67c787ee410429dbb03fd005642,MEMBER_OBSERVED_NOT_AUTOMATICALLY_BUSINESS_ENTITY
https://www.bdcb.gov.bn/docs/amlcft/inforeporting/UN_Consolidated_List_of_Designated_Individuals_and_Entities_06Aug2026.xlsx,xl/_rels/workbook.xml.rels,1265,30cb419d42c737389e286a68a0f9ed44e93d2b1a8f7eeda45d2c0372a5bee289,MEMBER_OBSERVED_NOT_AUTOMATICALLY_BUSINESS_ENTITY
https://www.bdcb.gov.bn/docs/amlcft/inforeporting/UN_Consolidated_List_of_Designated_Individuals_and_Entities_06Aug2026.xlsx,xl/worksheets/sheet1.xml,1703019,51c8fa586bdee02eb7fb75aee4a5bbe9954e168e7f9e1fba9c8166559d133354,MEMBER_OBSERVED_NOT_AUTOMATICALLY_BUSINESS_ENTITY
https://www.bdcb.gov.bn/docs/amlcft/inforeporting/UN_Consolidated_List_of_Designated_Individuals_and_Entities_06Aug2026.xlsx,xl/worksheets/sheet2.xml,8161,c998096b9fda35b28de809d94b237d7b14dcf86c04ca232eedcde65fa45088d5,MEMBER_OBSERVED_NOT_AUTOMATICALLY_BUSINESS_ENTITY
https://www.bdcb.gov.bn/docs/amlcft/inforeporting/UN_Consolidated_List_of_Designated_Individuals_and_Entities_06Aug2026.xlsx,xl/theme/theme1.xml,4028,14a4a1112e138ce175d0eed26652d252ccc3566c5a421de0c31e92d72d14ae16,MEMBER_OBSERVED_NOT_AUTOMATICALLY_BUSINESS_ENTITY
https://www.bdcb.gov.bn/docs/amlcft/inforeporting/UN_Consolidated_List_of_Designated_Individuals_and_Entities_06Aug2026.xlsx,xl/styles.xml,32485,8a976df6df0b1db6fb803c9971ff7996111c2b3a4d1d4ec95fc09b82a814ae9b,MEMBER_OBSERVED_NOT_AUTOMATICALLY_BUSINESS_ENTITY
https://www.bdcb.gov.bn/docs/amlcft/inforeporting/UN_Consolidated_List_of_Designated_Individuals_and_Entities_06Aug2026.xlsx,xl/sharedStrings.xml,418042,34b21acc2ecd7432595ca464e9239d916200eee176cdd046445f3472a3139f14,MEMBER_OBSERVED_NOT_AUTOMATICALLY_BUSINESS_ENTITY
https://www.bdcb.gov.bn/docs/amlcft/inforeporting/UN_Consolidated_List_of_Designated_Individuals_and_Entities_06Aug2026.xlsx,xl/worksheets/_rels/sheet1.xml.rels,458,7278090537b94e2da15ea13592e03a77fc42074b866dc43282215321ccdb0054,MEMBER_OBSERVED_NOT_AUTOMATICALLY_BUSINESS_ENTITY
https://www.bdcb.gov.bn/docs/amlcft/inforeporting/UN_Consolidated_List_of_Designated_Individuals_and_Entities_06Aug2026.xlsx,xl/worksheets/_rels/sheet2.xml.rels,322,fe0fffb5ec78558e2b46557177888c220c2b7d2389c24965089ed5618d66be54,MEMBER_OBSERVED_NOT_AUTOMATICALLY_BUSINESS_ENTITY
https://www.bdcb.gov.bn/docs/amlcft/inforeporting/UN_Consolidated_List_of_Designated_Individuals_and_Entities_06Aug2026.xlsx,xl/printerSettings/printerSettings1.bin,5428,28d8ab6f836b89f259834b36805974891568b540a5ebf2664812528c67db35b2,MEMBER_OBSERVED_NOT_AUTOMATICALLY_BUSINESS_ENTITY
https://www.bdcb.gov.bn/docs/amlcft/inforeporting/UN_Consolidated_List_of_Designated_Individuals_and_Entities_06Aug2026.xlsx,xl/tables/table1.xml,2078,9267cd92c96380db4fa3abc0ea5252a3de02ba18056240567f5cff82d4e44d50,MEMBER_OBSERVED_NOT_AUTOMATICALLY_BUSINESS_ENTITY
https://www.bdcb.gov.bn/docs/amlcft/inforeporting/UN_Consolidated_List_of_Designated_Individuals_and_Entities_06Aug2026.xlsx,xl/printerSettings/printerSettings2.bin,11400,45d648be063bc521859e892488e4920f0c67c9eed44be1e7c6d340321efaa824,MEMBER_OBSERVED_NOT_AUTOMATICALLY_BUSINESS_ENTITY
https://www.bdcb.gov.bn/docs/amlcft/inforeporting/UN_Consolidated_List_of_Designated_Individuals_and_Entities_06Aug2026.xlsx,customXml/item1.xml,219,5efcaf9ad70d9c29f406ee438f8f428b021a881d2c5afff0e53b00b1f67ae51e,MEMBER_OBSERVED_NOT_AUTOMATICALLY_BUSINESS_ENTITY
https://www.bdcb.gov.bn/docs/amlcft/inforeporting/UN_Consolidated_List_of_Designated_Individuals_and_Entities_06Aug2026.xlsx,customXml/itemProps1.xml,335,98c7e0ce458e2d8b6f0a2ddb1a8eba63956e8817b7c7a2de5d3c2d33f309ef2e,MEMBER_OBSERVED_NOT_AUTOMATICALLY_BUSINESS_ENTITY
https://www.bdcb.gov.bn/docs/amlcft/inforeporting/UN_Consolidated_List_of_Designated_Individuals_and_Entities_06Aug2026.xlsx,customXml/item2.xml,587,89a95658997d1f9c664079abf9de10c47ccf054768f9bb823a31630f60e7632a,MEMBER_OBSERVED_NOT_AUTOMATICALLY_BUSINESS_ENTITY
https://www.bdcb.gov.bn/docs/amlcft/inforeporting/UN_Consolidated_List_of_Designated_Individuals_and_Entities_06Aug2026.xlsx,customXml/itemProps2.xml,1021,6b67db5c9ba40842860c3ab84668265cd8339e8c0c74f7dc87ddc49637c8ee67,MEMBER_OBSERVED_NOT_AUTOMATICALLY_BUSINESS_ENTITY
https://www.bdcb.gov.bn/docs/amlcft/inforeporting/UN_Consolidated_List_of_Designated_Individuals_and_Entities_06Aug2026.xlsx,customXml/item3.xml,12046,fbaa3ff4adc9d9f475135c214cca9cc8cf923a817a49ca31d37a7718d2c346a1,MEMBER_OBSERVED_NOT_AUTOMATICALLY_BUSINESS_ENTITY
https://www.bdcb.gov.bn/docs/amlcft/inforeporting/UN_Consolidated_List_of_Designated_Individuals_and_Entities_06Aug2026.xlsx,customXml/itemProps3.xml,201,835f80be3d6eaa4ba7de2a2ebc27bc46793055d7699914c30eb8c8db74545f2c,MEMBER_OBSERVED_NOT_AUTOMATICALLY_BUSINESS_ENTITY
https://www.bdcb.gov.bn/docs/amlcft/inforeporting/UN_Consolidated_List_of_Designated_Individuals_and_Entities_06Aug2026.xlsx,docMetadata/LabelInfo.xml,307,e143f8156d74576d78db1b18f03511053cd7807e01a27cbcdaa8b97f8f4040d8,MEMBER_OBSERVED_NOT_AUTOMATICALLY_BUSINESS_ENTITY
https://www.bdcb.gov.bn/docs/amlcft/inforeporting/UN_Consolidated_List_of_Designated_Individuals_and_Entities_06Aug2026.xlsx,docProps/core.xml,851,b58ab452f032f1cb113af5419d60362036ef9c686ff5b972b1d67508b043bb73,MEMBER_OBSERVED_NOT_AUTOMATICALLY_BUSINESS_ENTITY
https://www.bdcb.gov.bn/docs/amlcft/inforeporting/UN_Consolidated_List_of_Designated_Individuals_and_Entities_06Aug2026.xlsx,docProps/app.xml,1117,cfeb7874e5a8227dc0befa9c8204c0dcbb4b742f106ee208a6668f53356227d0,MEMBER_OBSERVED_NOT_AUTOMATICALLY_BUSINESS_ENTITY
https://www.bdcb.gov.bn/docs/amlcft/inforeporting/UN_Consolidated_List_of_Designated_Individuals_and_Entities_06Aug2026.xlsx,docProps/custom.xml,530,e55e3b7e0a2bacd04f1e4781e5a93f08fbc018638d807ac88a1be70052d04c18,MEMBER_OBSERVED_NOT_AUTOMATICALLY_BUSINESS_ENTITY
https://www.bdcb.gov.bn/docs/amlcft/inforeporting/UN_Consolidated_List_of_Designated_Individuals_and_Entities_06Aug2026.xlsx,customXml/_rels/item1.xml.rels,296,80482f86e196171d66001e0e74d1900408a3aaf2463e54005d251b5f2db9a0b0,MEMBER_OBSERVED_NOT_AUTOMATICALLY_BUSINESS_ENTITY
https://www.bdcb.gov.bn/docs/amlcft/inforeporting/UN_Consolidated_List_of_Designated_Individuals_and_Entities_06Aug2026.xlsx,customXml/_rels/item2.xml.rels,296,2a6aee4c8a9714223a3568077411a0c82d11b484b1c9ab93a19d50b99c57baa5,MEMBER_OBSERVED_NOT_AUTOMATICALLY_BUSINESS_ENTITY
https://www.bdcb.gov.bn/docs/amlcft/inforeporting/UN_Consolidated_List_of_Designated_Individuals_and_Entities_06Aug2026.xlsx,customXml/_rels/item3.xml.rels,296,3aa4054f7f463c6d441102c960783aa7f937d6945a0a885b624a66aafaeedb6c,MEMBER_OBSERVED_NOT_AUTOMATICALLY_BUSINESS_ENTITY
https://www.icexindia.com/docs/default-source/default-document-library/membership-gst-registration-format.xlsx?sfvrsn=abf66d0f_2,[Content_Types].xml,1556,3cb4c7c9de0df8fbe88454622b9bf9399b352d12338a53eac1bdf527fd0448f9,MEMBER_OBSERVED_NOT_AUTOMATICALLY_BUSINESS_ENTITY
https://www.icexindia.com/docs/default-source/default-document-library/membership-gst-registration-format.xlsx?sfvrsn=abf66d0f_2,_rels/.rels,588,73e5a29f48d5ab979eeda062493bc7e679265c1344ef936978b8becec5549497,MEMBER_OBSERVED_NOT_AUTOMATICALLY_BUSINESS_ENTITY
https://www.icexindia.com/docs/default-source/default-document-library/membership-gst-registration-format.xlsx?sfvrsn=abf66d0f_2,xl/_rels/workbook.xml.rels,980,24612fb23445b0b316a33b6bfc513e887916020d875f6b64b7a48f56a21e5fb2,MEMBER_OBSERVED_NOT_AUTOMATICALLY_BUSINESS_ENTITY
https://www.icexindia.com/docs/default-source/default-document-library/membership-gst-registration-format.xlsx?sfvrsn=abf66d0f_2,xl/workbook.xml,625,fa67e383b4893572d345bb53a3f1264c9ac10f92a221e88480700dee65f5957a,MEMBER_OBSERVED_NOT_AUTOMATICALLY_BUSINESS_ENTITY
https://www.icexindia.com/docs/default-source/default-document-library/membership-gst-registration-format.xlsx?sfvrsn=abf66d0f_2,xl/theme/theme1.xml,7079,ea7678093691b7c2abe37d2fef425965934a555414fcf9c0a176d986ae578d87,MEMBER_OBSERVED_NOT_AUTOMATICALLY_BUSINESS_ENTITY
https://www.icexindia.com/docs/default-source/default-document-library/membership-gst-registration-format.xlsx?sfvrsn=abf66d0f_2,xl/worksheets/_rels/sheet1.xml.rels,322,65cefb6727e21f882eb83bb6c10370afa59aafda7f007f531df0c30026dc4684,MEMBER_OBSERVED_NOT_AUTOMATICALLY_BUSINESS_ENTITY
https://www.icexindia.com/docs/default-source/default-document-library/membership-gst-registration-format.xlsx?sfvrsn=abf66d0f_2,xl/worksheets/sheet2.xml,628,3aaec863906ad81c73cbacd5caaddb8797bd83a8a8df13df5daa9576b66817b7,MEMBER_OBSERVED_NOT_AUTOMATICALLY_BUSINESS_ENTITY
https://www.icexindia.com/docs/default-source/default-document-library/membership-gst-registration-format.xlsx?sfvrsn=abf66d0f_2,xl/worksheets/sheet3.xml,628,3aaec863906ad81c73cbacd5caaddb8797bd83a8a8df13df5daa9576b66817b7,MEMBER_OBSERVED_NOT_AUTOMATICALLY_BUSINESS_ENTITY
https://www.icexindia.com/docs/default-source/default-document-library/membership-gst-registration-format.xlsx?sfvrsn=abf66d0f_2,xl/worksheets/sheet1.xml,1745,23ea184452ac4bafe7e4cb46f05227cc0c07de4b9260c989984b9228d838d98e,MEMBER_OBSERVED_NOT_AUTOMATICALLY_BUSINESS_ENTITY
https://www.icexindia.com/docs/default-source/default-document-library/membership-gst-registration-format.xlsx?sfvrsn=abf66d0f_2,xl/sharedStrings.xml,532,71d1f9005d8c5283e8c73fd8373afc1c6bede2a755aec6a83b35e6394542e3e7,MEMBER_OBSERVED_NOT_AUTOMATICALLY_BUSINESS_ENTITY
https://www.icexindia.com/docs/default-source/default-document-library/membership-gst-registration-format.xlsx?sfvrsn=abf66d0f_2,xl/styles.xml,2149,cfd43a39fef4eddf75d35541c6a9eaabce557c3256a1be63eb3e65ff5b47b835,MEMBER_OBSERVED_NOT_AUTOMATICALLY_BUSINESS_ENTITY
https://www.icexindia.com/docs/default-source/default-document-library/membership-gst-registration-format.xlsx?sfvrsn=abf66d0f_2,docProps/app.xml,820,7b4f46cc8828e08dd59ae22b68dff4701fceab18515909908eeb707016711f47,MEMBER_OBSERVED_NOT_AUTOMATICALLY_BUSINESS_ENTITY
https://www.icexindia.com/docs/default-source/default-document-library/membership-gst-registration-format.xlsx?sfvrsn=abf66d0f_2,xl/printerSettings/printerSettings1.bin,8576,04edaee00aa7239b46a1e5e7da79848a412d8dcfcc50d4c0963aec79efae1677,MEMBER_OBSERVED_NOT_AUTOMATICALLY_BUSINESS_ENTITY
https://www.icexindia.com/docs/default-source/default-document-library/membership-gst-registration-format.xlsx?sfvrsn=abf66d0f_2,docProps/core.xml,625,973a47b867a8009ffc2c19752def252d87618676d11b0145e574059902a3e2fc,MEMBER_OBSERVED_NOT_AUTOMATICALLY_BUSINESS_ENTITY
https://www.traditionsef.com/assets/documents/Authorized-Trader-and-Customer-Contacts-List.xlsx,[Content_Types].xml,1548,560559e61e094050cefaf5d76ce32185fcfa607536d5b2fba2a2bfec86fb0d5d,MEMBER_OBSERVED_NOT_AUTOMATICALLY_BUSINESS_ENTITY
https://www.traditionsef.com/assets/documents/Authorized-Trader-and-Customer-Contacts-List.xlsx,_rels/.rels,588,73e5a29f48d5ab979eeda062493bc7e679265c1344ef936978b8becec5549497,MEMBER_OBSERVED_NOT_AUTOMATICALLY_BUSINESS_ENTITY
https://www.traditionsef.com/assets/documents/Authorized-Trader-and-Customer-Contacts-List.xlsx,xl/_rels/workbook.xml.rels,972,cdfadfc3644446f546a1e23248eaa72a0f11d256d49678b775947450308e2c0f,MEMBER_OBSERVED_NOT_AUTOMATICALLY_BUSINESS_ENTITY
https://www.traditionsef.com/assets/documents/Authorized-Trader-and-Customer-Contacts-List.xlsx,xl/workbook.xml,597,1ea7b7421f02d869e18f7c3cb04b90c426048320e6a0a53927890ffbb6f78686,MEMBER_OBSERVED_NOT_AUTOMATICALLY_BUSINESS_ENTITY
https://www.traditionsef.com/assets/documents/Authorized-Trader-and-Customer-Contacts-List.xlsx,xl/styles.xml,3623,c3869f92b288fe092ebeec30ed9ad6c2cd86a54b560f0747e4490f5974a9cc36,MEMBER_OBSERVED_NOT_AUTOMATICALLY_BUSINESS_ENTITY
https://www.traditionsef.com/assets/documents/Authorized-Trader-and-Customer-Contacts-List.xlsx,xl/worksheets/_rels/sheet2.xml.rels,322,fe0fffb5ec78558e2b46557177888c220c2b7d2389c24965089ed5618d66be54,MEMBER_OBSERVED_NOT_AUTOMATICALLY_BUSINESS_ENTITY
https://www.traditionsef.com/assets/documents/Authorized-Trader-and-Customer-Contacts-List.xlsx,xl/worksheets/_rels/sheet1.xml.rels,322,65cefb6727e21f882eb83bb6c10370afa59aafda7f007f531df0c30026dc4684,MEMBER_OBSERVED_NOT_AUTOMATICALLY_BUSINESS_ENTITY
https://www.traditionsef.com/assets/documents/Authorized-Trader-and-Customer-Contacts-List.xlsx,xl/worksheets/sheet2.xml,20219,a72dd7115ad9fb142de8861178e41cee224077feaf99d8bde85323a112ab3d05,MEMBER_OBSERVED_NOT_AUTOMATICALLY_BUSINESS_ENTITY
https://www.traditionsef.com/assets/documents/Authorized-Trader-and-Customer-Contacts-List.xlsx,xl/theme/theme1.xml,7079,ea7678093691b7c2abe37d2fef425965934a555414fcf9c0a176d986ae578d87,MEMBER_OBSERVED_NOT_AUTOMATICALLY_BUSINESS_ENTITY
https://www.traditionsef.com/assets/documents/Authorized-Trader-and-Customer-Contacts-List.xlsx,xl/worksheets/sheet1.xml,1628,599a9a8a9cefaf177def54b3dc4a04e437ec5828e430ec16a128fbd13156cb34,MEMBER_OBSERVED_NOT_AUTOMATICALLY_BUSINESS_ENTITY
https://www.traditionsef.com/assets/documents/Authorized-Trader-and-Customer-Contacts-List.xlsx,xl/sharedStrings.xml,2839,9d31bc8fbe4dccd829debdff0b4ff5f3f4c4f6a306c91f56f0f8377dfd920b37,MEMBER_OBSERVED_NOT_AUTOMATICALLY_BUSINESS_ENTITY
https://www.traditionsef.com/assets/documents/Authorized-Trader-and-Customer-Contacts-List.xlsx,docProps/app.xml,839,9c6338686adf1a2733b8ea50430fbc9569c39290b654292152a2e8f78953cb62,MEMBER_OBSERVED_NOT_AUTOMATICALLY_BUSINESS_ENTITY
https://www.traditionsef.com/assets/documents/Authorized-Trader-and-Customer-Contacts-List.xlsx,xl/printerSettings/printerSettings1.bin,7856,f07bc41fbd213f54aa2ff6cca3d3aca4c4f1e54319e1af2d70cfbee33ec1a49b,MEMBER_OBSERVED_NOT_AUTOMATICALLY_BUSINESS_ENTITY
https://www.traditionsef.com/assets/documents/Authorized-Trader-and-Customer-Contacts-List.xlsx,xl/printerSettings/printerSettings2.bin,4088,aa4800404c7239338f9ecbd88b37743e059e48ae5c4c2dff353cf1fca7e7a81b,MEMBER_OBSERVED_NOT_AUTOMATICALLY_BUSINESS_ENTITY
https://www.traditionsef.com/assets/documents/Authorized-Trader-and-Customer-Contacts-List.xlsx,xl/calcChain.xml,288,9292138eb2a4c2c65684079e94ea5c3604839fbfd3d87fe05747b9e0e3b6b15e,MEMBER_OBSERVED_NOT_AUTOMATICALLY_BUSINESS_ENTITY
https://www.traditionsef.com/assets/documents/Authorized-Trader-and-Customer-Contacts-List.xlsx,docProps/core.xml,672,64da1c82c1067a50c90863d0e4b406095fc64970e70b72cde01bfe760a2effc5,MEMBER_OBSERVED_NOT_AUTOMATICALLY_BUSINESS_ENTITY
